row_index,image_id,true_label,true_class,VGG_pred,VGG_conf,VGG_ptrue,VGG_error,ResNet_pred,ResNet_conf,ResNet_ptrue,ResNet_error,EffNet_pred,EffNet_conf,EffNet_ptrue,EffNet_error,n_wrong,category,wrong_set,mean_conf,min_conf,conf_range,mean_ptrue,min_ptrue,mean_conf_wrong_models,mean_ptrue_wrong_models,n_unique_preds,agreement_level,vote_entropy_bits,jsd_bits,unanimous_outcome
0,0,0,glioma,1,0.47705078125,0.216796875,1,3,0.60498046875,0.1993408203125,1,0,0.552734375,0.552734375,0,2,two_model_failures,VGG+ResNet,0.544921875,0.47705078125,0.1279296875,0.3229573567708333,0.1993408203125,0.541015625,0.20806884765625,3,split_1_1_1,1.584962500721156,0.29123909327813036,disagreement
1,1,0,glioma,0,1.0,1.0,0,0,1.0,1.0,0,0,1.0,1.0,0,0,correct_all,none,1.0,1.0,0.0,1.0,1.0,,,1,unanimous,-0.0,8.866964193383984e-05,unanimous_correct
2,2,0,glioma,0,1.0,1.0,0,0,1.0,1.0,0,0,0.994140625,0.994140625,0,0,correct_all,none,0.998046875,0.994140625,0.005859375,0.998046875,0.994140625,,,1,unanimous,-0.0,0.0029760474613073247,unanimous_correct
3,3,0,glioma,3,0.82763671875,0.04705810546875,1,0,0.9892578125,0.9892578125,0,0,0.60693359375,0.60693359375,0,1,one_model_failure,VGG,0.8079427083333334,0.60693359375,0.38232421875,0.5477498372395834,0.04705810546875,0.82763671875,0.04705810546875,2,split_2_1,0.9182958340544896,0.7740888772973681,disagreement
4,4,0,glioma,0,0.7880859375,0.7880859375,0,0,0.990234375,0.990234375,0,3,0.6875,0.11334228515625,1,1,one_model_failure,EffNet,0.8219401041666666,0.6875,0.302734375,0.63055419921875,0.11334228515625,0.6875,0.11334228515625,2,split_2_1,0.9182958340544896,0.5952559246083863,disagreement
5,5,0,glioma,0,0.96337890625,0.96337890625,0,2,0.9853515625,0.0076446533203125,1,1,0.9541015625,0.00745391845703125,1,2,two_model_failures,ResNet+EffNet,0.9676106770833334,0.9541015625,0.03125,0.32615915934244794,0.00745391845703125,0.9697265625,0.007549285888671875,3,split_1_1_1,1.584962500721156,1.364954794491932,disagreement
6,6,0,glioma,0,0.96044921875,0.96044921875,0,0,0.99609375,0.99609375,0,1,0.50634765625,0.48583984375,1,1,one_model_failure,EffNet,0.8209635416666666,0.50634765625,0.48974609375,0.8141276041666666,0.48583984375,0.50634765625,0.48583984375,2,split_2_1,0.9182958340544896,0.2680840024956973,disagreement
7,7,0,glioma,0,1.0,1.0,0,0,1.0,1.0,0,0,1.0,1.0,0,0,correct_all,none,1.0,1.0,0.0,1.0,1.0,,,1,unanimous,-0.0,0.00011730829237843006,unanimous_correct
8,8,0,glioma,1,0.9951171875,4.76837158203125e-06,1,1,0.97998046875,1.3709068298339844e-06,1,1,0.716796875,0.004825592041015625,1,3,shared_failure,VGG+ResNet+EffNet,0.8972981770833334,0.716796875,0.2783203125,0.00161057710647583,1.3709068298339844e-06,0.8972981770833334,0.00161057710647583,1,unanimous,-0.0,0.12951976848272578,unanimous_wrong
9,9,0,glioma,0,1.0,1.0,0,0,1.0,1.0,0,0,0.9658203125,0.9658203125,0,0,correct_all,none,0.9886067708333334,0.9658203125,0.0341796875,0.9886067708333334,0.9658203125,,,1,unanimous,-0.0,0.017700313967883588,unanimous_correct
10,10,0,glioma,0,0.9912109375,0.9912109375,0,0,0.998046875,0.998046875,0,0,0.9970703125,0.9970703125,0,0,correct_all,none,0.9954427083333334,0.9912109375,0.0068359375,0.9954427083333334,0.9912109375,,,1,unanimous,-0.0,0.0030139535214032537,unanimous_correct
11,11,0,glioma,1,0.97705078125,1.1920928955078125e-07,1,1,0.9990234375,0.0,1,1,0.98193359375,0.01346588134765625,1,3,shared_failure,VGG+ResNet+EffNet,0.9860026041666666,0.97705078125,0.02197265625,0.004488666852315267,0.0,0.9860026041666666,0.004488666852315267,1,unanimous,-0.0,0.014111147077871533,unanimous_wrong
12,12,0,glioma,0,1.0,1.0,0,0,1.0,1.0,0,0,0.9990234375,0.9990234375,0,0,correct_all,none,0.9996744791666666,0.9990234375,0.0009765625,0.9996744791666666,0.9990234375,,,1,unanimous,-0.0,0.00027287558912207936,unanimous_correct
13,13,0,glioma,1,0.54638671875,0.453125,1,0,0.98388671875,0.98388671875,0,0,0.75,0.75,0,1,one_model_failure,VGG,0.7600911458333334,0.54638671875,0.4375,0.72900390625,0.453125,0.54638671875,0.453125,2,split_2_1,0.9182958340544896,0.20170215015311954,disagreement
14,14,0,glioma,0,1.0,1.0,0,0,1.0,1.0,0,0,1.0,1.0,0,0,correct_all,none,1.0,1.0,0.0,1.0,1.0,,,1,unanimous,-0.0,6.330199539424488e-05,unanimous_correct
15,15,0,glioma,0,1.0,1.0,0,0,0.9990234375,0.9990234375,0,0,0.99609375,0.99609375,0,0,correct_all,none,0.9983723958333334,0.99609375,0.00390625,0.9983723958333334,0.99609375,,,1,unanimous,-0.0,0.0014123934327255096,unanimous_correct
16,16,0,glioma,0,0.99609375,0.99609375,0,0,0.97412109375,0.97412109375,0,0,0.994140625,0.994140625,0,0,correct_all,none,0.9881184895833334,0.97412109375,0.02197265625,0.9881184895833334,0.97412109375,,,1,unanimous,-0.0,0.006783115654269284,unanimous_correct
17,17,0,glioma,0,1.0,1.0,0,0,0.986328125,0.986328125,0,0,0.9990234375,0.9990234375,0,0,correct_all,none,0.9951171875,0.986328125,0.013671875,0.9951171875,0.986328125,,,1,unanimous,-0.0,0.005042659674389438,unanimous_correct
18,18,0,glioma,1,0.7001953125,0.003025054931640625,1,1,0.7373046875,0.055755615234375,1,1,0.46240234375,0.078369140625,1,3,shared_failure,VGG+ResNet+EffNet,0.63330078125,0.46240234375,0.27490234375,0.04571660359700521,0.003025054931640625,0.63330078125,0.04571660359700521,1,unanimous,-0.0,0.06701229711502066,unanimous_wrong
19,19,0,glioma,0,1.0,1.0,0,0,1.0,1.0,0,0,0.94970703125,0.94970703125,0,0,correct_all,none,0.9832356770833334,0.94970703125,0.05029296875,0.9832356770833334,0.94970703125,,,1,unanimous,-0.0,0.026996645907317415,unanimous_correct
20,20,0,glioma,0,1.0,1.0,0,0,1.0,1.0,0,0,1.0,1.0,0,0,correct_all,none,1.0,1.0,0.0,1.0,1.0,,,1,unanimous,-0.0,0.00013547771854837917,unanimous_correct
21,21,0,glioma,0,1.0,1.0,0,0,1.0,1.0,0,0,0.998046875,0.998046875,0,0,correct_all,none,0.9993489583333334,0.998046875,0.001953125,0.9993489583333334,0.998046875,,,1,unanimous,-0.0,0.0007853699233612644,unanimous_correct
22,22,0,glioma,0,0.994140625,0.994140625,0,1,0.5625,0.437255859375,1,0,0.8974609375,0.8974609375,0,1,one_model_failure,ResNet,0.8180338541666666,0.5625,0.431640625,0.7762858072916666,0.437255859375,0.5625,0.437255859375,2,split_2_1,0.9182958340544896,0.2605327702563015,disagreement
23,23,0,glioma,0,1.0,1.0,0,0,1.0,1.0,0,0,0.9951171875,0.9951171875,0,0,correct_all,none,0.9983723958333334,0.9951171875,0.0048828125,0.9983723958333334,0.9951171875,,,1,unanimous,-0.0,0.0022646343084102363,unanimous_correct
24,24,0,glioma,0,1.0,1.0,0,0,1.0,1.0,0,0,0.97802734375,0.97802734375,0,0,correct_all,none,0.99267578125,0.97802734375,0.02197265625,0.99267578125,0.97802734375,,,1,unanimous,-0.0,0.011503272564784686,unanimous_correct
25,25,0,glioma,0,0.970703125,0.970703125,0,0,0.9970703125,0.9970703125,0,0,0.7802734375,0.7802734375,0,0,correct_all,none,0.916015625,0.7802734375,0.216796875,0.916015625,0.7802734375,,,1,unanimous,-0.0,0.093973985115898,unanimous_correct
26,26,0,glioma,0,1.0,1.0,0,0,1.0,1.0,0,0,1.0,1.0,0,0,correct_all,none,1.0,1.0,0.0,1.0,1.0,,,1,unanimous,-0.0,0.00020855833642860087,unanimous_correct
27,27,0,glioma,0,1.0,1.0,0,0,1.0,1.0,0,0,0.9931640625,0.9931640625,0,0,correct_all,none,0.9977213541666666,0.9931640625,0.0068359375,0.9977213541666666,0.9931640625,,,1,unanimous,-0.0,0.0034536494530674026,unanimous_correct
28,28,0,glioma,0,1.0,1.0,0,0,1.0,1.0,0,0,0.97265625,0.97265625,0,0,correct_all,none,0.9908854166666666,0.97265625,0.02734375,0.9908854166666666,0.97265625,,,1,unanimous,-0.0,0.014646408932403598,unanimous_correct
29,29,0,glioma,0,0.93115234375,0.93115234375,0,0,0.98095703125,0.98095703125,0,1,0.5732421875,0.4091796875,1,1,one_model_failure,EffNet,0.8284505208333334,0.5732421875,0.40771484375,0.7737630208333334,0.4091796875,0.5732421875,0.4091796875,2,split_2_1,0.9182958340544896,0.34031261826446857,disagreement
30,30,0,glioma,1,0.63134765625,1.1920928955078125e-07,1,1,0.96044921875,0.003437042236328125,1,1,0.6708984375,0.002239227294921875,1,3,shared_failure,VGG+ResNet+EffNet,0.7542317708333334,0.63134765625,0.3291015625,0.0018921295801798503,1.1920928955078125e-07,0.7542317708333334,0.0018921295801798503,1,unanimous,-0.0,0.10743722037069492,unanimous_wrong
31,31,0,glioma,0,1.0,1.0,0,0,1.0,1.0,0,0,1.0,1.0,0,0,correct_all,none,1.0,1.0,0.0,1.0,1.0,,,1,unanimous,-0.0,2.584551909085264e-05,unanimous_correct
32,32,0,glioma,0,1.0,1.0,0,0,1.0,1.0,0,0,0.9951171875,0.9951171875,0,0,correct_all,none,0.9983723958333334,0.9951171875,0.0048828125,0.9983723958333334,0.9951171875,,,1,unanimous,-0.0,0.0023786665191437347,unanimous_correct
33,33,0,glioma,2,0.970703125,5.960464477539063e-08,1,1,0.9892578125,0.0,1,2,0.66015625,0.0638427734375,1,3,shared_failure,VGG+ResNet+EffNet,0.8733723958333334,0.66015625,0.3291015625,0.021280944347381592,0.0,0.8733723958333334,0.021280944347381592,2,split_2_1,0.9182958340544896,0.6377423696334144,disagreement
34,34,0,glioma,0,1.0,1.0,0,0,1.0,1.0,0,0,0.9990234375,0.9990234375,0,0,correct_all,none,0.9996744791666666,0.9990234375,0.0009765625,0.9996744791666666,0.9990234375,,,1,unanimous,-0.0,0.00039355009149562303,unanimous_correct
35,35,0,glioma,0,0.97998046875,0.97998046875,0,0,0.8798828125,0.8798828125,0,0,0.966796875,0.966796875,0,0,correct_all,none,0.9422200520833334,0.8798828125,0.10009765625,0.9422200520833334,0.8798828125,,,1,unanimous,-0.0,0.027637497270672773,unanimous_correct
36,36,0,glioma,0,0.9990234375,0.9990234375,0,0,1.0,1.0,0,0,0.9375,0.9375,0,0,correct_all,none,0.9788411458333334,0.9375,0.0625,0.9788411458333334,0.9375,,,1,unanimous,-0.0,0.03174231133054345,unanimous_correct
37,37,0,glioma,0,1.0,1.0,0,0,1.0,1.0,0,0,0.9990234375,0.9990234375,0,0,correct_all,none,0.9996744791666666,0.9990234375,0.0009765625,0.9996744791666666,0.9990234375,,,1,unanimous,-0.0,0.0006509260486789034,unanimous_correct
38,38,0,glioma,1,0.62939453125,0.0,1,2,0.99609375,1.3113021850585938e-06,1,2,0.38037109375,0.2308349609375,1,3,shared_failure,VGG+ResNet+EffNet,0.6686197916666666,0.38037109375,0.61572265625,0.07694542407989502,0.0,0.6686197916666666,0.07694542407989502,2,split_2_1,0.9182958340544896,0.4440208875404772,disagreement
39,39,0,glioma,0,0.990234375,0.990234375,0,0,1.0,1.0,0,0,0.9970703125,0.9970703125,0,0,correct_all,none,0.9957682291666666,0.990234375,0.009765625,0.9957682291666666,0.990234375,,,1,unanimous,-0.0,0.003490573449288048,unanimous_correct
40,40,0,glioma,0,0.97705078125,0.97705078125,0,0,0.9990234375,0.9990234375,0,0,0.97802734375,0.97802734375,0,0,correct_all,none,0.9847005208333334,0.97705078125,0.02197265625,0.9847005208333334,0.97705078125,,,1,unanimous,-0.0,0.007571427686484958,unanimous_correct
41,41,0,glioma,0,1.0,1.0,0,0,0.9990234375,0.9990234375,0,0,0.9970703125,0.9970703125,0,0,correct_all,none,0.9986979166666666,0.9970703125,0.0029296875,0.9986979166666666,0.9970703125,,,1,unanimous,-0.0,0.0009911953980194475,unanimous_correct
42,42,0,glioma,0,0.998046875,0.998046875,0,0,1.0,1.0,0,0,0.9990234375,0.9990234375,0,0,correct_all,none,0.9990234375,0.998046875,0.001953125,0.9990234375,0.998046875,,,1,unanimous,-0.0,0.0012166476523477535,unanimous_correct
43,43,0,glioma,0,0.8310546875,0.8310546875,0,0,0.97607421875,0.97607421875,0,1,0.80908203125,0.19091796875,1,1,one_model_failure,EffNet,0.8720703125,0.80908203125,0.1669921875,0.666015625,0.19091796875,0.80908203125,0.19091796875,2,split_2_1,0.9182958340544896,0.4120239439726763,disagreement
44,44,0,glioma,0,1.0,1.0,0,0,1.0,1.0,0,0,0.9912109375,0.9912109375,0,0,correct_all,none,0.9970703125,0.9912109375,0.0087890625,0.9970703125,0.9912109375,,,1,unanimous,-0.0,0.004442868516445413,unanimous_correct
45,45,0,glioma,0,0.9462890625,0.9462890625,0,0,0.98193359375,0.98193359375,0,0,0.8662109375,0.8662109375,0,0,correct_all,none,0.9314778645833334,0.8662109375,0.11572265625,0.9314778645833334,0.8662109375,,,1,unanimous,-0.0,0.0266887999726107,unanimous_correct
46,46,0,glioma,1,1.0,0.0001442432403564453,1,1,0.8359375,0.036224365234375,1,1,0.63232421875,0.165771484375,1,3,shared_failure,VGG+ResNet+EffNet,0.82275390625,0.63232421875,0.36767578125,0.06738003094991048,0.0001442432403564453,0.82275390625,0.06738003094991048,1,unanimous,-0.0,0.14950084626149318,unanimous_wrong
47,47,0,glioma,0,1.0,1.0,0,0,1.0,1.0,0,0,1.0,1.0,0,0,correct_all,none,1.0,1.0,0.0,1.0,1.0,,,1,unanimous,-0.0,4.0998831747533196e-05,unanimous_correct
48,48,0,glioma,0,1.0,1.0,0,0,1.0,1.0,0,0,0.98095703125,0.98095703125,0,0,correct_all,none,0.99365234375,0.98095703125,0.01904296875,0.99365234375,0.98095703125,,,1,unanimous,-0.0,0.010182095817812167,unanimous_correct
49,49,0,glioma,2,0.6708984375,0.1214599609375,1,2,0.78125,0.2080078125,1,2,0.5947265625,0.28564453125,1,3,shared_failure,VGG+ResNet+EffNet,0.6822916666666666,0.5947265625,0.1865234375,0.20503743489583334,0.1214599609375,0.6822916666666666,0.20503743489583334,1,unanimous,-0.0,0.07659834167176283,unanimous_wrong
50,50,0,glioma,0,0.98291015625,0.98291015625,0,0,0.56591796875,0.56591796875,0,2,0.88037109375,0.03179931640625,1,1,one_model_failure,EffNet,0.8097330729166666,0.56591796875,0.4169921875,0.5268758138020834,0.03179931640625,0.88037109375,0.03179931640625,2,split_2_1,0.9182958340544896,0.6102020974353738,disagreement
51,51,0,glioma,0,1.0,1.0,0,0,1.0,1.0,0,0,1.0,1.0,0,0,correct_all,none,1.0,1.0,0.0,1.0,1.0,,,1,unanimous,-0.0,0.00012472106145825466,unanimous_correct
52,52,0,glioma,0,0.9873046875,0.9873046875,0,0,1.0,1.0,0,0,0.9951171875,0.9951171875,0,0,correct_all,none,0.994140625,0.9873046875,0.0126953125,0.994140625,0.9873046875,,,1,unanimous,-0.0,0.0038407502333130186,unanimous_correct
53,53,0,glioma,0,1.0,1.0,0,0,1.0,1.0,0,0,0.9404296875,0.9404296875,0,0,correct_all,none,0.9801432291666666,0.9404296875,0.0595703125,0.9801432291666666,0.9404296875,,,1,unanimous,-0.0,0.031404027180382946,unanimous_correct
54,54,0,glioma,0,0.9990234375,0.9990234375,0,0,1.0,1.0,0,0,0.9921875,0.9921875,0,0,correct_all,none,0.9970703125,0.9921875,0.0078125,0.9970703125,0.9921875,,,1,unanimous,-0.0,0.0026748797668221073,unanimous_correct
55,55,0,glioma,0,0.9912109375,0.9912109375,0,0,1.0,1.0,0,1,0.5263671875,0.47021484375,1,1,one_model_failure,EffNet,0.8391927083333334,0.5263671875,0.4736328125,0.8204752604166666,0.47021484375,0.5263671875,0.47021484375,2,split_2_1,0.9182958340544896,0.32153397841512643,disagreement
56,56,0,glioma,1,0.9677734375,0.0007910728454589844,1,1,0.97900390625,0.0169677734375,1,1,0.8642578125,0.07177734375,1,3,shared_failure,VGG+ResNet+EffNet,0.93701171875,0.8642578125,0.11474609375,0.029845396677652996,0.0007910728454589844,0.93701171875,0.029845396677652996,1,unanimous,-0.0,0.046986755711344697,unanimous_wrong
57,57,0,glioma,0,1.0,1.0,0,0,1.0,1.0,0,0,0.896484375,0.896484375,0,0,correct_all,none,0.9654947916666666,0.896484375,0.103515625,0.9654947916666666,0.896484375,,,1,unanimous,-0.0,0.05615945891367066,unanimous_correct
58,58,0,glioma,1,0.9990234375,0.0,1,1,0.994140625,0.0009031295776367188,1,1,0.7392578125,0.005100250244140625,1,3,shared_failure,VGG+ResNet+EffNet,0.9108072916666666,0.7392578125,0.259765625,0.0020011266072591147,0.0,0.9108072916666666,0.0020011266072591147,1,unanimous,-0.0,0.14607284272984378,unanimous_wrong
59,59,0,glioma,0,1.0,1.0,0,0,1.0,1.0,0,0,1.0,1.0,0,0,correct_all,none,1.0,1.0,0.0,1.0,1.0,,,1,unanimous,-0.0,0.0002324222264369893,unanimous_correct
60,60,0,glioma,0,0.8974609375,0.8974609375,0,0,1.0,1.0,0,1,0.970703125,0.0285186767578125,1,1,one_model_failure,EffNet,0.9560546875,0.8974609375,0.1025390625,0.6419932047526041,0.0285186767578125,0.970703125,0.0285186767578125,2,split_2_1,0.9182958340544896,0.7182755005023621,disagreement
61,61,0,glioma,0,0.9970703125,0.9970703125,0,0,0.998046875,0.998046875,0,0,0.9990234375,0.9990234375,0,0,correct_all,none,0.998046875,0.9970703125,0.001953125,0.998046875,0.9970703125,,,1,unanimous,-0.0,0.0002398054134332174,unanimous_correct
62,62,0,glioma,0,1.0,1.0,0,0,1.0,1.0,0,0,0.998046875,0.998046875,0,0,correct_all,none,0.9993489583333334,0.998046875,0.001953125,0.9993489583333334,0.998046875,,,1,unanimous,-0.0,0.0007965687227512435,unanimous_correct
63,63,0,glioma,0,1.0,1.0,0,0,1.0,1.0,0,0,1.0,1.0,0,0,correct_all,none,1.0,1.0,0.0,1.0,1.0,,,1,unanimous,-0.0,3.43137283256157e-05,unanimous_correct
64,64,0,glioma,0,0.9912109375,0.9912109375,0,0,0.998046875,0.998046875,0,0,0.77880859375,0.77880859375,0,0,correct_all,none,0.9226888020833334,0.77880859375,0.21923828125,0.9226888020833334,0.77880859375,,,1,unanimous,-0.0,0.10818474696384878,unanimous_correct
65,65,0,glioma,0,0.6171875,0.6171875,0,0,0.994140625,0.994140625,0,0,0.81201171875,0.81201171875,0,0,correct_all,none,0.8077799479166666,0.6171875,0.376953125,0.8077799479166666,0.6171875,,,1,unanimous,-0.0,0.13658750552679177,unanimous_correct
66,66,0,glioma,2,0.67041015625,0.0,1,2,0.97802734375,0.00025153160095214844,1,1,0.437255859375,0.07647705078125,1,3,shared_failure,VGG+ResNet+EffNet,0.6952311197916666,0.437255859375,0.540771484375,0.025576194127400715,0.0,0.6952311197916666,0.025576194127400715,2,split_2_1,0.9182958340544896,0.49822347171331827,disagreement
67,67,0,glioma,0,0.9990234375,0.9990234375,0,0,0.97900390625,0.97900390625,0,0,0.927734375,0.927734375,0,0,correct_all,none,0.9685872395833334,0.927734375,0.0712890625,0.9685872395833334,0.927734375,,,1,unanimous,-0.0,0.023796505376133592,unanimous_correct
68,68,0,glioma,1,0.87890625,0.0,1,3,0.9453125,1.5556812286376953e-05,1,1,0.95166015625,0.00016689300537109375,1,3,shared_failure,VGG+ResNet+EffNet,0.92529296875,0.87890625,0.07275390625,6.081660588582357e-05,0.0,0.92529296875,6.081660588582357e-05,2,split_2_1,0.9182958340544896,0.6158135338996713,disagreement
69,69,0,glioma,0,0.94140625,0.94140625,0,3,0.6748046875,0.32177734375,1,0,0.82763671875,0.82763671875,0,1,one_model_failure,ResNet,0.8146158854166666,0.6748046875,0.2666015625,0.6969401041666666,0.32177734375,0.6748046875,0.32177734375,2,split_2_1,0.9182958340544896,0.32193671459965045,disagreement
70,70,0,glioma,0,1.0,1.0,0,0,1.0,1.0,0,0,0.994140625,0.994140625,0,0,correct_all,none,0.998046875,0.994140625,0.005859375,0.998046875,0.994140625,,,1,unanimous,-0.0,0.0029654975320504255,unanimous_correct
71,71,0,glioma,0,1.0,1.0,0,0,1.0,1.0,0,0,1.0,1.0,0,0,correct_all,none,1.0,1.0,0.0,1.0,1.0,,,1,unanimous,-0.0,1.6955576210559277e-05,unanimous_correct
72,72,0,glioma,0,1.0,1.0,0,0,1.0,1.0,0,0,1.0,1.0,0,0,correct_all,none,1.0,1.0,0.0,1.0,1.0,,,1,unanimous,-0.0,0.00011062119669344949,unanimous_correct
73,73,0,glioma,0,0.9990234375,0.9990234375,0,0,1.0,1.0,0,0,0.8671875,0.8671875,0,0,correct_all,none,0.9554036458333334,0.8671875,0.1328125,0.9554036458333334,0.8671875,,,1,unanimous,-0.0,0.0709820109657325,unanimous_correct
74,74,0,glioma,2,0.7431640625,0.0241241455078125,1,2,0.7421875,0.1383056640625,1,0,0.97412109375,0.97412109375,0,2,two_model_failures,VGG+ResNet,0.81982421875,0.7421875,0.23193359375,0.3788503011067708,0.0241241455078125,0.74267578125,0.08121490478515625,2,split_2_1,0.9182958340544896,0.6670763033454857,disagreement
75,75,0,glioma,2,0.5263671875,0.337890625,1,0,0.9892578125,0.9892578125,0,3,0.74951171875,0.09368896484375,1,2,two_model_failures,VGG+EffNet,0.7550455729166666,0.5263671875,0.462890625,0.4736124674479167,0.09368896484375,0.637939453125,0.215789794921875,3,split_1_1_1,1.584962500721156,0.8460629349013141,disagreement
76,76,0,glioma,0,1.0,1.0,0,0,1.0,1.0,0,0,1.0,1.0,0,0,correct_all,none,1.0,1.0,0.0,1.0,1.0,,,1,unanimous,-0.0,0.0001450810795892586,unanimous_correct
77,77,0,glioma,0,0.91259765625,0.91259765625,0,0,0.92822265625,0.92822265625,0,0,0.42138671875,0.42138671875,0,0,correct_all,none,0.7540690104166666,0.42138671875,0.5068359375,0.7540690104166666,0.42138671875,,,1,unanimous,-0.0,0.22960411962946403,unanimous_correct
78,78,0,glioma,0,1.0,1.0,0,0,1.0,1.0,0,0,0.9892578125,0.9892578125,0,0,correct_all,none,0.9964192708333334,0.9892578125,0.0107421875,0.9964192708333334,0.9892578125,,,1,unanimous,-0.0,0.00537212296280748,unanimous_correct
79,79,0,glioma,1,0.7802734375,0.1817626953125,1,0,0.59375,0.59375,0,0,0.77392578125,0.77392578125,0,1,one_model_failure,VGG,0.7159830729166666,0.59375,0.1865234375,0.5164794921875,0.1817626953125,0.7802734375,0.1817626953125,2,split_2_1,0.9182958340544896,0.19295918968634995,disagreement
80,80,0,glioma,1,0.9970703125,0.003040313720703125,1,1,1.0,7.748603820800781e-07,1,1,0.77880859375,2.8014183044433594e-05,1,3,shared_failure,VGG+ResNet+EffNet,0.92529296875,0.77880859375,0.22119140625,0.0010230342547098796,7.748603820800781e-07,0.92529296875,0.0010230342547098796,1,unanimous,-0.0,0.1263130422457816,unanimous_wrong
81,81,0,glioma,0,0.998046875,0.998046875,0,0,0.9580078125,0.9580078125,0,0,0.84716796875,0.84716796875,0,0,correct_all,none,0.9344075520833334,0.84716796875,0.15087890625,0.9344075520833334,0.84716796875,,,1,unanimous,-0.0,0.055344343602707735,unanimous_correct
82,82,0,glioma,0,1.0,1.0,0,0,1.0,1.0,0,0,1.0,1.0,0,0,correct_all,none,1.0,1.0,0.0,1.0,1.0,,,1,unanimous,-0.0,0.00015213855619324295,unanimous_correct
83,83,0,glioma,0,0.9990234375,0.9990234375,0,0,1.0,1.0,0,0,0.98388671875,0.98388671875,0,0,correct_all,none,0.9943033854166666,0.98388671875,0.01611328125,0.9943033854166666,0.98388671875,,,1,unanimous,-0.0,0.007292795264895777,unanimous_correct
84,84,0,glioma,1,0.85205078125,0.1473388671875,1,0,0.998046875,0.998046875,0,0,0.93603515625,0.93603515625,0,1,one_model_failure,VGG,0.9287109375,0.85205078125,0.14599609375,0.6938069661458334,0.1473388671875,0.85205078125,0.1473388671875,2,split_2_1,0.9182958340544896,0.5660700832864498,disagreement
85,85,0,glioma,0,0.9970703125,0.9970703125,0,0,0.9990234375,0.9990234375,0,0,0.99609375,0.99609375,0,0,correct_all,none,0.9973958333333334,0.99609375,0.0029296875,0.9973958333333334,0.99609375,,,1,unanimous,-0.0,0.0016090940553138387,unanimous_correct
86,86,0,glioma,0,0.93359375,0.93359375,0,0,0.994140625,0.994140625,0,0,0.95703125,0.95703125,0,0,correct_all,none,0.9615885416666666,0.93359375,0.060546875,0.9615885416666666,0.93359375,,,1,unanimous,-0.0,0.015623109461806645,unanimous_correct
87,87,0,glioma,1,0.7802734375,0.1817626953125,1,0,0.59375,0.59375,0,0,0.77392578125,0.77392578125,0,1,one_model_failure,VGG,0.7159830729166666,0.59375,0.1865234375,0.5164794921875,0.1817626953125,0.7802734375,0.1817626953125,2,split_2_1,0.9182958340544896,0.19295918968634995,disagreement
88,88,0,glioma,0,1.0,1.0,0,0,1.0,1.0,0,0,0.998046875,0.998046875,0,0,correct_all,none,0.9993489583333334,0.998046875,0.001953125,0.9993489583333334,0.998046875,,,1,unanimous,-0.0,0.001003314097804217,unanimous_correct
89,89,0,glioma,0,0.88671875,0.88671875,0,0,0.9990234375,0.9990234375,0,0,0.98193359375,0.98193359375,0,0,correct_all,none,0.9558919270833334,0.88671875,0.1123046875,0.9558919270833334,0.88671875,,,1,unanimous,-0.0,0.04409626590066765,unanimous_correct
90,90,0,glioma,0,1.0,1.0,0,0,1.0,1.0,0,0,0.9990234375,0.9990234375,0,0,correct_all,none,0.9996744791666666,0.9990234375,0.0009765625,0.9996744791666666,0.9990234375,,,1,unanimous,-0.0,0.0005713731498008948,unanimous_correct
91,91,0,glioma,0,0.78173828125,0.78173828125,0,0,0.93115234375,0.93115234375,0,1,0.63037109375,0.369873046875,1,1,one_model_failure,EffNet,0.7810872395833334,0.63037109375,0.30078125,0.6942545572916666,0.369873046875,0.63037109375,0.369873046875,2,split_2_1,0.9182958340544896,0.19852737819877797,disagreement
92,92,0,glioma,0,1.0,1.0,0,0,1.0,1.0,0,0,1.0,1.0,0,0,correct_all,none,1.0,1.0,0.0,1.0,1.0,,,1,unanimous,-0.0,0.0001914518505430399,unanimous_correct
93,93,0,glioma,0,1.0,1.0,0,0,1.0,1.0,0,0,0.9931640625,0.9931640625,0,0,correct_all,none,0.9977213541666666,0.9931640625,0.0068359375,0.9977213541666666,0.9931640625,,,1,unanimous,-0.0,0.003291515242104477,unanimous_correct
94,94,0,glioma,0,0.9697265625,0.9697265625,0,0,0.998046875,0.998046875,0,0,0.86474609375,0.86474609375,0,0,correct_all,none,0.9441731770833334,0.86474609375,0.13330078125,0.9441731770833334,0.86474609375,,,1,unanimous,-0.0,0.04872095296584161,unanimous_correct
95,95,0,glioma,0,1.0,1.0,0,0,1.0,1.0,0,0,0.998046875,0.998046875,0,0,correct_all,none,0.9993489583333334,0.998046875,0.001953125,0.9993489583333334,0.998046875,,,1,unanimous,-0.0,0.001208995667422724,unanimous_correct
96,96,0,glioma,0,1.0,1.0,0,0,1.0,1.0,0,0,0.998046875,0.998046875,0,0,correct_all,none,0.9993489583333334,0.998046875,0.001953125,0.9993489583333334,0.998046875,,,1,unanimous,-0.0,0.0010687460508773186,unanimous_correct
97,97,0,glioma,1,0.74072265625,0.0723876953125,1,1,0.8828125,0.0207977294921875,1,1,0.82763671875,0.0022182464599609375,1,3,shared_failure,VGG+ResNet+EffNet,0.8170572916666666,0.74072265625,0.14208984375,0.03180122375488281,0.0022182464599609375,0.8170572916666666,0.03180122375488281,1,unanimous,-0.0,0.03510871426646889,unanimous_wrong
98,98,0,glioma,0,1.0,1.0,0,0,1.0,1.0,0,0,0.9990234375,0.9990234375,0,0,correct_all,none,0.9996744791666666,0.9990234375,0.0009765625,0.9996744791666666,0.9990234375,,,1,unanimous,-0.0,0.00039139603477341073,unanimous_correct
99,99,0,glioma,2,0.927734375,0.0,1,2,0.630859375,5.960464477539063e-08,1,1,0.900390625,0.001007080078125,1,3,shared_failure,VGG+ResNet+EffNet,0.8196614583333334,0.630859375,0.296875,0.0003357132275899251,0.0,0.8196614583333334,0.0003357132275899251,2,split_2_1,0.9182958340544896,0.4018310101032686,disagreement
100,100,0,glioma,0,0.94921875,0.94921875,0,0,0.96533203125,0.96533203125,0,0,0.984375,0.984375,0,0,correct_all,none,0.96630859375,0.94921875,0.03515625,0.96630859375,0.94921875,,,1,unanimous,-0.0,0.005996850489627947,unanimous_correct
101,101,0,glioma,0,0.98095703125,0.98095703125,0,0,0.9970703125,0.9970703125,0,0,0.95947265625,0.95947265625,0,0,correct_all,none,0.9791666666666666,0.95947265625,0.03759765625,0.9791666666666666,0.95947265625,,,1,unanimous,-0.0,0.01019743878735302,unanimous_correct
102,102,0,glioma,0,1.0,1.0,0,0,1.0,1.0,0,0,1.0,1.0,0,0,correct_all,none,1.0,1.0,0.0,1.0,1.0,,,1,unanimous,-0.0,0.0001383368780991331,unanimous_correct
103,103,0,glioma,0,1.0,1.0,0,0,1.0,1.0,0,0,0.9853515625,0.9853515625,0,0,correct_all,none,0.9951171875,0.9853515625,0.0146484375,0.9951171875,0.9853515625,,,1,unanimous,-0.0,0.007565268242628015,unanimous_correct
104,104,0,glioma,0,0.998046875,0.998046875,0,0,1.0,1.0,0,0,0.52587890625,0.52587890625,0,0,correct_all,none,0.84130859375,0.52587890625,0.47412109375,0.84130859375,0.52587890625,,,1,unanimous,-0.0,0.29134991406226296,unanimous_correct
105,105,0,glioma,0,0.9921875,0.9921875,0,0,0.94287109375,0.94287109375,0,1,0.595703125,0.2132568359375,1,1,one_model_failure,EffNet,0.8435872395833334,0.595703125,0.396484375,0.7161051432291666,0.2132568359375,0.595703125,0.2132568359375,2,split_2_1,0.9182958340544896,0.49223447493377537,disagreement
106,106,0,glioma,0,0.990234375,0.990234375,0,0,0.998046875,0.998046875,0,0,0.84228515625,0.84228515625,0,0,correct_all,none,0.9435221354166666,0.84228515625,0.15576171875,0.9435221354166666,0.84228515625,,,1,unanimous,-0.0,0.07022418961211369,unanimous_correct
107,107,0,glioma,0,0.88671875,0.88671875,0,1,0.66259765625,0.2076416015625,1,2,0.5693359375,0.055572509765625,1,2,two_model_failures,ResNet+EffNet,0.7062174479166666,0.5693359375,0.3173828125,0.3833109537760417,0.055572509765625,0.615966796875,0.1316070556640625,3,split_1_1_1,1.584962500721156,0.5632878572665536,disagreement
108,108,0,glioma,0,0.9892578125,0.9892578125,0,0,1.0,1.0,0,0,0.89453125,0.89453125,0,0,correct_all,none,0.9612630208333334,0.89453125,0.10546875,0.9612630208333334,0.89453125,,,1,unanimous,-0.0,0.04592449944812382,unanimous_correct
109,109,0,glioma,0,1.0,1.0,0,0,1.0,1.0,0,0,0.9921875,0.9921875,0,0,correct_all,none,0.9973958333333334,0.9921875,0.0078125,0.9973958333333334,0.9921875,,,1,unanimous,-0.0,0.003938268934189325,unanimous_correct
110,110,0,glioma,0,0.476318359375,0.476318359375,0,0,0.80419921875,0.80419921875,0,3,0.625,0.2232666015625,1,1,one_model_failure,EffNet,0.6351725260416666,0.476318359375,0.327880859375,0.5012613932291666,0.2232666015625,0.625,0.2232666015625,2,split_2_1,0.9182958340544896,0.27405186466732,disagreement
111,111,0,glioma,0,0.8818359375,0.8818359375,0,0,0.9912109375,0.9912109375,0,0,0.703125,0.703125,0,0,correct_all,none,0.8587239583333334,0.703125,0.2880859375,0.8587239583333334,0.703125,,,1,unanimous,-0.0,0.09690454164773099,unanimous_correct
112,112,0,glioma,0,1.0,1.0,0,0,1.0,1.0,0,0,0.9990234375,0.9990234375,0,0,correct_all,none,0.9996744791666666,0.9990234375,0.0009765625,0.9996744791666666,0.9990234375,,,1,unanimous,-0.0,0.0007249652318177561,unanimous_correct
113,113,0,glioma,0,0.95947265625,0.95947265625,0,0,0.994140625,0.994140625,0,0,0.72705078125,0.72705078125,0,0,correct_all,none,0.8935546875,0.72705078125,0.26708984375,0.8935546875,0.72705078125,,,1,unanimous,-0.0,0.11146248839100531,unanimous_correct
114,114,0,glioma,0,1.0,1.0,0,0,1.0,1.0,0,0,0.994140625,0.994140625,0,0,correct_all,none,0.998046875,0.994140625,0.005859375,0.998046875,0.994140625,,,1,unanimous,-0.0,0.0030005472267701956,unanimous_correct
115,115,0,glioma,0,0.88037109375,0.88037109375,0,0,0.986328125,0.986328125,0,0,0.91259765625,0.91259765625,0,0,correct_all,none,0.9264322916666666,0.88037109375,0.10595703125,0.9264322916666666,0.88037109375,,,1,unanimous,-0.0,0.052860868430944286,unanimous_correct
116,116,0,glioma,0,1.0,1.0,0,0,1.0,1.0,0,0,1.0,1.0,0,0,correct_all,none,1.0,1.0,0.0,1.0,1.0,,,1,unanimous,-0.0,6.579872428503e-05,unanimous_correct
117,117,0,glioma,2,0.57421875,0.0167083740234375,1,2,0.87158203125,0.05908203125,1,2,0.9375,0.032073974609375,1,3,shared_failure,VGG+ResNet+EffNet,0.79443359375,0.57421875,0.36328125,0.035954793294270836,0.0167083740234375,0.79443359375,0.035954793294270836,1,unanimous,-0.0,0.1493214312627199,unanimous_wrong
118,118,0,glioma,1,0.7294921875,0.265625,1,0,0.74462890625,0.74462890625,0,1,0.70849609375,0.28125,1,2,two_model_failures,VGG+EffNet,0.7275390625,0.70849609375,0.0361328125,0.4305013020833333,0.265625,0.718994140625,0.2734375,2,split_2_1,0.9182958340544896,0.15046821019549672,disagreement
119,119,0,glioma,0,0.9921875,0.9921875,0,0,1.0,1.0,0,0,1.0,1.0,0,0,correct_all,none,0.9973958333333334,0.9921875,0.0078125,0.9973958333333334,0.9921875,,,1,unanimous,-0.0,0.003690599240234179,unanimous_correct
120,120,0,glioma,0,0.9990234375,0.9990234375,0,0,1.0,1.0,0,0,0.998046875,0.998046875,0,0,correct_all,none,0.9990234375,0.998046875,0.001953125,0.9990234375,0.998046875,,,1,unanimous,-0.0,0.0006513965237011903,unanimous_correct
121,121,0,glioma,0,0.994140625,0.994140625,0,0,1.0,1.0,0,0,0.67724609375,0.67724609375,0,0,correct_all,none,0.8904622395833334,0.67724609375,0.32275390625,0.8904622395833334,0.67724609375,,,1,unanimous,-0.0,0.1777134403347393,unanimous_correct
122,122,0,glioma,0,1.0,1.0,0,0,0.9990234375,0.9990234375,0,0,0.9951171875,0.9951171875,0,0,correct_all,none,0.998046875,0.9951171875,0.0048828125,0.998046875,0.9951171875,,,1,unanimous,-0.0,0.0018466940245243785,unanimous_correct
123,123,0,glioma,0,1.0,1.0,0,0,1.0,1.0,0,0,0.9990234375,0.9990234375,0,0,correct_all,none,0.9996744791666666,0.9990234375,0.0009765625,0.9996744791666666,0.9990234375,,,1,unanimous,-0.0,0.0006109260176615852,unanimous_correct
124,124,0,glioma,0,1.0,1.0,0,0,0.9990234375,0.9990234375,0,0,0.92919921875,0.92919921875,0,0,correct_all,none,0.97607421875,0.92919921875,0.07080078125,0.97607421875,0.92919921875,,,1,unanimous,-0.0,0.03680008222875039,unanimous_correct
125,125,0,glioma,1,0.9716796875,0.0252532958984375,1,1,0.9853515625,0.0076446533203125,1,1,0.88134765625,0.07611083984375,1,3,shared_failure,VGG+ResNet+EffNet,0.9461263020833334,0.88134765625,0.10400390625,0.036336263020833336,0.0076446533203125,0.9461263020833334,0.036336263020833336,1,unanimous,-0.0,0.030942165849008163,unanimous_wrong
126,126,0,glioma,1,0.931640625,0.047027587890625,1,1,0.9951171875,0.004100799560546875,1,1,0.97998046875,0.00252532958984375,1,3,shared_failure,VGG+ResNet+EffNet,0.9689127604166666,0.931640625,0.0634765625,0.017884572347005207,0.00252532958984375,0.9689127604166666,0.017884572347005207,1,unanimous,-0.0,0.025980511100309883,unanimous_wrong
127,127,0,glioma,3,0.40576171875,0.24462890625,1,1,0.7529296875,0.1082763671875,1,1,0.490966796875,0.08233642578125,1,3,shared_failure,VGG+ResNet+EffNet,0.5498860677083334,0.40576171875,0.34716796875,0.14508056640625,0.08233642578125,0.5498860677083334,0.14508056640625,2,split_2_1,0.9182958340544896,0.10798658702947317,disagreement
128,128,0,glioma,0,1.0,1.0,0,0,1.0,1.0,0,0,1.0,1.0,0,0,correct_all,none,1.0,1.0,0.0,1.0,1.0,,,1,unanimous,-0.0,0.00012271035890617718,unanimous_correct
129,129,0,glioma,1,0.474853515625,0.1866455078125,1,0,0.900390625,0.900390625,0,0,0.89892578125,0.89892578125,0,1,one_model_failure,VGG,0.758056640625,0.474853515625,0.425537109375,0.6619873046875,0.1866455078125,0.474853515625,0.1866455078125,2,split_2_1,0.9182958340544896,0.4023289854415172,disagreement
130,130,0,glioma,0,1.0,1.0,0,0,1.0,1.0,0,0,0.998046875,0.998046875,0,0,correct_all,none,0.9993489583333334,0.998046875,0.001953125,0.9993489583333334,0.998046875,,,1,unanimous,-0.0,0.0009426345315205016,unanimous_correct
131,131,0,glioma,0,1.0,1.0,0,0,1.0,1.0,0,0,1.0,1.0,0,0,correct_all,none,1.0,1.0,0.0,1.0,1.0,,,1,unanimous,-0.0,0.0001912951432898125,unanimous_correct
132,132,0,glioma,2,0.9990234375,4.172325134277344e-07,1,2,0.80322265625,2.396106719970703e-05,1,1,0.458740234375,0.1556396484375,1,3,shared_failure,VGG+ResNet+EffNet,0.753662109375,0.458740234375,0.540283203125,0.05188800891240438,4.172325134277344e-07,0.753662109375,0.05188800891240438,2,split_2_1,0.9182958340544896,0.3091704075992523,disagreement
133,133,0,glioma,0,1.0,1.0,0,0,1.0,1.0,0,0,0.9931640625,0.9931640625,0,0,correct_all,none,0.9977213541666666,0.9931640625,0.0068359375,0.9977213541666666,0.9931640625,,,1,unanimous,-0.0,0.0035819623062021654,unanimous_correct
134,134,0,glioma,0,0.94921875,0.94921875,0,0,0.998046875,0.998046875,0,0,0.94189453125,0.94189453125,0,0,correct_all,none,0.9630533854166666,0.94189453125,0.05615234375,0.9630533854166666,0.94189453125,,,1,unanimous,-0.0,0.01889869437815031,unanimous_correct
135,135,0,glioma,0,1.0,1.0,0,0,1.0,1.0,0,0,0.998046875,0.998046875,0,0,correct_all,none,0.9993489583333334,0.998046875,0.001953125,0.9993489583333334,0.998046875,,,1,unanimous,-0.0,0.0008650626665042517,unanimous_correct
136,136,0,glioma,0,0.958984375,0.958984375,0,0,1.0,1.0,0,0,0.9970703125,0.9970703125,0,0,correct_all,none,0.9853515625,0.958984375,0.041015625,0.9853515625,0.958984375,,,1,unanimous,-0.0,0.018111136740494846,unanimous_correct
137,137,0,glioma,0,1.0,1.0,0,0,1.0,1.0,0,0,0.9970703125,0.9970703125,0,0,correct_all,none,0.9990234375,0.9970703125,0.0029296875,0.9990234375,0.9970703125,,,1,unanimous,-0.0,0.0014239636551571164,unanimous_correct
138,138,0,glioma,0,1.0,1.0,0,0,1.0,1.0,0,0,1.0,1.0,0,0,correct_all,none,1.0,1.0,0.0,1.0,1.0,,,1,unanimous,-0.0,0.000180921480883188,unanimous_correct
139,139,0,glioma,0,0.98828125,0.98828125,0,0,0.9970703125,0.9970703125,0,0,0.88134765625,0.88134765625,0,0,correct_all,none,0.95556640625,0.88134765625,0.11572265625,0.95556640625,0.88134765625,,,1,unanimous,-0.0,0.04746626529923384,unanimous_correct
140,140,0,glioma,0,1.0,1.0,0,0,1.0,1.0,0,0,0.998046875,0.998046875,0,0,correct_all,none,0.9993489583333334,0.998046875,0.001953125,0.9993489583333334,0.998046875,,,1,unanimous,-0.0,0.0009426345315205016,unanimous_correct
141,141,0,glioma,0,1.0,1.0,0,0,1.0,1.0,0,0,0.998046875,0.998046875,0,0,correct_all,none,0.9993489583333334,0.998046875,0.001953125,0.9993489583333334,0.998046875,,,1,unanimous,-0.0,0.0008478873748799807,unanimous_correct
142,142,0,glioma,0,1.0,1.0,0,0,1.0,1.0,0,0,0.9990234375,0.9990234375,0,0,correct_all,none,0.9996744791666666,0.9990234375,0.0009765625,0.9996744791666666,0.9990234375,,,1,unanimous,-0.0,0.000726668508897855,unanimous_correct
143,143,0,glioma,1,0.9970703125,0.003040313720703125,1,1,1.0,7.748603820800781e-07,1,1,0.77880859375,2.8014183044433594e-05,1,3,shared_failure,VGG+ResNet+EffNet,0.92529296875,0.77880859375,0.22119140625,0.0010230342547098796,7.748603820800781e-07,0.92529296875,0.0010230342547098796,1,unanimous,-0.0,0.1263130422457816,unanimous_wrong
144,144,0,glioma,1,0.97802734375,0.017303466796875,1,0,0.75341796875,0.75341796875,0,0,0.83642578125,0.83642578125,0,1,one_model_failure,VGG,0.85595703125,0.75341796875,0.224609375,0.5357157389322916,0.017303466796875,0.97802734375,0.017303466796875,2,split_2_1,0.9182958340544896,0.7496883560427877,disagreement
145,145,0,glioma,1,0.990234375,0.01009368896484375,1,0,0.9951171875,0.9951171875,0,1,0.80810546875,0.1884765625,1,2,two_model_failures,VGG+EffNet,0.93115234375,0.80810546875,0.18701171875,0.39789581298828125,0.01009368896484375,0.899169921875,0.09928512573242188,2,split_2_1,0.9182958340544896,0.6972679544723575,disagreement
146,146,0,glioma,0,0.9873046875,0.9873046875,0,0,0.8984375,0.8984375,0,0,0.80517578125,0.80517578125,0,0,correct_all,none,0.89697265625,0.80517578125,0.18212890625,0.89697265625,0.80517578125,,,1,unanimous,-0.0,0.055814460290377566,unanimous_correct
147,147,0,glioma,0,1.0,1.0,0,0,1.0,1.0,0,0,0.98828125,0.98828125,0,0,correct_all,none,0.99609375,0.98828125,0.01171875,0.99609375,0.98828125,,,1,unanimous,-0.0,0.00578064489310149,unanimous_correct
148,148,0,glioma,0,0.556640625,0.556640625,0,0,0.87451171875,0.87451171875,0,0,0.75390625,0.75390625,0,0,correct_all,none,0.7283528645833334,0.556640625,0.31787109375,0.7283528645833334,0.556640625,,,1,unanimous,-0.0,0.08340969985434765,unanimous_correct
149,149,0,glioma,0,1.0,1.0,0,0,1.0,1.0,0,0,1.0,1.0,0,0,correct_all,none,1.0,1.0,0.0,1.0,1.0,,,1,unanimous,-0.0,2.2161706301129433e-05,unanimous_correct
150,150,0,glioma,0,1.0,1.0,0,0,1.0,1.0,0,0,1.0,1.0,0,0,correct_all,none,1.0,1.0,0.0,1.0,1.0,,,1,unanimous,-0.0,5.564688138539535e-05,unanimous_correct
151,151,0,glioma,0,1.0,1.0,0,0,1.0,1.0,0,0,0.9990234375,0.9990234375,0,0,correct_all,none,0.9996744791666666,0.9990234375,0.0009765625,0.9996744791666666,0.9990234375,,,1,unanimous,-0.0,0.0004894785027781817,unanimous_correct
152,152,0,glioma,0,1.0,1.0,0,0,1.0,1.0,0,0,0.9873046875,0.9873046875,0,0,correct_all,none,0.9957682291666666,0.9873046875,0.0126953125,0.9957682291666666,0.9873046875,,,1,unanimous,-0.0,0.006456515292204909,unanimous_correct
153,153,0,glioma,0,0.994140625,0.994140625,0,0,0.9970703125,0.9970703125,0,0,0.96875,0.96875,0,0,correct_all,none,0.9866536458333334,0.96875,0.0283203125,0.9866536458333334,0.96875,,,1,unanimous,-0.0,0.008952298423185637,unanimous_correct
154,154,0,glioma,1,1.0,0.0001442432403564453,1,1,0.8359375,0.036224365234375,1,1,0.63232421875,0.165771484375,1,3,shared_failure,VGG+ResNet+EffNet,0.82275390625,0.63232421875,0.36767578125,0.06738003094991048,0.0001442432403564453,0.82275390625,0.06738003094991048,1,unanimous,-0.0,0.14950084626149318,unanimous_wrong
155,155,0,glioma,0,0.94970703125,0.94970703125,0,0,0.93115234375,0.93115234375,0,0,0.6474609375,0.6474609375,0,0,correct_all,none,0.8427734375,0.6474609375,0.30224609375,0.8427734375,0.6474609375,,,1,unanimous,-0.0,0.09890069701819093,unanimous_correct
156,156,0,glioma,0,1.0,1.0,0,0,1.0,1.0,0,0,1.0,1.0,0,0,correct_all,none,1.0,1.0,0.0,1.0,1.0,,,1,unanimous,-0.0,0.00018613556552755537,unanimous_correct
157,157,0,glioma,0,1.0,1.0,0,0,1.0,1.0,0,0,1.0,1.0,0,0,correct_all,none,1.0,1.0,0.0,1.0,1.0,,,1,unanimous,-0.0,0.00010220861483376757,unanimous_correct
158,158,0,glioma,0,1.0,1.0,0,0,0.9990234375,0.9990234375,0,0,0.9990234375,0.9990234375,0,0,correct_all,none,0.9993489583333334,0.9990234375,0.0009765625,0.9993489583333334,0.9990234375,,,1,unanimous,-0.0,0.00036970993161045736,unanimous_correct
159,159,0,glioma,0,1.0,1.0,0,0,1.0,1.0,0,0,1.0,1.0,0,0,correct_all,none,1.0,1.0,0.0,1.0,1.0,,,1,unanimous,-0.0,9.172472000367642e-05,unanimous_correct
160,160,0,glioma,0,1.0,1.0,0,0,1.0,1.0,0,0,0.9921875,0.9921875,0,0,correct_all,none,0.9973958333333334,0.9921875,0.0078125,0.9973958333333334,0.9921875,,,1,unanimous,-0.0,0.004248183596636052,unanimous_correct
161,161,0,glioma,0,1.0,1.0,0,0,1.0,1.0,0,0,0.9921875,0.9921875,0,0,correct_all,none,0.9973958333333334,0.9921875,0.0078125,0.9973958333333334,0.9921875,,,1,unanimous,-0.0,0.0038465836987918584,unanimous_correct
162,162,0,glioma,0,0.91650390625,0.91650390625,0,0,0.9853515625,0.9853515625,0,0,0.70166015625,0.70166015625,0,0,correct_all,none,0.8678385416666666,0.70166015625,0.28369140625,0.8678385416666666,0.70166015625,,,1,unanimous,-0.0,0.09583294150438376,unanimous_correct
163,163,0,glioma,0,0.998046875,0.998046875,0,0,1.0,1.0,0,0,0.970703125,0.970703125,0,0,correct_all,none,0.9895833333333334,0.970703125,0.029296875,0.9895833333333334,0.970703125,,,1,unanimous,-0.0,0.012869911034174633,unanimous_correct
164,164,0,glioma,0,0.85888671875,0.85888671875,0,0,0.95263671875,0.95263671875,0,1,0.9052734375,0.09051513671875,1,1,one_model_failure,EffNet,0.9055989583333334,0.85888671875,0.09375,0.6340128580729166,0.09051513671875,0.9052734375,0.09051513671875,2,split_2_1,0.9182958340544896,0.5142342047052906,disagreement
165,165,0,glioma,0,1.0,1.0,0,0,1.0,1.0,0,0,1.0,1.0,0,0,correct_all,none,1.0,1.0,0.0,1.0,1.0,,,1,unanimous,-0.0,0.0001319192265831629,unanimous_correct
166,166,0,glioma,0,1.0,1.0,0,0,1.0,1.0,0,0,0.97314453125,0.97314453125,0,0,correct_all,none,0.9910481770833334,0.97314453125,0.02685546875,0.9910481770833334,0.97314453125,,,1,unanimous,-0.0,0.013815869928032798,unanimous_correct
167,167,0,glioma,0,0.91748046875,0.91748046875,0,0,0.9873046875,0.9873046875,0,1,0.72021484375,0.25341796875,1,1,one_model_failure,EffNet,0.875,0.72021484375,0.26708984375,0.7194010416666666,0.25341796875,0.72021484375,0.25341796875,2,split_2_1,0.9182958340544896,0.4179506273252179,disagreement
168,168,0,glioma,0,1.0,1.0,0,0,1.0,1.0,0,0,0.96435546875,0.96435546875,0,0,correct_all,none,0.9881184895833334,0.96435546875,0.03564453125,0.9881184895833334,0.96435546875,,,1,unanimous,-0.0,0.018294845998201234,unanimous_correct
169,169,0,glioma,0,0.93408203125,0.93408203125,0,0,0.9921875,0.9921875,0,0,0.53173828125,0.53173828125,0,0,correct_all,none,0.8193359375,0.53173828125,0.46044921875,0.8193359375,0.53173828125,,,1,unanimous,-0.0,0.21124846840714623,unanimous_correct
170,170,0,glioma,0,1.0,1.0,0,0,0.990234375,0.990234375,0,0,0.89111328125,0.89111328125,0,0,correct_all,none,0.96044921875,0.89111328125,0.10888671875,0.96044921875,0.89111328125,,,1,unanimous,-0.0,0.048284567304085035,unanimous_correct
171,171,0,glioma,0,1.0,1.0,0,0,1.0,1.0,0,0,0.9990234375,0.9990234375,0,0,correct_all,none,0.9996744791666666,0.9990234375,0.0009765625,0.9996744791666666,0.9990234375,,,1,unanimous,-0.0,0.0003082215889524697,unanimous_correct
172,172,0,glioma,0,1.0,1.0,0,0,1.0,1.0,0,0,0.9990234375,0.9990234375,0,0,correct_all,none,0.9996744791666666,0.9990234375,0.0009765625,0.9996744791666666,0.9990234375,,,1,unanimous,-0.0,0.000398296381091289,unanimous_correct
173,173,0,glioma,0,1.0,1.0,0,0,1.0,1.0,0,0,0.9990234375,0.9990234375,0,0,correct_all,none,0.9996744791666666,0.9990234375,0.0009765625,0.9996744791666666,0.9990234375,,,1,unanimous,-0.0,0.0007332968358286333,unanimous_correct
174,174,0,glioma,0,0.994140625,0.994140625,0,0,1.0,1.0,0,0,0.9912109375,0.9912109375,0,0,correct_all,none,0.9951171875,0.9912109375,0.0087890625,0.9951171875,0.9912109375,,,1,unanimous,-0.0,0.0028592747130704796,unanimous_correct
175,175,0,glioma,0,0.919921875,0.919921875,0,0,0.994140625,0.994140625,0,0,0.5849609375,0.5849609375,0,0,correct_all,none,0.8330078125,0.5849609375,0.4091796875,0.8330078125,0.5849609375,,,1,unanimous,-0.0,0.17260347826712313,unanimous_correct
176,176,0,glioma,0,1.0,1.0,0,0,1.0,1.0,0,0,0.990234375,0.990234375,0,0,correct_all,none,0.9967447916666666,0.990234375,0.009765625,0.9967447916666666,0.990234375,,,1,unanimous,-0.0,0.004774408085132086,unanimous_correct
177,177,0,glioma,2,0.57421875,0.0167083740234375,1,2,0.87158203125,0.05908203125,1,2,0.9375,0.032073974609375,1,3,shared_failure,VGG+ResNet+EffNet,0.79443359375,0.57421875,0.36328125,0.035954793294270836,0.0167083740234375,0.79443359375,0.035954793294270836,1,unanimous,-0.0,0.1493214312627199,unanimous_wrong
178,178,0,glioma,0,0.9892578125,0.9892578125,0,0,1.0,1.0,0,0,0.84130859375,0.84130859375,0,0,correct_all,none,0.9435221354166666,0.84130859375,0.15869140625,0.9435221354166666,0.84130859375,,,1,unanimous,-0.0,0.0740417358513987,unanimous_correct
179,179,0,glioma,0,1.0,1.0,0,0,1.0,1.0,0,0,1.0,1.0,0,0,correct_all,none,1.0,1.0,0.0,1.0,1.0,,,1,unanimous,-0.0,8.234051040673822e-05,unanimous_correct
180,180,0,glioma,0,1.0,1.0,0,0,1.0,1.0,0,0,1.0,1.0,0,0,correct_all,none,1.0,1.0,0.0,1.0,1.0,,,1,unanimous,-0.0,5.640957490052475e-05,unanimous_correct
181,181,0,glioma,0,1.0,1.0,0,0,1.0,1.0,0,0,1.0,1.0,0,0,correct_all,none,1.0,1.0,0.0,1.0,1.0,,,1,unanimous,-0.0,0.0001749408489006921,unanimous_correct
182,182,0,glioma,0,0.66845703125,0.66845703125,0,1,0.671875,0.328125,1,1,0.888671875,0.10491943359375,1,2,two_model_failures,ResNet+EffNet,0.7430013020833334,0.66845703125,0.22021484375,0.3671671549479167,0.10491943359375,0.7802734375,0.216522216796875,2,split_2_1,0.9182958340544896,0.18078923276098346,disagreement
183,183,0,glioma,1,1.0,0.0,1,1,1.0,5.960464477539063e-08,1,2,0.87890625,0.0001493692398071289,1,3,shared_failure,VGG+ResNet+EffNet,0.9596354166666666,0.87890625,0.12109375,4.980961481730143e-05,0.0,0.9596354166666666,4.980961481730143e-05,2,split_2_1,0.9182958340544896,0.7238580530049048,disagreement
184,184,0,glioma,0,1.0,1.0,0,0,1.0,1.0,0,0,0.9990234375,0.9990234375,0,0,correct_all,none,0.9996744791666666,0.9990234375,0.0009765625,0.9996744791666666,0.9990234375,,,1,unanimous,-0.0,0.0003141674151547632,unanimous_correct
185,185,0,glioma,0,1.0,1.0,0,0,1.0,1.0,0,0,0.994140625,0.994140625,0,0,correct_all,none,0.998046875,0.994140625,0.005859375,0.998046875,0.994140625,,,1,unanimous,-0.0,0.0026528261563747123,unanimous_correct
186,186,0,glioma,0,1.0,1.0,0,0,1.0,1.0,0,0,1.0,1.0,0,0,correct_all,none,1.0,1.0,0.0,1.0,1.0,,,1,unanimous,-0.0,0.000145300243972092,unanimous_correct
187,187,0,glioma,0,1.0,1.0,0,0,1.0,1.0,0,0,0.9951171875,0.9951171875,0,0,correct_all,none,0.9983723958333334,0.9951171875,0.0048828125,0.9983723958333334,0.9951171875,,,1,unanimous,-0.0,0.0026818870298389065,unanimous_correct
188,188,0,glioma,0,0.984375,0.984375,0,0,1.0,1.0,0,0,0.90234375,0.90234375,0,0,correct_all,none,0.9622395833333334,0.90234375,0.09765625,0.9622395833333334,0.90234375,,,1,unanimous,-0.0,0.03970848357412693,unanimous_correct
189,189,0,glioma,1,0.9921875,0.00604248046875,1,1,0.9541015625,0.045166015625,1,1,0.5390625,0.005405426025390625,1,3,shared_failure,VGG+ResNet+EffNet,0.8284505208333334,0.5390625,0.453125,0.018871307373046875,0.005405426025390625,0.8284505208333334,0.018871307373046875,1,unanimous,-0.0,0.2898477128674984,unanimous_wrong
190,190,0,glioma,0,1.0,1.0,0,0,1.0,1.0,0,0,0.9560546875,0.9560546875,0,0,correct_all,none,0.9853515625,0.9560546875,0.0439453125,0.9853515625,0.9560546875,,,1,unanimous,-0.0,0.022528137441814505,unanimous_correct
191,191,0,glioma,0,1.0,1.0,0,0,1.0,1.0,0,0,1.0,1.0,0,0,correct_all,none,1.0,1.0,0.0,1.0,1.0,,,1,unanimous,-0.0,5.4268781962905346e-05,unanimous_correct
192,192,0,glioma,1,0.931640625,0.047027587890625,1,1,0.9951171875,0.004100799560546875,1,1,0.97998046875,0.00252532958984375,1,3,shared_failure,VGG+ResNet+EffNet,0.9689127604166666,0.931640625,0.0634765625,0.017884572347005207,0.00252532958984375,0.9689127604166666,0.017884572347005207,1,unanimous,-0.0,0.025980511100309883,unanimous_wrong
193,193,0,glioma,0,1.0,1.0,0,0,1.0,1.0,0,0,0.994140625,0.994140625,0,0,correct_all,none,0.998046875,0.994140625,0.005859375,0.998046875,0.994140625,,,1,unanimous,-0.0,0.0031233420484082404,unanimous_correct
194,194,0,glioma,0,1.0,1.0,0,0,1.0,1.0,0,0,0.998046875,0.998046875,0,0,correct_all,none,0.9993489583333334,0.998046875,0.001953125,0.9993489583333334,0.998046875,,,1,unanimous,-0.0,0.0008729755638216029,unanimous_correct
195,195,0,glioma,3,0.97998046875,5.364418029785156e-07,1,1,0.9453125,4.708766937255859e-06,1,1,0.84814453125,0.0008268356323242188,1,3,shared_failure,VGG+ResNet+EffNet,0.9244791666666666,0.84814453125,0.1318359375,0.0002773602803548177,5.364418029785156e-07,0.9244791666666666,0.0002773602803548177,2,split_2_1,0.9182958340544896,0.7070483278436464,disagreement
196,196,0,glioma,0,1.0,1.0,0,0,1.0,1.0,0,0,0.9853515625,0.9853515625,0,0,correct_all,none,0.9951171875,0.9853515625,0.0146484375,0.9951171875,0.9853515625,,,1,unanimous,-0.0,0.007256889618763286,unanimous_correct
197,197,0,glioma,1,0.6083984375,2.384185791015625e-07,1,2,0.8447265625,1.7881393432617188e-07,1,2,0.8154296875,0.0002033710479736328,1,3,shared_failure,VGG+ResNet+EffNet,0.7561848958333334,0.6083984375,0.236328125,6.792942682902019e-05,1.7881393432617188e-07,0.7561848958333334,6.792942682902019e-05,2,split_2_1,0.9182958340544896,0.17837516722215307,disagreement
198,198,0,glioma,2,0.7431640625,0.0241241455078125,1,2,0.7421875,0.1383056640625,1,0,0.97412109375,0.97412109375,0,2,two_model_failures,VGG+ResNet,0.81982421875,0.7421875,0.23193359375,0.3788503011067708,0.0241241455078125,0.74267578125,0.08121490478515625,2,split_2_1,0.9182958340544896,0.6670763033454857,disagreement
199,199,0,glioma,0,0.994140625,0.994140625,0,0,0.9990234375,0.9990234375,0,0,0.9150390625,0.9150390625,0,0,correct_all,none,0.9694010416666666,0.9150390625,0.083984375,0.9694010416666666,0.9150390625,,,1,unanimous,-0.0,0.03922159403031092,unanimous_correct
200,200,0,glioma,0,0.9677734375,0.9677734375,0,0,0.98291015625,0.98291015625,0,0,0.86328125,0.86328125,0,0,correct_all,none,0.93798828125,0.86328125,0.11962890625,0.93798828125,0.86328125,,,1,unanimous,-0.0,0.034870362603416805,unanimous_correct
201,201,0,glioma,0,0.84912109375,0.84912109375,0,0,1.0,1.0,0,0,0.9072265625,0.9072265625,0,0,correct_all,none,0.9187825520833334,0.84912109375,0.15087890625,0.9187825520833334,0.84912109375,,,1,unanimous,-0.0,0.052988305522584156,unanimous_correct
202,202,0,glioma,0,1.0,1.0,0,0,1.0,1.0,0,0,0.9990234375,0.9990234375,0,0,correct_all,none,0.9996744791666666,0.9990234375,0.0009765625,0.9996744791666666,0.9990234375,,,1,unanimous,-0.0,0.000447799801168275,unanimous_correct
203,203,0,glioma,0,0.9990234375,0.9990234375,0,0,1.0,1.0,0,0,0.9990234375,0.9990234375,0,0,correct_all,none,0.9993489583333334,0.9990234375,0.0009765625,0.9993489583333334,0.9990234375,,,1,unanimous,-0.0,0.000701942635741467,unanimous_correct
204,204,0,glioma,0,0.9970703125,0.9970703125,0,0,1.0,1.0,0,0,0.9931640625,0.9931640625,0,0,correct_all,none,0.9967447916666666,0.9931640625,0.0068359375,0.9967447916666666,0.9931640625,,,1,unanimous,-0.0,0.0025386100194813993,unanimous_correct
205,205,0,glioma,0,1.0,1.0,0,0,1.0,1.0,0,0,0.9990234375,0.9990234375,0,0,correct_all,none,0.9996744791666666,0.9990234375,0.0009765625,0.9996744791666666,0.9990234375,,,1,unanimous,-0.0,0.0004077725005006464,unanimous_correct
206,206,0,glioma,0,1.0,1.0,0,0,1.0,1.0,0,0,0.97412109375,0.97412109375,0,0,correct_all,none,0.9913736979166666,0.97412109375,0.02587890625,0.9913736979166666,0.97412109375,,,1,unanimous,-0.0,0.012893138826383502,unanimous_correct
207,207,0,glioma,0,1.0,1.0,0,0,1.0,1.0,0,0,1.0,1.0,0,0,correct_all,none,1.0,1.0,0.0,1.0,1.0,,,1,unanimous,-0.0,0.00012508914807364308,unanimous_correct
208,208,0,glioma,0,0.76025390625,0.76025390625,0,0,0.97998046875,0.97998046875,0,0,0.49267578125,0.49267578125,0,0,correct_all,none,0.7443033854166666,0.49267578125,0.4873046875,0.7443033854166666,0.49267578125,,,1,unanimous,-0.0,0.18676019181641323,unanimous_correct
209,209,0,glioma,1,0.66650390625,0.317138671875,1,0,0.966796875,0.966796875,0,0,0.97705078125,0.97705078125,0,1,one_model_failure,VGG,0.8701171875,0.66650390625,0.310546875,0.753662109375,0.317138671875,0.66650390625,0.317138671875,2,split_2_1,0.9182958340544896,0.4133131642571789,disagreement
210,210,0,glioma,0,1.0,1.0,0,0,1.0,1.0,0,0,0.9990234375,0.9990234375,0,0,correct_all,none,0.9996744791666666,0.9990234375,0.0009765625,0.9996744791666666,0.9990234375,,,1,unanimous,-0.0,0.0003111245893045733,unanimous_correct
211,211,0,glioma,0,1.0,1.0,0,0,1.0,1.0,0,0,0.9560546875,0.9560546875,0,0,correct_all,none,0.9853515625,0.9560546875,0.0439453125,0.9853515625,0.9560546875,,,1,unanimous,-0.0,0.022528137441814505,unanimous_correct
212,212,0,glioma,1,0.50439453125,0.49267578125,1,0,0.9931640625,0.9931640625,0,0,0.7939453125,0.7939453125,0,1,one_model_failure,VGG,0.7638346354166666,0.50439453125,0.48876953125,0.7599283854166666,0.49267578125,0.50439453125,0.49267578125,2,split_2_1,0.9182958340544896,0.19964897131858728,disagreement
213,213,0,glioma,0,0.9990234375,0.9990234375,0,0,1.0,1.0,0,0,0.98388671875,0.98388671875,0,0,correct_all,none,0.9943033854166666,0.98388671875,0.01611328125,0.9943033854166666,0.98388671875,,,1,unanimous,-0.0,0.007972028489075557,unanimous_correct
214,214,0,glioma,0,1.0,1.0,0,0,1.0,1.0,0,0,1.0,1.0,0,0,correct_all,none,1.0,1.0,0.0,1.0,1.0,,,1,unanimous,-0.0,0.000180633392539583,unanimous_correct
215,215,0,glioma,0,0.9951171875,0.9951171875,0,0,0.95166015625,0.95166015625,0,1,0.47412109375,0.470458984375,1,1,one_model_failure,EffNet,0.8069661458333334,0.47412109375,0.52099609375,0.8057454427083334,0.470458984375,0.47412109375,0.470458984375,2,split_2_1,0.9182958340544896,0.27059679963033034,disagreement
216,216,0,glioma,0,1.0,1.0,0,0,1.0,1.0,0,0,0.9990234375,0.9990234375,0,0,correct_all,none,0.9996744791666666,0.9990234375,0.0009765625,0.9996744791666666,0.9990234375,,,1,unanimous,-0.0,0.0007663689285533548,unanimous_correct
217,217,0,glioma,1,0.76171875,0.1451416015625,1,2,0.51904296875,0.10845947265625,1,1,0.7080078125,0.0269317626953125,1,3,shared_failure,VGG+ResNet+EffNet,0.6629231770833334,0.51904296875,0.24267578125,0.09351094563802083,0.0269317626953125,0.6629231770833334,0.09351094563802083,2,split_2_1,0.9182958340544896,0.14008346465298338,disagreement
218,218,0,glioma,0,1.0,1.0,0,0,1.0,1.0,0,0,0.9970703125,0.9970703125,0,0,correct_all,none,0.9990234375,0.9970703125,0.0029296875,0.9990234375,0.9970703125,,,1,unanimous,-0.0,0.0013914125116032787,unanimous_correct
219,219,0,glioma,0,1.0,1.0,0,0,1.0,1.0,0,0,0.97607421875,0.97607421875,0,0,correct_all,none,0.9920247395833334,0.97607421875,0.02392578125,0.9920247395833334,0.97607421875,,,1,unanimous,-0.0,0.012360363761394051,unanimous_correct
220,220,0,glioma,0,0.99609375,0.99609375,0,0,0.96435546875,0.96435546875,0,1,0.79833984375,0.09381103515625,1,1,one_model_failure,EffNet,0.9195963541666666,0.79833984375,0.19775390625,0.68475341796875,0.09381103515625,0.79833984375,0.09381103515625,2,split_2_1,0.9182958340544896,0.6657331196741201,disagreement
221,221,0,glioma,0,1.0,1.0,0,0,1.0,1.0,0,0,1.0,1.0,0,0,correct_all,none,1.0,1.0,0.0,1.0,1.0,,,1,unanimous,-0.0,1.2094133178417008e-05,unanimous_correct
222,222,0,glioma,0,1.0,1.0,0,0,1.0,1.0,0,0,0.9990234375,0.9990234375,0,0,correct_all,none,0.9996744791666666,0.9990234375,0.0009765625,0.9996744791666666,0.9990234375,,,1,unanimous,-0.0,0.0007206844662066905,unanimous_correct
223,223,0,glioma,0,0.994140625,0.994140625,0,0,0.9951171875,0.9951171875,0,1,0.6337890625,0.357666015625,1,1,one_model_failure,EffNet,0.8743489583333334,0.6337890625,0.361328125,0.7823079427083334,0.357666015625,0.6337890625,0.357666015625,2,split_2_1,0.9182958340544896,0.4170233819591524,disagreement
224,224,0,glioma,0,0.98388671875,0.98388671875,0,0,1.0,1.0,0,0,0.95703125,0.95703125,0,0,correct_all,none,0.9803059895833334,0.95703125,0.04296875,0.9803059895833334,0.95703125,,,1,unanimous,-0.0,0.014753090698324228,unanimous_correct
225,225,0,glioma,0,1.0,1.0,0,0,1.0,1.0,0,0,0.998046875,0.998046875,0,0,correct_all,none,0.9993489583333334,0.998046875,0.001953125,0.9993489583333334,0.998046875,,,1,unanimous,-0.0,0.0009958485987255862,unanimous_correct
226,226,0,glioma,0,1.0,1.0,0,0,1.0,1.0,0,0,1.0,1.0,0,0,correct_all,none,1.0,1.0,0.0,1.0,1.0,,,1,unanimous,-0.0,6.434490811019851e-05,unanimous_correct
227,227,0,glioma,2,0.970703125,5.960464477539063e-08,1,1,0.9892578125,0.0,1,2,0.66015625,0.0638427734375,1,3,shared_failure,VGG+ResNet+EffNet,0.8733723958333334,0.66015625,0.3291015625,0.021280944347381592,0.0,0.8733723958333334,0.021280944347381592,2,split_2_1,0.9182958340544896,0.6377423696334144,disagreement
228,228,0,glioma,0,0.77978515625,0.77978515625,0,0,0.96142578125,0.96142578125,0,0,0.83642578125,0.83642578125,0,0,correct_all,none,0.8592122395833334,0.77978515625,0.181640625,0.8592122395833334,0.77978515625,,,1,unanimous,-0.0,0.04075168820939745,unanimous_correct
229,229,0,glioma,0,0.9990234375,0.9990234375,0,0,1.0,1.0,0,0,0.7470703125,0.7470703125,0,0,correct_all,none,0.9153645833333334,0.7470703125,0.2529296875,0.9153645833333334,0.7470703125,,,1,unanimous,-0.0,0.1418127089338166,unanimous_correct
230,230,0,glioma,1,0.95263671875,0.04473876953125,1,1,0.6962890625,0.303466796875,1,1,0.90380859375,0.0665283203125,1,3,shared_failure,VGG+ResNet+EffNet,0.8509114583333334,0.6962890625,0.25634765625,0.13824462890625,0.04473876953125,0.8509114583333334,0.13824462890625,1,unanimous,-0.0,0.09020084925163097,unanimous_wrong
231,231,0,glioma,0,1.0,1.0,0,0,1.0,1.0,0,0,1.0,1.0,0,0,correct_all,none,1.0,1.0,0.0,1.0,1.0,,,1,unanimous,-0.0,6.22661157583923e-05,unanimous_correct
232,232,0,glioma,0,0.5576171875,0.5576171875,0,0,0.9921875,0.9921875,0,1,0.6064453125,0.392822265625,1,1,one_model_failure,EffNet,0.71875,0.5576171875,0.4345703125,0.6475423177083334,0.392822265625,0.6064453125,0.392822265625,2,split_2_1,0.9182958340544896,0.2618381068254052,disagreement
233,233,0,glioma,0,0.96875,0.96875,0,0,0.998046875,0.998046875,0,0,0.97314453125,0.97314453125,0,0,correct_all,none,0.97998046875,0.96875,0.029296875,0.97998046875,0.96875,,,1,unanimous,-0.0,0.00875739812035925,unanimous_correct
234,234,0,glioma,0,1.0,1.0,0,0,0.9990234375,0.9990234375,0,0,0.9892578125,0.9892578125,0,0,correct_all,none,0.99609375,0.9892578125,0.0107421875,0.99609375,0.9892578125,,,1,unanimous,-0.0,0.004944219824916031,unanimous_correct
235,235,0,glioma,0,0.96533203125,0.96533203125,0,2,0.9951171875,0.0020771026611328125,1,1,0.9541015625,0.041534423828125,1,2,two_model_failures,ResNet+EffNet,0.9715169270833334,0.9541015625,0.041015625,0.33631451924641925,0.0020771026611328125,0.974609375,0.021805763244628906,3,split_1_1_1,1.584962500721156,1.3993259338674218,disagreement
236,236,0,glioma,0,1.0,1.0,0,0,1.0,1.0,0,0,1.0,1.0,0,0,correct_all,none,1.0,1.0,0.0,1.0,1.0,,,1,unanimous,-0.0,0.00021154650148441602,unanimous_correct
237,237,0,glioma,0,1.0,1.0,0,0,1.0,1.0,0,0,1.0,1.0,0,0,correct_all,none,1.0,1.0,0.0,1.0,1.0,,,1,unanimous,-0.0,0.00021340820476772968,unanimous_correct
238,238,0,glioma,1,0.55810546875,3.5703182220458984e-05,1,1,0.8115234375,0.0002598762512207031,1,2,0.86767578125,0.057464599609375,1,3,shared_failure,VGG+ResNet+EffNet,0.7457682291666666,0.55810546875,0.3095703125,0.019253393014272053,3.5703182220458984e-05,0.7457682291666666,0.019253393014272053,2,split_2_1,0.9182958340544896,0.32361442015353437,disagreement
239,239,0,glioma,1,0.9990234375,2.4437904357910156e-06,1,1,0.8505859375,0.1343994140625,1,1,0.78369140625,0.170654296875,1,3,shared_failure,VGG+ResNet+EffNet,0.8777669270833334,0.78369140625,0.21533203125,0.10168538490931193,2.4437904357910156e-06,0.8777669270833334,0.10168538490931193,1,unanimous,-0.0,0.08215677985321146,unanimous_wrong
240,240,0,glioma,1,0.505859375,0.4931640625,1,0,0.9990234375,0.9990234375,0,1,0.54296875,0.45556640625,1,2,two_model_failures,VGG+EffNet,0.6826171875,0.505859375,0.4931640625,0.6492513020833334,0.45556640625,0.5244140625,0.474365234375,2,split_2_1,0.9182958340544896,0.26552842933223175,disagreement
241,241,0,glioma,0,0.998046875,0.998046875,0,0,1.0,1.0,0,0,0.990234375,0.990234375,0,0,correct_all,none,0.99609375,0.990234375,0.009765625,0.99609375,0.990234375,,,1,unanimous,-0.0,0.0032091647732414227,unanimous_correct
242,242,0,glioma,0,0.994140625,0.994140625,0,0,1.0,1.0,0,0,0.96142578125,0.96142578125,0,0,correct_all,none,0.9851888020833334,0.96142578125,0.03857421875,0.9851888020833334,0.96142578125,,,1,unanimous,-0.0,0.014871763335683533,unanimous_correct
243,243,0,glioma,2,1.0,0.0,1,2,0.9990234375,2.384185791015625e-07,1,2,0.697265625,0.0009322166442871094,1,3,shared_failure,VGG+ResNet+EffNet,0.8987630208333334,0.697265625,0.302734375,0.000310818354288737,0.0,0.8987630208333334,0.000310818354288737,1,unanimous,-0.0,0.17468496803752986,unanimous_wrong
244,244,0,glioma,0,0.99609375,0.99609375,0,0,1.0,1.0,0,0,0.671875,0.671875,0,0,correct_all,none,0.8893229166666666,0.671875,0.328125,0.8893229166666666,0.671875,,,1,unanimous,-0.0,0.18437021406666015,unanimous_correct
245,245,0,glioma,1,0.95166015625,0.0009684562683105469,1,1,0.65673828125,0.00435638427734375,1,1,0.80078125,0.00299072265625,1,3,shared_failure,VGG+ResNet+EffNet,0.8030598958333334,0.65673828125,0.294921875,0.0027718544006347656,0.0009684562683105469,0.8030598958333334,0.0027718544006347656,1,unanimous,-0.0,0.12103173271737322,unanimous_wrong
246,246,0,glioma,0,1.0,1.0,0,0,1.0,1.0,0,0,0.9970703125,0.9970703125,0,0,correct_all,none,0.9990234375,0.9970703125,0.0029296875,0.9990234375,0.9970703125,,,1,unanimous,-0.0,0.0014203009428613942,unanimous_correct
247,247,0,glioma,0,0.97705078125,0.97705078125,0,0,0.9970703125,0.9970703125,0,0,0.9091796875,0.9091796875,0,0,correct_all,none,0.9611002604166666,0.9091796875,0.087890625,0.9611002604166666,0.9091796875,,,1,unanimous,-0.0,0.028914347014627223,unanimous_correct
248,248,0,glioma,0,1.0,1.0,0,0,0.9990234375,0.9990234375,0,0,0.9931640625,0.9931640625,0,0,correct_all,none,0.9973958333333334,0.9931640625,0.0068359375,0.9973958333333334,0.9931640625,,,1,unanimous,-0.0,0.0023887608249573908,unanimous_correct
249,249,0,glioma,2,0.4736328125,0.351318359375,1,0,0.9921875,0.9921875,0,3,0.88330078125,0.0136260986328125,1,2,two_model_failures,VGG+EffNet,0.7830403645833334,0.4736328125,0.5185546875,0.4523773193359375,0.0136260986328125,0.678466796875,0.18247222900390625,3,split_1_1_1,1.584962500721156,0.9391652818336721,disagreement
250,250,0,glioma,0,1.0,1.0,0,0,1.0,1.0,0,0,0.9970703125,0.9970703125,0,0,correct_all,none,0.9990234375,0.9970703125,0.0029296875,0.9990234375,0.9970703125,,,1,unanimous,-0.0,0.0014224512797352887,unanimous_correct
251,251,0,glioma,0,1.0,1.0,0,0,1.0,1.0,0,0,1.0,1.0,0,0,correct_all,none,1.0,1.0,0.0,1.0,1.0,,,1,unanimous,-0.0,4.829160836676745e-05,unanimous_correct
252,252,0,glioma,0,1.0,1.0,0,0,1.0,1.0,0,0,0.998046875,0.998046875,0,0,correct_all,none,0.9993489583333334,0.998046875,0.001953125,0.9993489583333334,0.998046875,,,1,unanimous,-0.0,0.0011927607026367484,unanimous_correct
253,253,0,glioma,0,1.0,1.0,0,0,1.0,1.0,0,0,0.9921875,0.9921875,0,0,correct_all,none,0.9973958333333334,0.9921875,0.0078125,0.9973958333333334,0.9921875,,,1,unanimous,-0.0,0.0038352783717707714,unanimous_correct
254,254,0,glioma,0,1.0,1.0,0,0,1.0,1.0,0,0,1.0,1.0,0,0,correct_all,none,1.0,1.0,0.0,1.0,1.0,,,1,unanimous,-0.0,0.00021419376158327485,unanimous_correct
255,255,0,glioma,0,1.0,1.0,0,0,1.0,1.0,0,0,0.99609375,0.99609375,0,0,correct_all,none,0.9986979166666666,0.99609375,0.00390625,0.9986979166666666,0.99609375,,,1,unanimous,-0.0,0.0018088767099901561,unanimous_correct
256,256,0,glioma,0,1.0,1.0,0,0,1.0,1.0,0,0,1.0,1.0,0,0,correct_all,none,1.0,1.0,0.0,1.0,1.0,,,1,unanimous,-0.0,9.649454083761696e-06,unanimous_correct
257,257,0,glioma,0,0.90771484375,0.90771484375,0,0,0.88427734375,0.88427734375,0,3,0.68115234375,0.0706787109375,1,1,one_model_failure,EffNet,0.8243815104166666,0.68115234375,0.2265625,0.6208902994791666,0.0706787109375,0.68115234375,0.0706787109375,2,split_2_1,0.9182958340544896,0.6230519497725446,disagreement
258,258,0,glioma,0,1.0,1.0,0,0,1.0,1.0,0,0,0.9990234375,0.9990234375,0,0,correct_all,none,0.9996744791666666,0.9990234375,0.0009765625,0.9996744791666666,0.9990234375,,,1,unanimous,-0.0,0.0004344359643432645,unanimous_correct
259,259,0,glioma,0,1.0,1.0,0,0,1.0,1.0,0,0,0.998046875,0.998046875,0,0,correct_all,none,0.9993489583333334,0.998046875,0.001953125,0.9993489583333334,0.998046875,,,1,unanimous,-0.0,0.0009006440636053561,unanimous_correct
260,260,0,glioma,0,1.0,1.0,0,0,1.0,1.0,0,0,0.99609375,0.99609375,0,0,correct_all,none,0.9986979166666666,0.99609375,0.00390625,0.9986979166666666,0.99609375,,,1,unanimous,-0.0,0.0020000037433282533,unanimous_correct
261,261,0,glioma,0,0.98388671875,0.98388671875,0,0,1.0,1.0,0,0,0.998046875,0.998046875,0,0,correct_all,none,0.9939778645833334,0.98388671875,0.01611328125,0.9939778645833334,0.98388671875,,,1,unanimous,-0.0,0.007116623417432674,unanimous_correct
262,262,0,glioma,1,1.0,0.0,1,1,0.9990234375,2.384185791015625e-07,1,2,0.55126953125,0.0034618377685546875,1,3,shared_failure,VGG+ResNet+EffNet,0.85009765625,0.55126953125,0.44873046875,0.001154025395711263,0.0,0.85009765625,0.001154025395711263,2,split_2_1,0.9182958340544896,0.4241430888614399,disagreement
263,263,0,glioma,0,0.90869140625,0.90869140625,0,0,0.9990234375,0.9990234375,0,1,0.76513671875,0.2274169921875,1,1,one_model_failure,EffNet,0.8909505208333334,0.76513671875,0.23388671875,0.7117106119791666,0.2274169921875,0.76513671875,0.2274169921875,2,split_2_1,0.9182958340544896,0.4595206151150839,disagreement
264,264,0,glioma,0,0.9091796875,0.9091796875,0,0,0.99609375,0.99609375,0,1,0.9267578125,0.0714111328125,1,1,one_model_failure,EffNet,0.9440104166666666,0.9091796875,0.0869140625,0.6588948567708334,0.0714111328125,0.9267578125,0.0714111328125,2,split_2_1,0.9182958340544896,0.6482648605536607,disagreement
265,265,0,glioma,1,0.931640625,0.047027587890625,1,1,0.9951171875,0.004100799560546875,1,1,0.97998046875,0.00252532958984375,1,3,shared_failure,VGG+ResNet+EffNet,0.9689127604166666,0.931640625,0.0634765625,0.017884572347005207,0.00252532958984375,0.9689127604166666,0.017884572347005207,1,unanimous,-0.0,0.025980511100309883,unanimous_wrong
266,266,0,glioma,0,1.0,1.0,0,0,1.0,1.0,0,0,1.0,1.0,0,0,correct_all,none,1.0,1.0,0.0,1.0,1.0,,,1,unanimous,-0.0,6.185762832099442e-05,unanimous_correct
267,267,0,glioma,0,1.0,1.0,0,0,0.9990234375,0.9990234375,0,0,0.990234375,0.990234375,0,0,correct_all,none,0.9964192708333334,0.990234375,0.009765625,0.9964192708333334,0.990234375,,,1,unanimous,-0.0,0.003862461194495643,unanimous_correct
268,268,0,glioma,0,1.0,1.0,0,0,1.0,1.0,0,0,0.98828125,0.98828125,0,0,correct_all,none,0.99609375,0.98828125,0.01171875,0.99609375,0.98828125,,,1,unanimous,-0.0,0.0063388327203261555,unanimous_correct
269,269,0,glioma,2,1.0,0.0,1,2,1.0,1.1205673217773438e-05,1,2,0.7783203125,0.05517578125,1,3,shared_failure,VGG+ResNet+EffNet,0.9261067708333334,0.7783203125,0.2216796875,0.018395662307739258,0.0,0.9261067708333334,0.018395662307739258,1,unanimous,-0.0,0.1255962642058443,unanimous_wrong
270,270,0,glioma,0,1.0,1.0,0,0,1.0,1.0,0,0,0.99609375,0.99609375,0,0,correct_all,none,0.9986979166666666,0.99609375,0.00390625,0.9986979166666666,0.99609375,,,1,unanimous,-0.0,0.002095902539232747,unanimous_correct
271,271,0,glioma,0,1.0,1.0,0,0,1.0,1.0,0,0,0.990234375,0.990234375,0,0,correct_all,none,0.9967447916666666,0.990234375,0.009765625,0.9967447916666666,0.990234375,,,1,unanimous,-0.0,0.0049042094437387745,unanimous_correct
272,272,0,glioma,0,1.0,1.0,0,0,0.998046875,0.998046875,0,0,0.9931640625,0.9931640625,0,0,correct_all,none,0.9970703125,0.9931640625,0.0068359375,0.9970703125,0.9931640625,,,1,unanimous,-0.0,0.001989482215693488,unanimous_correct
273,273,0,glioma,0,1.0,1.0,0,0,1.0,1.0,0,0,1.0,1.0,0,0,correct_all,none,1.0,1.0,0.0,1.0,1.0,,,1,unanimous,-0.0,6.722566150450847e-05,unanimous_correct
274,274,0,glioma,0,1.0,1.0,0,0,1.0,1.0,0,0,0.97412109375,0.97412109375,0,0,correct_all,none,0.9913736979166666,0.97412109375,0.02587890625,0.9913736979166666,0.97412109375,,,1,unanimous,-0.0,0.013612326040235823,unanimous_correct
275,275,0,glioma,0,1.0,1.0,0,0,1.0,1.0,0,0,0.9921875,0.9921875,0,0,correct_all,none,0.9973958333333334,0.9921875,0.0078125,0.9973958333333334,0.9921875,,,1,unanimous,-0.0,0.0037396907797729965,unanimous_correct
276,276,0,glioma,0,1.0,1.0,0,0,1.0,1.0,0,0,1.0,1.0,0,0,correct_all,none,1.0,1.0,0.0,1.0,1.0,,,1,unanimous,-0.0,5.5626550992666666e-05,unanimous_correct
277,277,0,glioma,3,0.5771484375,0.0055694580078125,1,0,0.94921875,0.94921875,0,3,0.65966796875,0.22119140625,1,2,two_model_failures,VGG+EffNet,0.7286783854166666,0.5771484375,0.3720703125,0.3919932047526042,0.0055694580078125,0.618408203125,0.11338043212890625,2,split_2_1,0.9182958340544896,0.6742517613274384,disagreement
278,278,0,glioma,0,1.0,1.0,0,0,1.0,1.0,0,0,0.99609375,0.99609375,0,0,correct_all,none,0.9986979166666666,0.99609375,0.00390625,0.9986979166666666,0.99609375,,,1,unanimous,-0.0,0.001949241237423304,unanimous_correct
279,279,0,glioma,2,0.97509765625,4.76837158203125e-07,1,2,0.998046875,1.7881393432617188e-06,1,2,0.92919921875,0.00029277801513671875,1,3,shared_failure,VGG+ResNet+EffNet,0.9674479166666666,0.92919921875,0.06884765625,9.834766387939453e-05,4.76837158203125e-07,0.9674479166666666,9.834766387939453e-05,1,unanimous,-0.0,0.02082501976470011,unanimous_wrong
280,280,0,glioma,3,0.5126953125,0.0010786056518554688,1,2,0.87353515625,0.0001863241195678711,1,1,0.76318359375,0.005451202392578125,1,3,shared_failure,VGG+ResNet+EffNet,0.7164713541666666,0.5126953125,0.36083984375,0.0022387107213338218,0.0001863241195678711,0.7164713541666666,0.0022387107213338218,3,split_1_1_1,1.584962500721156,0.5868895204055277,disagreement
281,281,0,glioma,0,1.0,1.0,0,0,1.0,1.0,0,0,0.9677734375,0.9677734375,0,0,correct_all,none,0.9892578125,0.9677734375,0.0322265625,0.9892578125,0.9677734375,,,1,unanimous,-0.0,0.016776521790864182,unanimous_correct
282,282,0,glioma,0,1.0,1.0,0,0,0.95703125,0.95703125,0,0,0.62109375,0.62109375,0,0,correct_all,none,0.859375,0.62109375,0.37890625,0.859375,0.62109375,,,1,unanimous,-0.0,0.18154684655161302,unanimous_correct
283,283,0,glioma,0,1.0,1.0,0,0,0.9990234375,0.9990234375,0,0,0.98828125,0.98828125,0,0,correct_all,none,0.9957682291666666,0.98828125,0.01171875,0.9957682291666666,0.98828125,,,1,unanimous,-0.0,0.004492972949723284,unanimous_correct
284,284,0,glioma,0,1.0,1.0,0,0,1.0,1.0,0,0,0.998046875,0.998046875,0,0,correct_all,none,0.9993489583333334,0.998046875,0.001953125,0.9993489583333334,0.998046875,,,1,unanimous,-0.0,0.0008147844639728487,unanimous_correct
285,285,0,glioma,0,0.9990234375,0.9990234375,0,0,0.9921875,0.9921875,0,0,0.94384765625,0.94384765625,0,0,correct_all,none,0.9783528645833334,0.94384765625,0.05517578125,0.9783528645833334,0.94384765625,,,1,unanimous,-0.0,0.021268445714475503,unanimous_correct
286,286,0,glioma,0,1.0,1.0,0,0,1.0,1.0,0,0,0.998046875,0.998046875,0,0,correct_all,none,0.9993489583333334,0.998046875,0.001953125,0.9993489583333334,0.998046875,,,1,unanimous,-0.0,0.0008516639772984998,unanimous_correct
287,287,0,glioma,2,0.9931640625,7.671117782592773e-05,1,2,0.595703125,0.0016603469848632812,1,1,0.8173828125,0.0178375244140625,1,3,shared_failure,VGG+ResNet+EffNet,0.8020833333333334,0.595703125,0.3974609375,0.006524860858917236,7.671117782592773e-05,0.8020833333333334,0.006524860858917236,2,split_2_1,0.9182958340544896,0.42203996973283076,disagreement
288,288,0,glioma,0,1.0,1.0,0,0,1.0,1.0,0,0,0.994140625,0.994140625,0,0,correct_all,none,0.998046875,0.994140625,0.005859375,0.998046875,0.994140625,,,1,unanimous,-0.0,0.0029654975320504255,unanimous_correct
289,289,0,glioma,0,0.93359375,0.93359375,0,0,0.994140625,0.994140625,0,0,0.95703125,0.95703125,0,0,correct_all,none,0.9615885416666666,0.93359375,0.060546875,0.9615885416666666,0.93359375,,,1,unanimous,-0.0,0.015623109461806645,unanimous_correct
290,290,0,glioma,0,1.0,1.0,0,0,1.0,1.0,0,0,0.85986328125,0.85986328125,0,0,correct_all,none,0.9532877604166666,0.85986328125,0.14013671875,0.9532877604166666,0.85986328125,,,1,unanimous,-0.0,0.07657610787935124,unanimous_correct
291,291,0,glioma,0,1.0,1.0,0,0,1.0,1.0,0,0,1.0,1.0,0,0,correct_all,none,1.0,1.0,0.0,1.0,1.0,,,1,unanimous,-0.0,4.380515688061842e-05,unanimous_correct
292,292,0,glioma,0,1.0,1.0,0,0,1.0,1.0,0,0,0.9951171875,0.9951171875,0,0,correct_all,none,0.9983723958333334,0.9951171875,0.0048828125,0.9983723958333334,0.9951171875,,,1,unanimous,-0.0,0.0026464782632027,unanimous_correct
293,293,0,glioma,0,0.99609375,0.99609375,0,0,1.0,1.0,0,0,0.97265625,0.97265625,0,0,correct_all,none,0.9895833333333334,0.97265625,0.02734375,0.9895833333333334,0.97265625,,,1,unanimous,-0.0,0.0113793503797993,unanimous_correct
294,294,0,glioma,0,1.0,1.0,0,0,1.0,1.0,0,0,1.0,1.0,0,0,correct_all,none,1.0,1.0,0.0,1.0,1.0,,,1,unanimous,-0.0,1.2094133178417008e-05,unanimous_correct
295,295,0,glioma,0,0.98095703125,0.98095703125,0,0,0.9990234375,0.9990234375,0,1,0.61572265625,0.383056640625,1,1,one_model_failure,EffNet,0.865234375,0.61572265625,0.38330078125,0.7876790364583334,0.383056640625,0.61572265625,0.383056640625,2,split_2_1,0.9182958340544896,0.3770563486650378,disagreement
296,296,0,glioma,0,0.9248046875,0.9248046875,0,0,0.84326171875,0.84326171875,0,0,0.9404296875,0.9404296875,0,0,correct_all,none,0.90283203125,0.84326171875,0.09716796875,0.90283203125,0.84326171875,,,1,unanimous,-0.0,0.014313715135849392,unanimous_correct
297,297,0,glioma,0,1.0,1.0,0,0,1.0,1.0,0,0,0.9990234375,0.9990234375,0,0,correct_all,none,0.9996744791666666,0.9990234375,0.0009765625,0.9996744791666666,0.9990234375,,,1,unanimous,-0.0,0.0002964835567290311,unanimous_correct
298,298,0,glioma,0,1.0,1.0,0,0,1.0,1.0,0,0,0.998046875,0.998046875,0,0,correct_all,none,0.9993489583333334,0.998046875,0.001953125,0.9993489583333334,0.998046875,,,1,unanimous,-0.0,0.0008425120894504593,unanimous_correct
299,299,0,glioma,0,0.998046875,0.998046875,0,0,0.9951171875,0.9951171875,0,0,0.50634765625,0.50634765625,0,0,correct_all,none,0.8331705729166666,0.50634765625,0.49169921875,0.8331705729166666,0.50634765625,,,1,unanimous,-0.0,0.29661846024223204,unanimous_correct
300,300,0,glioma,0,1.0,1.0,0,0,1.0,1.0,0,0,0.9990234375,0.9990234375,0,0,correct_all,none,0.9996744791666666,0.9990234375,0.0009765625,0.9996744791666666,0.9990234375,,,1,unanimous,-0.0,0.0004916271230605371,unanimous_correct
301,301,0,glioma,0,1.0,1.0,0,0,1.0,1.0,0,0,0.998046875,0.998046875,0,0,correct_all,none,0.9993489583333334,0.998046875,0.001953125,0.9993489583333334,0.998046875,,,1,unanimous,-0.0,0.0010376830533951088,unanimous_correct
302,302,0,glioma,0,0.59375,0.59375,0,1,0.6611328125,0.285400390625,1,1,0.61572265625,0.058502197265625,1,2,two_model_failures,ResNet+EffNet,0.62353515625,0.59375,0.0673828125,0.3125508626302083,0.058502197265625,0.638427734375,0.1719512939453125,2,split_2_1,0.9182958340544896,0.265559886166578,disagreement
303,303,0,glioma,2,0.6748046875,0.0,1,2,0.90869140625,3.2782554626464844e-06,1,2,0.9267578125,0.0007457733154296875,1,3,shared_failure,VGG+ResNet+EffNet,0.8367513020833334,0.6748046875,0.251953125,0.00024968385696411133,0.0,0.8367513020833334,0.00024968385696411133,1,unanimous,-0.0,0.0733713964059588,unanimous_wrong
304,304,0,glioma,0,1.0,1.0,0,0,1.0,1.0,0,0,0.990234375,0.990234375,0,0,correct_all,none,0.9967447916666666,0.990234375,0.009765625,0.9967447916666666,0.990234375,,,1,unanimous,-0.0,0.004881288039827833,unanimous_correct
305,305,0,glioma,0,0.99609375,0.99609375,0,0,1.0,1.0,0,0,0.98193359375,0.98193359375,0,0,correct_all,none,0.99267578125,0.98193359375,0.01806640625,0.99267578125,0.98193359375,,,1,unanimous,-0.0,0.007082915250764647,unanimous_correct
306,306,0,glioma,0,1.0,1.0,0,0,1.0,1.0,0,0,0.9990234375,0.9990234375,0,0,correct_all,none,0.9996744791666666,0.9990234375,0.0009765625,0.9996744791666666,0.9990234375,,,1,unanimous,-0.0,0.00026397620202230727,unanimous_correct
307,307,0,glioma,0,1.0,1.0,0,0,1.0,1.0,0,0,0.95068359375,0.95068359375,0,0,correct_all,none,0.9835611979166666,0.95068359375,0.04931640625,0.9835611979166666,0.95068359375,,,1,unanimous,-0.0,0.02590596691482852,unanimous_correct
308,308,0,glioma,0,0.9853515625,0.9853515625,0,0,0.998046875,0.998046875,0,0,0.5634765625,0.5634765625,0,0,correct_all,none,0.8489583333333334,0.5634765625,0.4345703125,0.8489583333333334,0.5634765625,,,1,unanimous,-0.0,0.2391804778058813,unanimous_correct
309,309,0,glioma,0,1.0,1.0,0,0,1.0,1.0,0,0,0.9970703125,0.9970703125,0,0,correct_all,none,0.9990234375,0.9970703125,0.0029296875,0.9990234375,0.9970703125,,,1,unanimous,-0.0,0.001209927781587971,unanimous_correct
310,310,0,glioma,0,0.994140625,0.994140625,0,0,1.0,1.0,0,0,0.9951171875,0.9951171875,0,0,correct_all,none,0.9964192708333334,0.994140625,0.005859375,0.9964192708333334,0.994140625,,,1,unanimous,-0.0,0.00184817471645847,unanimous_correct
311,311,0,glioma,0,1.0,1.0,0,0,1.0,1.0,0,0,0.9970703125,0.9970703125,0,0,correct_all,none,0.9990234375,0.9970703125,0.0029296875,0.9990234375,0.9970703125,,,1,unanimous,-0.0,0.001374209152792457,unanimous_correct
312,312,0,glioma,0,0.998046875,0.998046875,0,0,0.96533203125,0.96533203125,0,0,0.54150390625,0.54150390625,0,0,correct_all,none,0.8349609375,0.54150390625,0.45654296875,0.8349609375,0.54150390625,,,1,unanimous,-0.0,0.243096170748339,unanimous_correct
313,313,0,glioma,0,1.0,1.0,0,0,1.0,1.0,0,0,0.9912109375,0.9912109375,0,0,correct_all,none,0.9970703125,0.9912109375,0.0087890625,0.9970703125,0.9912109375,,,1,unanimous,-0.0,0.004346587272198724,unanimous_correct
314,314,0,glioma,0,0.93017578125,0.93017578125,0,0,0.9990234375,0.9990234375,0,0,0.873046875,0.873046875,0,0,correct_all,none,0.93408203125,0.873046875,0.1259765625,0.93408203125,0.873046875,,,1,unanimous,-0.0,0.049067830954942215,unanimous_correct
315,315,0,glioma,0,1.0,1.0,0,0,1.0,1.0,0,0,0.9951171875,0.9951171875,0,0,correct_all,none,0.9983723958333334,0.9951171875,0.0048828125,0.9983723958333334,0.9951171875,,,1,unanimous,-0.0,0.0024904648156068264,unanimous_correct
316,316,0,glioma,0,0.9970703125,0.9970703125,0,0,1.0,1.0,0,0,0.9951171875,0.9951171875,0,0,correct_all,none,0.9973958333333334,0.9951171875,0.0048828125,0.9973958333333334,0.9951171875,,,1,unanimous,-0.0,0.001724492610693091,unanimous_correct
317,317,0,glioma,0,1.0,1.0,0,0,1.0,1.0,0,0,1.0,1.0,0,0,correct_all,none,1.0,1.0,0.0,1.0,1.0,,,1,unanimous,-0.0,1.0583797101068246e-05,unanimous_correct
318,318,0,glioma,0,0.92431640625,0.92431640625,0,0,1.0,1.0,0,0,0.8642578125,0.8642578125,0,0,correct_all,none,0.9295247395833334,0.8642578125,0.1357421875,0.9295247395833334,0.8642578125,,,1,unanimous,-0.0,0.04804007974938285,unanimous_correct
319,319,0,glioma,0,1.0,1.0,0,0,1.0,1.0,0,0,0.998046875,0.998046875,0,0,correct_all,none,0.9993489583333334,0.998046875,0.001953125,0.9993489583333334,0.998046875,,,1,unanimous,-0.0,0.0009179604238690282,unanimous_correct
320,320,0,glioma,0,1.0,1.0,0,0,0.998046875,0.998046875,0,0,0.93603515625,0.93603515625,0,0,correct_all,none,0.97802734375,0.93603515625,0.06396484375,0.97802734375,0.93603515625,,,1,unanimous,-0.0,0.030893002427897304,unanimous_correct
321,321,0,glioma,1,0.95166015625,0.0009684562683105469,1,1,0.65673828125,0.00435638427734375,1,1,0.80078125,0.00299072265625,1,3,shared_failure,VGG+ResNet+EffNet,0.8030598958333334,0.65673828125,0.294921875,0.0027718544006347656,0.0009684562683105469,0.8030598958333334,0.0027718544006347656,1,unanimous,-0.0,0.12103173271737322,unanimous_wrong
322,322,0,glioma,1,0.9921875,0.0,1,1,0.998046875,4.172325134277344e-07,1,1,0.8603515625,0.00017786026000976562,1,3,shared_failure,VGG+ResNet+EffNet,0.9501953125,0.8603515625,0.1376953125,5.942583084106445e-05,0.0,0.9501953125,5.942583084106445e-05,1,unanimous,-0.0,0.06339339495194374,unanimous_wrong
323,323,0,glioma,0,1.0,1.0,0,0,1.0,1.0,0,0,1.0,1.0,0,0,correct_all,none,1.0,1.0,0.0,1.0,1.0,,,1,unanimous,-0.0,0.00015337307190474523,unanimous_correct
324,324,0,glioma,3,0.92919921875,5.960464477539063e-08,1,1,0.994140625,9.85860824584961e-05,1,1,0.74755859375,0.07232666015625,1,3,shared_failure,VGG+ResNet+EffNet,0.8902994791666666,0.74755859375,0.24658203125,0.02414176861445109,5.960464477539063e-08,0.8902994791666666,0.02414176861445109,2,split_2_1,0.9182958340544896,0.7630454497385865,disagreement
325,325,0,glioma,0,1.0,1.0,0,0,1.0,1.0,0,0,0.994140625,0.994140625,0,0,correct_all,none,0.998046875,0.994140625,0.005859375,0.998046875,0.994140625,,,1,unanimous,-0.0,0.002899473920571438,unanimous_correct
326,326,0,glioma,0,1.0,1.0,0,0,1.0,1.0,0,0,1.0,1.0,0,0,correct_all,none,1.0,1.0,0.0,1.0,1.0,,,1,unanimous,-0.0,0.00018132436217661104,unanimous_correct
327,327,0,glioma,3,0.64208984375,0.33154296875,1,0,0.9990234375,0.9990234375,0,0,0.49853515625,0.49853515625,0,1,one_model_failure,VGG,0.7132161458333334,0.49853515625,0.50048828125,0.6097005208333334,0.33154296875,0.64208984375,0.33154296875,2,split_2_1,0.9182958340544896,0.3227759919472456,disagreement
328,328,0,glioma,0,1.0,1.0,0,0,1.0,1.0,0,0,0.97607421875,0.97607421875,0,0,correct_all,none,0.9920247395833334,0.97607421875,0.02392578125,0.9920247395833334,0.97607421875,,,1,unanimous,-0.0,0.012090498326233066,unanimous_correct
329,329,0,glioma,0,1.0,1.0,0,0,1.0,1.0,0,0,1.0,1.0,0,0,correct_all,none,1.0,1.0,0.0,1.0,1.0,,,1,unanimous,-0.0,7.114717254625672e-05,unanimous_correct
330,330,0,glioma,0,1.0,1.0,0,0,1.0,1.0,0,0,1.0,1.0,0,0,correct_all,none,1.0,1.0,0.0,1.0,1.0,,,1,unanimous,-0.0,0.00013642151094470762,unanimous_correct
331,331,0,glioma,0,1.0,1.0,0,0,1.0,1.0,0,0,1.0,1.0,0,0,correct_all,none,1.0,1.0,0.0,1.0,1.0,,,1,unanimous,-0.0,0.00023372202839380555,unanimous_correct
332,332,0,glioma,0,0.9111328125,0.9111328125,0,0,0.72900390625,0.72900390625,0,1,0.771484375,0.2236328125,1,1,one_model_failure,EffNet,0.8038736979166666,0.72900390625,0.18212890625,0.6212565104166666,0.2236328125,0.771484375,0.2236328125,2,split_2_1,0.9182958340544896,0.2770323544135206,disagreement
333,333,0,glioma,0,1.0,1.0,0,0,1.0,1.0,0,0,0.9990234375,0.9990234375,0,0,correct_all,none,0.9996744791666666,0.9990234375,0.0009765625,0.9996744791666666,0.9990234375,,,1,unanimous,-0.0,0.0005997758970177399,unanimous_correct
334,334,0,glioma,0,1.0,1.0,0,0,1.0,1.0,0,0,1.0,1.0,0,0,correct_all,none,1.0,1.0,0.0,1.0,1.0,,,1,unanimous,-0.0,0.00020118862821410372,unanimous_correct
335,335,0,glioma,0,0.9990234375,0.9990234375,0,0,1.0,1.0,0,1,0.472412109375,0.418701171875,1,1,one_model_failure,EffNet,0.8238118489583334,0.472412109375,0.527587890625,0.805908203125,0.418701171875,0.472412109375,0.418701171875,2,split_2_1,0.9182958340544896,0.378905947174854,disagreement
336,336,0,glioma,0,1.0,1.0,0,0,1.0,1.0,0,0,0.984375,0.984375,0,0,correct_all,none,0.9947916666666666,0.984375,0.015625,0.9947916666666666,0.984375,,,1,unanimous,-0.0,0.007980494595128153,unanimous_correct
337,337,0,glioma,0,1.0,1.0,0,0,1.0,1.0,0,0,0.95703125,0.95703125,0,0,correct_all,none,0.9856770833333334,0.95703125,0.04296875,0.9856770833333334,0.95703125,,,1,unanimous,-0.0,0.022865149219552225,unanimous_correct
338,338,0,glioma,1,0.54443359375,0.0039043426513671875,1,2,0.728515625,0.0013942718505859375,1,2,0.53662109375,0.0009136199951171875,1,3,shared_failure,VGG+ResNet+EffNet,0.6031901041666666,0.53662109375,0.19189453125,0.002070744832356771,0.0009136199951171875,0.6031901041666666,0.002070744832356771,2,split_2_1,0.9182958340544896,0.04181183246711628,disagreement
339,339,0,glioma,0,1.0,1.0,0,0,1.0,1.0,0,0,0.9990234375,0.9990234375,0,0,correct_all,none,0.9996744791666666,0.9990234375,0.0009765625,0.9996744791666666,0.9990234375,,,1,unanimous,-0.0,0.0004960987974501688,unanimous_correct
340,340,0,glioma,0,0.9560546875,0.9560546875,0,0,1.0,1.0,0,0,0.9931640625,0.9931640625,0,0,correct_all,none,0.9830729166666666,0.9560546875,0.0439453125,0.9830729166666666,0.9560546875,,,1,unanimous,-0.0,0.021756606720504487,unanimous_correct
341,341,0,glioma,0,0.998046875,0.998046875,0,0,1.0,1.0,0,0,0.92822265625,0.92822265625,0,0,correct_all,none,0.9754231770833334,0.92822265625,0.07177734375,0.9754231770833334,0.92822265625,,,1,unanimous,-0.0,0.034683570538050545,unanimous_correct
342,342,0,glioma,1,0.9990234375,8.147954940795898e-05,1,1,0.65185546875,0.0006427764892578125,1,1,0.921875,0.06939697265625,1,3,shared_failure,VGG+ResNet+EffNet,0.8575846354166666,0.65185546875,0.34716796875,0.023373742898305256,8.147954940795898e-05,0.8575846354166666,0.023373742898305256,1,unanimous,-0.0,0.2223443553571402,unanimous_wrong
343,343,0,glioma,0,1.0,1.0,0,0,1.0,1.0,0,0,0.98095703125,0.98095703125,0,0,correct_all,none,0.99365234375,0.98095703125,0.01904296875,0.99365234375,0.98095703125,,,1,unanimous,-0.0,0.01033937821074786,unanimous_correct
344,344,0,glioma,0,1.0,1.0,0,0,1.0,1.0,0,0,0.9990234375,0.9990234375,0,0,correct_all,none,0.9996744791666666,0.9990234375,0.0009765625,0.9996744791666666,0.9990234375,,,1,unanimous,-0.0,0.0007112336845335838,unanimous_correct
345,345,0,glioma,0,1.0,1.0,0,0,1.0,1.0,0,0,0.9990234375,0.9990234375,0,0,correct_all,none,0.9996744791666666,0.9990234375,0.0009765625,0.9996744791666666,0.9990234375,,,1,unanimous,-0.0,0.00028498194535686366,unanimous_correct
346,346,0,glioma,0,1.0,1.0,0,0,1.0,1.0,0,0,0.9990234375,0.9990234375,0,0,correct_all,none,0.9996744791666666,0.9990234375,0.0009765625,0.9996744791666666,0.9990234375,,,1,unanimous,-0.0,0.00048909109947445,unanimous_correct
347,347,0,glioma,0,0.7060546875,0.7060546875,0,1,0.8359375,0.09271240234375,1,0,0.93408203125,0.93408203125,0,1,one_model_failure,ResNet,0.8253580729166666,0.7060546875,0.22802734375,0.5776163736979166,0.09271240234375,0.8359375,0.09271240234375,2,split_2_1,0.9182958340544896,0.4812588635788858,disagreement
348,348,0,glioma,0,1.0,1.0,0,0,1.0,1.0,0,0,0.9990234375,0.9990234375,0,0,correct_all,none,0.9996744791666666,0.9990234375,0.0009765625,0.9996744791666666,0.9990234375,,,1,unanimous,-0.0,0.00046607497578365995,unanimous_correct
349,349,0,glioma,1,0.7197265625,8.082389831542969e-05,1,1,0.94970703125,0.002468109130859375,1,1,0.42041015625,0.032989501953125,1,3,shared_failure,VGG+ResNet+EffNet,0.6966145833333334,0.42041015625,0.529296875,0.011846144994099935,8.082389831542969e-05,0.6966145833333334,0.011846144994099935,1,unanimous,-0.0,0.20180134834937946,unanimous_wrong
350,350,0,glioma,0,0.99609375,0.99609375,0,0,1.0,1.0,0,0,0.73876953125,0.73876953125,0,0,correct_all,none,0.91162109375,0.73876953125,0.26123046875,0.91162109375,0.73876953125,,,1,unanimous,-0.0,0.14307808540653627,unanimous_correct
351,351,0,glioma,0,1.0,1.0,0,0,1.0,1.0,0,0,0.994140625,0.994140625,0,0,correct_all,none,0.998046875,0.994140625,0.005859375,0.998046875,0.994140625,,,1,unanimous,-0.0,0.002906582437586659,unanimous_correct
352,352,0,glioma,1,0.68701171875,0.30517578125,1,1,0.97314453125,0.026763916015625,1,1,0.9453125,0.04254150390625,1,3,shared_failure,VGG+ResNet+EffNet,0.8684895833333334,0.68701171875,0.2861328125,0.12482706705729167,0.026763916015625,0.8684895833333334,0.12482706705729167,1,unanimous,-0.0,0.10786678345073192,unanimous_wrong
353,353,0,glioma,0,1.0,1.0,0,0,1.0,1.0,0,0,0.9912109375,0.9912109375,0,0,correct_all,none,0.9970703125,0.9912109375,0.0087890625,0.9970703125,0.9912109375,,,1,unanimous,-0.0,0.004402297234177541,unanimous_correct
354,354,0,glioma,1,0.9892578125,0.001262664794921875,1,1,0.9951171875,0.0004744529724121094,1,1,0.69970703125,0.274169921875,1,3,shared_failure,VGG+ResNet+EffNet,0.8946940104166666,0.69970703125,0.29541015625,0.09196901321411133,0.0004744529724121094,0.8946940104166666,0.09196901321411133,1,unanimous,-0.0,0.16714933856402403,unanimous_wrong
355,355,0,glioma,0,0.98291015625,0.98291015625,0,0,0.56591796875,0.56591796875,0,2,0.88037109375,0.03179931640625,1,1,one_model_failure,EffNet,0.8097330729166666,0.56591796875,0.4169921875,0.5268758138020834,0.03179931640625,0.88037109375,0.03179931640625,2,split_2_1,0.9182958340544896,0.6102020974353738,disagreement
356,356,0,glioma,0,1.0,1.0,0,0,1.0,1.0,0,0,0.9873046875,0.9873046875,0,0,correct_all,none,0.9957682291666666,0.9873046875,0.0126953125,0.9957682291666666,0.9873046875,,,1,unanimous,-0.0,0.0061508051837400254,unanimous_correct
357,357,0,glioma,0,1.0,1.0,0,0,1.0,1.0,0,0,1.0,1.0,0,0,correct_all,none,1.0,1.0,0.0,1.0,1.0,,,1,unanimous,-0.0,7.939107870528963e-05,unanimous_correct
358,358,0,glioma,0,1.0,1.0,0,0,1.0,1.0,0,0,1.0,1.0,0,0,correct_all,none,1.0,1.0,0.0,1.0,1.0,,,1,unanimous,-0.0,5.096022535104182e-05,unanimous_correct
359,359,0,glioma,2,0.98828125,3.5762786865234375e-07,1,1,0.833984375,1.3709068298339844e-06,1,2,0.876953125,5.14984130859375e-05,1,3,shared_failure,VGG+ResNet+EffNet,0.8997395833333334,0.833984375,0.154296875,1.7742315928141277e-05,3.5762786865234375e-07,0.8997395833333334,1.7742315928141277e-05,2,split_2_1,0.9182958340544896,0.4817413479094487,disagreement
360,360,0,glioma,0,1.0,1.0,0,0,1.0,1.0,0,0,1.0,1.0,0,0,correct_all,none,1.0,1.0,0.0,1.0,1.0,,,1,unanimous,-0.0,5.533689845989493e-05,unanimous_correct
361,361,0,glioma,0,0.998046875,0.998046875,0,0,0.998046875,0.998046875,0,0,0.85400390625,0.85400390625,0,0,correct_all,none,0.9500325520833334,0.85400390625,0.14404296875,0.9500325520833334,0.85400390625,,,1,unanimous,-0.0,0.07488662271847091,unanimous_correct
362,362,0,glioma,0,0.9990234375,0.9990234375,0,0,1.0,1.0,0,0,0.80419921875,0.80419921875,0,0,correct_all,none,0.9344075520833334,0.80419921875,0.19580078125,0.9344075520833334,0.80419921875,,,1,unanimous,-0.0,0.10726271797623813,unanimous_correct
363,363,0,glioma,1,0.984375,0.0154876708984375,1,1,0.9921875,0.002979278564453125,1,0,0.755859375,0.755859375,0,2,two_model_failures,VGG+ResNet,0.9108072916666666,0.755859375,0.236328125,0.25810877482096356,0.002979278564453125,0.98828125,0.009233474731445312,2,split_2_1,0.9182958340544896,0.5935755775797442,disagreement
364,364,0,glioma,0,0.921875,0.921875,0,0,1.0,1.0,0,0,0.630859375,0.630859375,0,0,correct_all,none,0.8509114583333334,0.630859375,0.369140625,0.8509114583333334,0.630859375,,,1,unanimous,-0.0,0.15970530141169947,unanimous_correct
365,365,0,glioma,1,1.0,0.0,1,1,1.0,0.0,1,1,0.9541015625,0.00021159648895263672,1,3,shared_failure,VGG+ResNet+EffNet,0.9847005208333334,0.9541015625,0.0458984375,7.053216298421224e-05,0.0,0.9847005208333334,7.053216298421224e-05,1,unanimous,-0.0,0.02387968317959406,unanimous_wrong
366,366,0,glioma,0,1.0,1.0,0,0,1.0,1.0,0,0,1.0,1.0,0,0,correct_all,none,1.0,1.0,0.0,1.0,1.0,,,1,unanimous,-0.0,0.00019295567320893898,unanimous_correct
367,367,0,glioma,0,1.0,1.0,0,0,1.0,1.0,0,0,0.998046875,0.998046875,0,0,correct_all,none,0.9993489583333334,0.998046875,0.001953125,0.9993489583333334,0.998046875,,,1,unanimous,-0.0,0.0008386551399606496,unanimous_correct
368,368,0,glioma,0,0.9912109375,0.9912109375,0,0,0.9951171875,0.9951171875,0,0,0.931640625,0.931640625,0,0,correct_all,none,0.97265625,0.931640625,0.0634765625,0.97265625,0.931640625,,,1,unanimous,-0.0,0.02830662144118623,unanimous_correct
369,369,0,glioma,0,0.9873046875,0.9873046875,0,0,1.0,1.0,0,0,0.88427734375,0.88427734375,0,0,correct_all,none,0.9571940104166666,0.88427734375,0.11572265625,0.9571940104166666,0.88427734375,,,1,unanimous,-0.0,0.0490016273319214,unanimous_correct
370,370,0,glioma,2,0.6708984375,0.1214599609375,1,2,0.78125,0.2080078125,1,2,0.5947265625,0.28564453125,1,3,shared_failure,VGG+ResNet+EffNet,0.6822916666666666,0.5947265625,0.1865234375,0.20503743489583334,0.1214599609375,0.6822916666666666,0.20503743489583334,1,unanimous,-0.0,0.07659834167176283,unanimous_wrong
371,371,0,glioma,0,0.95703125,0.95703125,0,0,1.0,1.0,0,0,0.986328125,0.986328125,0,0,correct_all,none,0.9811197916666666,0.95703125,0.04296875,0.9811197916666666,0.95703125,,,1,unanimous,-0.0,0.015321516161739712,unanimous_correct
372,372,0,glioma,2,0.76171875,0.0,1,2,0.95068359375,2.384185791015625e-07,1,2,0.9560546875,0.00022733211517333984,1,3,shared_failure,VGG+ResNet+EffNet,0.8894856770833334,0.76171875,0.1943359375,7.585684458414714e-05,0.0,0.8894856770833334,7.585684458414714e-05,1,unanimous,-0.0,0.05634573974630591,unanimous_wrong
373,373,0,glioma,0,0.89501953125,0.89501953125,0,0,0.9990234375,0.9990234375,0,0,0.95361328125,0.95361328125,0,0,correct_all,none,0.94921875,0.89501953125,0.10400390625,0.94921875,0.89501953125,,,1,unanimous,-0.0,0.03566114805426335,unanimous_correct
374,374,0,glioma,1,1.0,0.0001609325408935547,1,1,0.7744140625,0.043609619140625,1,1,0.53662109375,0.1612548828125,1,3,shared_failure,VGG+ResNet+EffNet,0.7703450520833334,0.53662109375,0.46337890625,0.06834181149800618,0.0001609325408935547,0.7703450520833334,0.06834181149800618,1,unanimous,-0.0,0.1922830765708723,unanimous_wrong
375,375,0,glioma,0,0.60400390625,0.60400390625,0,0,0.986328125,0.986328125,0,0,0.61572265625,0.61572265625,0,0,correct_all,none,0.7353515625,0.60400390625,0.38232421875,0.7353515625,0.60400390625,,,1,unanimous,-0.0,0.19388678703700202,unanimous_correct
376,376,0,glioma,2,1.0,0.0,1,1,0.97705078125,1.1265277862548828e-05,1,2,0.9267578125,0.003627777099609375,1,3,shared_failure,VGG+ResNet+EffNet,0.9679361979166666,0.9267578125,0.0732421875,0.0012130141258239746,0.0,0.9679361979166666,0.0012130141258239746,2,split_2_1,0.9182958340544896,0.7606848381414106,disagreement
377,377,0,glioma,0,1.0,1.0,0,0,1.0,1.0,0,0,0.99609375,0.99609375,0,0,correct_all,none,0.9986979166666666,0.99609375,0.00390625,0.9986979166666666,0.99609375,,,1,unanimous,-0.0,0.0018003320967241495,unanimous_correct
378,378,0,glioma,0,1.0,1.0,0,0,1.0,1.0,0,0,1.0,1.0,0,0,correct_all,none,1.0,1.0,0.0,1.0,1.0,,,1,unanimous,-0.0,0.00021785184618953535,unanimous_correct
379,379,0,glioma,0,1.0,1.0,0,0,1.0,1.0,0,0,1.0,1.0,0,0,correct_all,none,1.0,1.0,0.0,1.0,1.0,,,1,unanimous,-0.0,4.924966636205095e-05,unanimous_correct
380,380,0,glioma,0,1.0,1.0,0,0,1.0,1.0,0,0,1.0,1.0,0,0,correct_all,none,1.0,1.0,0.0,1.0,1.0,,,1,unanimous,-0.0,0.00011154172145189079,unanimous_correct
381,381,0,glioma,0,0.62255859375,0.62255859375,0,1,0.564453125,0.435302734375,1,0,0.481689453125,0.481689453125,0,1,one_model_failure,ResNet,0.5562337239583334,0.481689453125,0.140869140625,0.51318359375,0.435302734375,0.564453125,0.435302734375,2,split_2_1,0.9182958340544896,0.035303296985022214,disagreement
382,382,0,glioma,0,1.0,1.0,0,0,1.0,1.0,0,0,1.0,1.0,0,0,correct_all,none,1.0,1.0,0.0,1.0,1.0,,,1,unanimous,-0.0,0.00010392135774184817,unanimous_correct
383,383,0,glioma,0,0.98828125,0.98828125,0,2,0.67333984375,0.278076171875,1,1,0.90869140625,0.04437255859375,1,2,two_model_failures,ResNet+EffNet,0.8567708333333334,0.67333984375,0.31494140625,0.4369099934895833,0.04437255859375,0.791015625,0.161224365234375,3,split_1_1_1,1.584962500721156,0.9833928757032919,disagreement
384,384,0,glioma,0,1.0,1.0,0,0,1.0,1.0,0,0,0.9990234375,0.9990234375,0,0,correct_all,none,0.9996744791666666,0.9990234375,0.0009765625,0.9996744791666666,0.9990234375,,,1,unanimous,-0.0,0.0003082215889524697,unanimous_correct
385,385,0,glioma,1,0.88720703125,0.0092926025390625,1,1,0.487548828125,0.01074981689453125,1,1,0.7822265625,0.1939697265625,1,3,shared_failure,VGG+ResNet+EffNet,0.718994140625,0.487548828125,0.399658203125,0.07133738199869792,0.0092926025390625,0.718994140625,0.07133738199869792,1,unanimous,-0.0,0.34166694130446174,unanimous_wrong
386,386,0,glioma,1,0.9892578125,0.010406494140625,1,1,0.9951171875,0.004642486572265625,1,1,0.80126953125,0.1982421875,1,3,shared_failure,VGG+ResNet+EffNet,0.9285481770833334,0.80126953125,0.19384765625,0.07109705607096355,0.004642486572265625,0.9285481770833334,0.07109705607096355,1,unanimous,-0.0,0.08873475795542468,unanimous_wrong
387,387,0,glioma,0,0.98193359375,0.98193359375,0,0,1.0,1.0,0,0,0.89990234375,0.89990234375,0,0,correct_all,none,0.9606119791666666,0.89990234375,0.10009765625,0.9606119791666666,0.89990234375,,,1,unanimous,-0.0,0.03865348756224951,unanimous_correct
388,388,0,glioma,0,0.998046875,0.998046875,0,0,1.0,1.0,0,0,0.9912109375,0.9912109375,0,0,correct_all,none,0.9964192708333334,0.9912109375,0.0087890625,0.9964192708333334,0.9912109375,,,1,unanimous,-0.0,0.003157557897912281,unanimous_correct
389,389,0,glioma,0,1.0,1.0,0,0,1.0,1.0,0,0,1.0,1.0,0,0,correct_all,none,1.0,1.0,0.0,1.0,1.0,,,1,unanimous,-0.0,0.00023334480327368142,unanimous_correct
390,390,0,glioma,0,1.0,1.0,0,0,1.0,1.0,0,0,0.9970703125,0.9970703125,0,0,correct_all,none,0.9990234375,0.9970703125,0.0029296875,0.9990234375,0.9970703125,,,1,unanimous,-0.0,0.0017796934725876415,unanimous_correct
391,391,0,glioma,1,0.513671875,0.486328125,1,1,0.82568359375,0.173583984375,1,1,0.60107421875,0.374755859375,1,3,shared_failure,VGG+ResNet+EffNet,0.6468098958333334,0.513671875,0.31201171875,0.3448893229166667,0.173583984375,0.6468098958333334,0.3448893229166667,1,unanimous,-0.0,0.06787048239307003,unanimous_wrong
392,392,0,glioma,0,1.0,1.0,0,0,1.0,1.0,0,0,1.0,1.0,0,0,correct_all,none,1.0,1.0,0.0,1.0,1.0,,,1,unanimous,-0.0,0.0001430547593948518,unanimous_correct
393,393,0,glioma,0,0.98193359375,0.98193359375,0,0,0.96435546875,0.96435546875,0,0,0.9072265625,0.9072265625,0,0,correct_all,none,0.951171875,0.9072265625,0.07470703125,0.951171875,0.9072265625,,,1,unanimous,-0.0,0.015756608795547133,unanimous_correct
394,394,0,glioma,3,0.95947265625,0.022308349609375,1,0,0.53173828125,0.53173828125,0,0,0.46875,0.46875,0,1,one_model_failure,VGG,0.6533203125,0.46875,0.49072265625,0.3409322102864583,0.022308349609375,0.95947265625,0.022308349609375,2,split_2_1,0.9182958340544896,0.25106926152888953,disagreement
395,395,0,glioma,0,1.0,1.0,0,0,1.0,1.0,0,0,1.0,1.0,0,0,correct_all,none,1.0,1.0,0.0,1.0,1.0,,,1,unanimous,-0.0,5.9350962282330214e-05,unanimous_correct
396,396,0,glioma,0,1.0,1.0,0,0,1.0,1.0,0,0,0.99609375,0.99609375,0,0,correct_all,none,0.9986979166666666,0.99609375,0.00390625,0.9986979166666666,0.99609375,,,1,unanimous,-0.0,0.0018796003068777007,unanimous_correct
397,397,0,glioma,2,1.0,0.0,1,2,1.0,5.960464477539063e-08,1,2,0.89990234375,0.0037937164306640625,1,3,shared_failure,VGG+ResNet+EffNet,0.9666341145833334,0.89990234375,0.10009765625,0.0012645920117696126,0.0,0.9666341145833334,0.0012645920117696126,1,unanimous,-0.0,0.054427670541836476,unanimous_wrong
398,398,0,glioma,0,0.9970703125,0.9970703125,0,0,1.0,1.0,0,0,0.998046875,0.998046875,0,0,correct_all,none,0.9983723958333334,0.9970703125,0.0029296875,0.9983723958333334,0.9970703125,,,1,unanimous,-0.0,0.0012093122262027654,unanimous_correct
399,399,0,glioma,0,1.0,1.0,0,0,1.0,1.0,0,0,0.994140625,0.994140625,0,0,correct_all,none,0.998046875,0.994140625,0.005859375,0.998046875,0.994140625,,,1,unanimous,-0.0,0.0029537870932201844,unanimous_correct
400,400,1,meningioma,1,0.998046875,0.998046875,0,1,0.9990234375,0.9990234375,0,1,0.9248046875,0.9248046875,0,0,correct_all,none,0.9739583333333334,0.9248046875,0.07421875,0.9739583333333334,0.9248046875,,,1,unanimous,-0.0,0.035703350810352974,unanimous_correct
401,401,1,meningioma,3,1.0,5.3048133850097656e-05,1,3,0.998046875,0.0014772415161132812,1,3,0.95361328125,0.04638671875,1,3,shared_failure,VGG+ResNet+EffNet,0.98388671875,0.95361328125,0.04638671875,0.015972336133321125,5.3048133850097656e-05,0.98388671875,0.015972336133321125,1,unanimous,-0.0,0.022541178561535535,unanimous_wrong
402,402,1,meningioma,1,0.9931640625,0.9931640625,0,1,0.9970703125,0.9970703125,0,1,0.984375,0.984375,0,0,correct_all,none,0.9915364583333334,0.984375,0.0126953125,0.9915364583333334,0.984375,,,1,unanimous,-0.0,0.004027769646418378,unanimous_correct
403,403,1,meningioma,1,0.9990234375,0.9990234375,0,1,0.994140625,0.994140625,0,1,0.986328125,0.986328125,0,0,correct_all,none,0.9931640625,0.986328125,0.0126953125,0.9931640625,0.986328125,,,1,unanimous,-0.0,0.003750947731368748,unanimous_correct
404,404,1,meningioma,3,0.94287109375,0.056854248046875,1,3,0.9892578125,0.005657196044921875,1,1,0.609375,0.609375,0,2,two_model_failures,VGG+ResNet,0.84716796875,0.609375,0.3798828125,0.22396214803059897,0.005657196044921875,0.966064453125,0.03125572204589844,2,split_2_1,0.9182958340544896,0.45006540589751276,disagreement
405,405,1,meningioma,1,0.998046875,0.998046875,0,1,1.0,1.0,0,1,0.6494140625,0.6494140625,0,0,correct_all,none,0.8824869791666666,0.6494140625,0.3505859375,0.8824869791666666,0.6494140625,,,1,unanimous,-0.0,0.20448076423225697,unanimous_correct
406,406,1,meningioma,1,0.99609375,0.99609375,0,1,0.82470703125,0.82470703125,0,0,0.72998046875,0.26123046875,1,1,one_model_failure,EffNet,0.8502604166666666,0.72998046875,0.26611328125,0.6940104166666666,0.26123046875,0.72998046875,0.26123046875,2,split_2_1,0.9182958340544896,0.37837992760766925,disagreement
407,407,1,meningioma,1,0.51708984375,0.51708984375,0,1,0.998046875,0.998046875,0,1,0.955078125,0.955078125,0,0,correct_all,none,0.8234049479166666,0.51708984375,0.48095703125,0.8234049479166666,0.51708984375,,,1,unanimous,-0.0,0.24707173275248684,unanimous_correct
408,408,1,meningioma,1,0.896484375,0.896484375,0,1,0.93017578125,0.93017578125,0,1,0.9658203125,0.9658203125,0,0,correct_all,none,0.9308268229166666,0.896484375,0.0693359375,0.9308268229166666,0.896484375,,,1,unanimous,-0.0,0.03229381735666076,unanimous_correct
409,409,1,meningioma,3,0.9990234375,0.00030517578125,1,3,0.84814453125,0.125,1,3,0.89453125,0.10498046875,1,3,shared_failure,VGG+ResNet+EffNet,0.9138997395833334,0.84814453125,0.15087890625,0.07676188151041667,0.00030517578125,0.9138997395833334,0.07676188151041667,1,unanimous,-0.0,0.059634363826349124,unanimous_wrong
410,410,1,meningioma,1,1.0,1.0,0,1,1.0,1.0,0,1,0.74658203125,0.74658203125,0,0,correct_all,none,0.91552734375,0.74658203125,0.25341796875,0.91552734375,0.74658203125,,,1,unanimous,-0.0,0.14575836093480693,unanimous_correct
411,411,1,meningioma,0,0.93603515625,0.0635986328125,1,1,0.9990234375,0.9990234375,0,0,0.491455078125,0.454345703125,1,2,two_model_failures,VGG+EffNet,0.808837890625,0.491455078125,0.507568359375,0.5056559244791666,0.0635986328125,0.7137451171875,0.25897216796875,2,split_2_1,0.9182958340544896,0.5764642730353853,disagreement
412,412,1,meningioma,1,0.95068359375,0.95068359375,0,1,0.9951171875,0.9951171875,0,1,0.80419921875,0.80419921875,0,0,correct_all,none,0.9166666666666666,0.80419921875,0.19091796875,0.9166666666666666,0.80419921875,,,1,unanimous,-0.0,0.07099828104799705,unanimous_correct
413,413,1,meningioma,1,0.9990234375,0.9990234375,0,1,0.9990234375,0.9990234375,0,1,0.96044921875,0.96044921875,0,0,correct_all,none,0.9861653645833334,0.96044921875,0.03857421875,0.9861653645833334,0.96044921875,,,1,unanimous,-0.0,0.01771358084238095,unanimous_correct
414,414,1,meningioma,1,0.58837890625,0.58837890625,0,1,0.4482421875,0.4482421875,0,1,0.84619140625,0.84619140625,0,0,correct_all,none,0.6276041666666666,0.4482421875,0.39794921875,0.6276041666666666,0.4482421875,,,1,unanimous,-0.0,0.2837239453064835,unanimous_correct
415,415,1,meningioma,1,0.994140625,0.994140625,0,1,1.0,1.0,0,1,0.990234375,0.990234375,0,0,correct_all,none,0.9947916666666666,0.990234375,0.009765625,0.9947916666666666,0.990234375,,,1,unanimous,-0.0,0.003185790702094779,unanimous_correct
416,416,1,meningioma,1,0.970703125,0.970703125,0,0,0.61083984375,0.361572265625,1,1,0.98828125,0.98828125,0,1,one_model_failure,ResNet,0.8566080729166666,0.61083984375,0.37744140625,0.7735188802083334,0.361572265625,0.61083984375,0.361572265625,2,split_2_1,0.9182958340544896,0.4049519495298883,disagreement
417,417,1,meningioma,1,0.97412109375,0.97412109375,0,1,0.82861328125,0.82861328125,0,1,0.869140625,0.869140625,0,0,correct_all,none,0.890625,0.82861328125,0.1455078125,0.890625,0.82861328125,,,1,unanimous,-0.0,0.06172440744134078,unanimous_correct
418,418,1,meningioma,1,0.97802734375,0.97802734375,0,1,1.0,1.0,0,1,0.88037109375,0.88037109375,0,0,correct_all,none,0.9527994791666666,0.88037109375,0.11962890625,0.9527994791666666,0.88037109375,,,1,unanimous,-0.0,0.04637951337101459,unanimous_correct
419,419,1,meningioma,1,0.998046875,0.998046875,0,1,0.9921875,0.9921875,0,1,0.96044921875,0.96044921875,0,0,correct_all,none,0.9835611979166666,0.96044921875,0.03759765625,0.9835611979166666,0.96044921875,,,1,unanimous,-0.0,0.013565550948416286,unanimous_correct
420,420,1,meningioma,3,0.693359375,0.254150390625,1,0,0.64404296875,0.257568359375,1,3,0.578125,0.39697265625,1,3,shared_failure,VGG+ResNet+EffNet,0.6385091145833334,0.578125,0.115234375,0.3028971354166667,0.254150390625,0.6385091145833334,0.3028971354166667,2,split_2_1,0.9182958340544896,0.4856692972382106,disagreement
421,421,1,meningioma,1,0.9970703125,0.9970703125,0,1,0.958984375,0.958984375,0,1,0.9716796875,0.9716796875,0,0,correct_all,none,0.9759114583333334,0.958984375,0.0380859375,0.9759114583333334,0.958984375,,,1,unanimous,-0.0,0.01194414072185973,unanimous_correct
422,422,1,meningioma,1,0.96240234375,0.96240234375,0,1,0.8330078125,0.8330078125,0,1,0.8583984375,0.8583984375,0,0,correct_all,none,0.8846028645833334,0.8330078125,0.12939453125,0.8846028645833334,0.8330078125,,,1,unanimous,-0.0,0.06631464733339199,unanimous_correct
423,423,1,meningioma,1,0.966796875,0.966796875,0,1,0.703125,0.703125,0,1,0.89208984375,0.89208984375,0,0,correct_all,none,0.85400390625,0.703125,0.263671875,0.85400390625,0.703125,,,1,unanimous,-0.0,0.09906178775750885,unanimous_correct
424,424,1,meningioma,1,0.9453125,0.9453125,0,1,0.9892578125,0.9892578125,0,1,0.97265625,0.97265625,0,0,correct_all,none,0.9690755208333334,0.9453125,0.0439453125,0.9690755208333334,0.9453125,,,1,unanimous,-0.0,0.026374242729521657,unanimous_correct
425,425,1,meningioma,1,0.986328125,0.986328125,0,1,0.97314453125,0.97314453125,0,1,0.98828125,0.98828125,0,0,correct_all,none,0.9825846354166666,0.97314453125,0.01513671875,0.9825846354166666,0.97314453125,,,1,unanimous,-0.0,0.0033397703968536807,unanimous_correct
426,426,1,meningioma,1,0.97998046875,0.97998046875,0,1,0.91748046875,0.91748046875,0,1,0.955078125,0.955078125,0,0,correct_all,none,0.9508463541666666,0.91748046875,0.0625,0.9508463541666666,0.91748046875,,,1,unanimous,-0.0,0.026982141726113684,unanimous_correct
427,427,1,meningioma,1,0.9990234375,0.9990234375,0,1,0.9111328125,0.9111328125,0,1,0.7392578125,0.7392578125,0,0,correct_all,none,0.8831380208333334,0.7392578125,0.259765625,0.8831380208333334,0.7392578125,,,1,unanimous,-0.0,0.10110062518155755,unanimous_correct
428,428,1,meningioma,1,1.0,1.0,0,1,1.0,1.0,0,1,0.97412109375,0.97412109375,0,0,correct_all,none,0.9913736979166666,0.97412109375,0.02587890625,0.9913736979166666,0.97412109375,,,1,unanimous,-0.0,0.013296219599634944,unanimous_correct
429,429,1,meningioma,1,1.0,1.0,0,1,1.0,1.0,0,1,0.998046875,0.998046875,0,0,correct_all,none,0.9993489583333334,0.998046875,0.001953125,0.9993489583333334,0.998046875,,,1,unanimous,-0.0,0.0007687134340000068,unanimous_correct
430,430,1,meningioma,1,1.0,1.0,0,1,0.990234375,0.990234375,0,1,0.72998046875,0.72998046875,0,0,correct_all,none,0.90673828125,0.72998046875,0.27001953125,0.90673828125,0.72998046875,,,1,unanimous,-0.0,0.14090064985403583,unanimous_correct
431,431,1,meningioma,1,1.0,1.0,0,1,1.0,1.0,0,1,0.97705078125,0.97705078125,0,0,correct_all,none,0.9923502604166666,0.97705078125,0.02294921875,0.9923502604166666,0.97705078125,,,1,unanimous,-0.0,0.012243365860754432,unanimous_correct
432,432,1,meningioma,3,0.88671875,0.11297607421875,1,3,0.8125,0.18603515625,1,1,0.7041015625,0.7041015625,0,2,two_model_failures,VGG+ResNet,0.8011067708333334,0.7041015625,0.1826171875,0.3343709309895833,0.11297607421875,0.849609375,0.149505615234375,2,split_2_1,0.9182958340544896,0.23696191737222905,disagreement
433,433,1,meningioma,1,0.9892578125,0.9892578125,0,1,0.92431640625,0.92431640625,0,1,0.9716796875,0.9716796875,0,0,correct_all,none,0.9617513020833334,0.92431640625,0.06494140625,0.9617513020833334,0.92431640625,,,1,unanimous,-0.0,0.017149587382205983,unanimous_correct
434,434,1,meningioma,1,0.65771484375,0.65771484375,0,1,0.92578125,0.92578125,0,1,0.970703125,0.970703125,0,0,correct_all,none,0.8513997395833334,0.65771484375,0.31298828125,0.8513997395833334,0.65771484375,,,1,unanimous,-0.0,0.12832638972027077,unanimous_correct
435,435,1,meningioma,1,0.9921875,0.9921875,0,1,0.63916015625,0.63916015625,0,1,0.92431640625,0.92431640625,0,0,correct_all,none,0.8518880208333334,0.63916015625,0.35302734375,0.8518880208333334,0.63916015625,,,1,unanimous,-0.0,0.17559306796073848,unanimous_correct
436,436,1,meningioma,1,1.0,1.0,0,1,1.0,1.0,0,1,0.998046875,0.998046875,0,0,correct_all,none,0.9993489583333334,0.998046875,0.001953125,0.9993489583333334,0.998046875,,,1,unanimous,-0.0,0.0011065031784725293,unanimous_correct
437,437,1,meningioma,1,1.0,1.0,0,1,0.9267578125,0.9267578125,0,1,0.83935546875,0.83935546875,0,0,correct_all,none,0.9220377604166666,0.83935546875,0.16064453125,0.9220377604166666,0.83935546875,,,1,unanimous,-0.0,0.0714458965267235,unanimous_correct
438,438,1,meningioma,3,0.5,0.497802734375,1,3,0.94482421875,0.05206298828125,1,1,0.5595703125,0.5595703125,0,2,two_model_failures,VGG+ResNet,0.6681315104166666,0.5,0.44482421875,0.36981201171875,0.05206298828125,0.722412109375,0.274932861328125,2,split_2_1,0.9182958340544896,0.18916442498667585,disagreement
439,439,1,meningioma,1,1.0,1.0,0,1,0.98193359375,0.98193359375,0,1,0.53125,0.53125,0,0,correct_all,none,0.8377278645833334,0.53125,0.46875,0.8377278645833334,0.53125,,,1,unanimous,-0.0,0.27313505400828175,unanimous_correct
440,440,1,meningioma,1,1.0,1.0,0,1,0.97900390625,0.97900390625,0,1,0.96435546875,0.96435546875,0,0,correct_all,none,0.9811197916666666,0.96435546875,0.03564453125,0.9811197916666666,0.96435546875,,,1,unanimous,-0.0,0.012551705975710287,unanimous_correct
441,441,1,meningioma,1,0.96875,0.96875,0,1,1.0,1.0,0,1,0.96337890625,0.96337890625,0,0,correct_all,none,0.9773763020833334,0.96337890625,0.03662109375,0.9773763020833334,0.96337890625,,,1,unanimous,-0.0,0.01626836040580326,unanimous_correct
442,442,1,meningioma,1,0.9990234375,0.9990234375,0,1,0.9951171875,0.9951171875,0,1,0.990234375,0.990234375,0,0,correct_all,none,0.9947916666666666,0.990234375,0.0087890625,0.9947916666666666,0.990234375,,,1,unanimous,-0.0,0.0025806962589507154,unanimous_correct
443,443,1,meningioma,1,0.97802734375,0.97802734375,0,1,1.0,1.0,0,1,0.9375,0.9375,0,0,correct_all,none,0.9718424479166666,0.9375,0.0625,0.9718424479166666,0.9375,,,1,unanimous,-0.0,0.03571345835103809,unanimous_correct
444,444,1,meningioma,1,0.990234375,0.990234375,0,2,0.53759765625,0.399658203125,1,1,0.9931640625,0.9931640625,0,1,one_model_failure,ResNet,0.84033203125,0.53759765625,0.45556640625,0.7943522135416666,0.399658203125,0.53759765625,0.399658203125,2,split_2_1,0.9182958340544896,0.3802111209889064,disagreement
445,445,1,meningioma,1,0.9970703125,0.9970703125,0,1,1.0,1.0,0,1,0.89208984375,0.89208984375,0,0,correct_all,none,0.9630533854166666,0.89208984375,0.10791015625,0.9630533854166666,0.89208984375,,,1,unanimous,-0.0,0.05322426023505039,unanimous_correct
446,446,1,meningioma,3,0.73046875,0.269775390625,1,1,0.96435546875,0.96435546875,0,1,0.537109375,0.537109375,0,1,one_model_failure,VGG,0.7439778645833334,0.537109375,0.42724609375,0.5904134114583334,0.269775390625,0.73046875,0.269775390625,2,split_2_1,0.9182958340544896,0.29420300875545125,disagreement
447,447,1,meningioma,1,0.96142578125,0.96142578125,0,1,0.97607421875,0.97607421875,0,1,0.849609375,0.849609375,0,0,correct_all,none,0.9290364583333334,0.849609375,0.12646484375,0.9290364583333334,0.849609375,,,1,unanimous,-0.0,0.032964706082419415,unanimous_correct
448,448,1,meningioma,1,0.89892578125,0.89892578125,0,1,0.86865234375,0.86865234375,0,1,0.86474609375,0.86474609375,0,0,correct_all,none,0.87744140625,0.86474609375,0.0341796875,0.87744140625,0.86474609375,,,1,unanimous,-0.0,0.0021237491139890485,unanimous_correct
449,449,1,meningioma,3,0.67431640625,0.116943359375,1,3,0.87841796875,0.00719451904296875,1,1,0.51318359375,0.51318359375,0,2,two_model_failures,VGG+ResNet,0.6886393229166666,0.51318359375,0.365234375,0.21244049072265625,0.00719451904296875,0.7763671875,0.062068939208984375,2,split_2_1,0.9182958340544896,0.3364213677646435,disagreement
450,450,1,meningioma,1,1.0,1.0,0,1,1.0,1.0,0,1,0.9921875,0.9921875,0,0,correct_all,none,0.9973958333333334,0.9921875,0.0078125,0.9973958333333334,0.9921875,,,1,unanimous,-0.0,0.004305126287498729,unanimous_correct
451,451,1,meningioma,1,1.0,1.0,0,1,0.9990234375,0.9990234375,0,1,0.986328125,0.986328125,0,0,correct_all,none,0.9951171875,0.986328125,0.013671875,0.9951171875,0.986328125,,,1,unanimous,-0.0,0.005750388449324725,unanimous_correct
452,452,1,meningioma,1,1.0,1.0,0,1,1.0,1.0,0,1,0.9482421875,0.9482421875,0,0,correct_all,none,0.9827473958333334,0.9482421875,0.0517578125,0.9827473958333334,0.9482421875,,,1,unanimous,-0.0,0.027572691153682063,unanimous_correct
453,453,1,meningioma,1,0.97314453125,0.97314453125,0,1,0.419921875,0.419921875,0,1,0.75,0.75,0,0,correct_all,none,0.71435546875,0.419921875,0.55322265625,0.71435546875,0.419921875,,,1,unanimous,-0.0,0.3151839230383928,unanimous_correct
454,454,1,meningioma,1,0.9326171875,0.9326171875,0,1,0.5458984375,0.5458984375,0,1,0.62060546875,0.62060546875,0,0,correct_all,none,0.69970703125,0.5458984375,0.38671875,0.69970703125,0.5458984375,,,1,unanimous,-0.0,0.22268389040133107,unanimous_correct
455,455,1,meningioma,1,0.96142578125,0.96142578125,0,1,0.85693359375,0.85693359375,0,0,0.6962890625,0.28662109375,1,1,one_model_failure,EffNet,0.8382161458333334,0.6962890625,0.26513671875,0.70166015625,0.28662109375,0.6962890625,0.28662109375,2,split_2_1,0.9182958340544896,0.38952451111652286,disagreement
456,456,1,meningioma,1,1.0,1.0,0,1,1.0,1.0,0,1,0.998046875,0.998046875,0,0,correct_all,none,0.9993489583333334,0.998046875,0.001953125,0.9993489583333334,0.998046875,,,1,unanimous,-0.0,0.0008065312600723058,unanimous_correct
457,457,1,meningioma,1,0.9892578125,0.9892578125,0,3,0.56787109375,0.33935546875,1,1,0.93505859375,0.93505859375,0,1,one_model_failure,ResNet,0.8307291666666666,0.56787109375,0.42138671875,0.7545572916666666,0.33935546875,0.56787109375,0.33935546875,2,split_2_1,0.9182958340544896,0.3643660864878683,disagreement
458,458,1,meningioma,1,1.0,1.0,0,1,1.0,1.0,0,1,0.80078125,0.80078125,0,0,correct_all,none,0.93359375,0.80078125,0.19921875,0.93359375,0.80078125,,,1,unanimous,-0.0,0.11202188139268926,unanimous_correct
459,459,1,meningioma,1,0.994140625,0.994140625,0,0,0.73291015625,0.25732421875,1,1,0.71337890625,0.71337890625,0,1,one_model_failure,ResNet,0.8134765625,0.71337890625,0.28076171875,0.6549479166666666,0.25732421875,0.73291015625,0.25732421875,2,split_2_1,0.9182958340544896,0.4313386384363148,disagreement
460,460,1,meningioma,1,0.9990234375,0.9990234375,0,1,0.95703125,0.95703125,0,1,0.78662109375,0.78662109375,0,0,correct_all,none,0.9142252604166666,0.78662109375,0.21240234375,0.9142252604166666,0.78662109375,,,1,unanimous,-0.0,0.10296080091173349,unanimous_correct
461,461,1,meningioma,1,0.994140625,0.994140625,0,1,0.8828125,0.8828125,0,1,0.94970703125,0.94970703125,0,0,correct_all,none,0.9422200520833334,0.8828125,0.111328125,0.9422200520833334,0.8828125,,,1,unanimous,-0.0,0.05847108936552303,unanimous_correct
462,462,1,meningioma,1,1.0,1.0,0,1,1.0,1.0,0,1,0.99609375,0.99609375,0,0,correct_all,none,0.9986979166666666,0.99609375,0.00390625,0.9986979166666666,0.99609375,,,1,unanimous,-0.0,0.0018940400061941264,unanimous_correct
463,463,1,meningioma,1,0.990234375,0.990234375,0,1,1.0,1.0,0,1,0.96875,0.96875,0,0,correct_all,none,0.986328125,0.96875,0.03125,0.986328125,0.96875,,,1,unanimous,-0.0,0.010744092772908026,unanimous_correct
464,464,1,meningioma,1,0.98828125,0.98828125,0,1,0.75,0.75,0,1,0.95068359375,0.95068359375,0,0,correct_all,none,0.8963216145833334,0.75,0.23828125,0.8963216145833334,0.75,,,1,unanimous,-0.0,0.08821833656524708,unanimous_correct
465,465,1,meningioma,1,0.86474609375,0.86474609375,0,1,0.471923828125,0.471923828125,0,1,0.94384765625,0.94384765625,0,0,correct_all,none,0.7601725260416666,0.471923828125,0.471923828125,0.7601725260416666,0.471923828125,,,1,unanimous,-0.0,0.2152058959490215,unanimous_correct
466,466,1,meningioma,1,0.9658203125,0.9658203125,0,1,0.998046875,0.998046875,0,1,0.71142578125,0.71142578125,0,0,correct_all,none,0.8917643229166666,0.71142578125,0.28662109375,0.8917643229166666,0.71142578125,,,1,unanimous,-0.0,0.12958004321750377,unanimous_correct
467,467,1,meningioma,1,0.994140625,0.994140625,0,1,0.9453125,0.9453125,0,1,0.98388671875,0.98388671875,0,0,correct_all,none,0.9744466145833334,0.9453125,0.048828125,0.9744466145833334,0.9453125,,,1,unanimous,-0.0,0.029732712395880795,unanimous_correct
468,468,1,meningioma,1,0.998046875,0.998046875,0,1,1.0,1.0,0,1,0.96044921875,0.96044921875,0,0,correct_all,none,0.9861653645833334,0.96044921875,0.03955078125,0.9861653645833334,0.96044921875,,,1,unanimous,-0.0,0.020954296724204055,unanimous_correct
469,469,1,meningioma,1,1.0,1.0,0,1,0.9990234375,0.9990234375,0,1,0.9951171875,0.9951171875,0,0,correct_all,none,0.998046875,0.9951171875,0.0048828125,0.998046875,0.9951171875,,,1,unanimous,-0.0,0.001976866068489007,unanimous_correct
470,470,1,meningioma,1,0.98828125,0.98828125,0,1,0.998046875,0.998046875,0,1,0.9560546875,0.9560546875,0,0,correct_all,none,0.9807942708333334,0.9560546875,0.0419921875,0.9807942708333334,0.9560546875,,,1,unanimous,-0.0,0.025363757516308344,unanimous_correct
471,471,1,meningioma,1,0.9990234375,0.9990234375,0,1,0.79248046875,0.79248046875,0,1,0.8583984375,0.8583984375,0,0,correct_all,none,0.88330078125,0.79248046875,0.20654296875,0.88330078125,0.79248046875,,,1,unanimous,-0.0,0.07596984437956722,unanimous_correct
472,472,1,meningioma,1,0.994140625,0.994140625,0,1,0.986328125,0.986328125,0,1,0.6708984375,0.6708984375,0,0,correct_all,none,0.8837890625,0.6708984375,0.3232421875,0.8837890625,0.6708984375,,,1,unanimous,-0.0,0.16276209852396556,unanimous_correct
473,473,1,meningioma,1,0.9912109375,0.9912109375,0,1,0.58056640625,0.58056640625,0,1,0.78271484375,0.78271484375,0,0,correct_all,none,0.7848307291666666,0.58056640625,0.41064453125,0.7848307291666666,0.58056640625,,,1,unanimous,-0.0,0.18736954441755693,unanimous_correct
474,474,1,meningioma,1,0.9990234375,0.9990234375,0,1,0.9990234375,0.9990234375,0,1,0.94970703125,0.94970703125,0,0,correct_all,none,0.9825846354166666,0.94970703125,0.04931640625,0.9825846354166666,0.94970703125,,,1,unanimous,-0.0,0.023693733679182385,unanimous_correct
475,475,1,meningioma,1,1.0,1.0,0,1,0.998046875,0.998046875,0,1,0.9326171875,0.9326171875,0,0,correct_all,none,0.9768880208333334,0.9326171875,0.0673828125,0.9768880208333334,0.9326171875,,,1,unanimous,-0.0,0.03308012983348399,unanimous_correct
476,476,1,meningioma,1,0.9716796875,0.9716796875,0,1,0.7802734375,0.7802734375,0,1,0.642578125,0.642578125,0,0,correct_all,none,0.7981770833333334,0.642578125,0.3291015625,0.7981770833333334,0.642578125,,,1,unanimous,-0.0,0.11333472525684563,unanimous_correct
477,477,1,meningioma,1,1.0,1.0,0,1,0.998046875,0.998046875,0,1,0.966796875,0.966796875,0,0,correct_all,none,0.98828125,0.966796875,0.033203125,0.98828125,0.966796875,,,1,unanimous,-0.0,0.016702556304459812,unanimous_correct
478,478,1,meningioma,1,0.763671875,0.763671875,0,1,0.78369140625,0.78369140625,0,1,0.95068359375,0.95068359375,0,0,correct_all,none,0.8326822916666666,0.763671875,0.18701171875,0.8326822916666666,0.763671875,,,1,unanimous,-0.0,0.08767454881348047,unanimous_correct
479,479,1,meningioma,1,1.0,1.0,0,1,0.9990234375,0.9990234375,0,1,0.91015625,0.91015625,0,0,correct_all,none,0.9697265625,0.91015625,0.08984375,0.9697265625,0.91015625,,,1,unanimous,-0.0,0.047279618088865355,unanimous_correct
480,480,1,meningioma,1,0.9990234375,0.9990234375,0,1,1.0,1.0,0,1,0.8427734375,0.8427734375,0,0,correct_all,none,0.947265625,0.8427734375,0.1572265625,0.947265625,0.8427734375,,,1,unanimous,-0.0,0.08531266090087286,unanimous_correct
481,481,1,meningioma,1,0.9990234375,0.9990234375,0,1,0.9912109375,0.9912109375,0,1,0.9404296875,0.9404296875,0,0,correct_all,none,0.9768880208333334,0.9404296875,0.05859375,0.9768880208333334,0.9404296875,,,1,unanimous,-0.0,0.023226531293271818,unanimous_correct
482,482,1,meningioma,1,0.79052734375,0.79052734375,0,1,0.9990234375,0.9990234375,0,1,0.95166015625,0.95166015625,0,0,correct_all,none,0.9137369791666666,0.79052734375,0.20849609375,0.9137369791666666,0.79052734375,,,1,unanimous,-0.0,0.0801679955284173,unanimous_correct
483,483,1,meningioma,1,1.0,1.0,0,1,1.0,1.0,0,1,0.9912109375,0.9912109375,0,0,correct_all,none,0.9970703125,0.9912109375,0.0087890625,0.9970703125,0.9912109375,,,1,unanimous,-0.0,0.004356378925683843,unanimous_correct
484,484,1,meningioma,1,1.0,1.0,0,1,1.0,1.0,0,1,0.9990234375,0.9990234375,0,0,correct_all,none,0.9996744791666666,0.9990234375,0.0009765625,0.9996744791666666,0.9990234375,,,1,unanimous,-0.0,0.0005905964955295441,unanimous_correct
485,485,1,meningioma,1,1.0,1.0,0,1,0.9990234375,0.9990234375,0,1,0.9384765625,0.9384765625,0,0,correct_all,none,0.9791666666666666,0.9384765625,0.0615234375,0.9791666666666666,0.9384765625,,,1,unanimous,-0.0,0.03127902763192095,unanimous_correct
486,486,1,meningioma,1,1.0,1.0,0,1,0.97607421875,0.97607421875,0,1,0.8828125,0.8828125,0,0,correct_all,none,0.9529622395833334,0.8828125,0.1171875,0.9529622395833334,0.8828125,,,1,unanimous,-0.0,0.05266747271189598,unanimous_correct
487,487,1,meningioma,1,0.9990234375,0.9990234375,0,1,0.9951171875,0.9951171875,0,1,0.94384765625,0.94384765625,0,0,correct_all,none,0.9793294270833334,0.94384765625,0.05517578125,0.9793294270833334,0.94384765625,,,1,unanimous,-0.0,0.023698034030044723,unanimous_correct
488,488,1,meningioma,1,1.0,1.0,0,1,1.0,1.0,0,1,0.552734375,0.552734375,0,0,correct_all,none,0.8509114583333334,0.552734375,0.447265625,0.8509114583333334,0.552734375,,,1,unanimous,-0.0,0.27679363375686517,unanimous_correct
489,489,1,meningioma,1,1.0,1.0,0,1,1.0,1.0,0,1,0.99609375,0.99609375,0,0,correct_all,none,0.9986979166666666,0.99609375,0.00390625,0.9986979166666666,0.99609375,,,1,unanimous,-0.0,0.0017867246215342112,unanimous_correct
490,490,1,meningioma,1,0.96337890625,0.96337890625,0,1,0.994140625,0.994140625,0,1,0.931640625,0.931640625,0,0,correct_all,none,0.9630533854166666,0.931640625,0.0625,0.9630533854166666,0.931640625,,,1,unanimous,-0.0,0.03494725064946633,unanimous_correct
491,491,1,meningioma,1,0.52783203125,0.52783203125,0,1,0.998046875,0.998046875,0,1,0.96142578125,0.96142578125,0,0,correct_all,none,0.8291015625,0.52783203125,0.47021484375,0.8291015625,0.52783203125,,,1,unanimous,-0.0,0.2452346936470669,unanimous_correct
492,492,1,meningioma,1,0.994140625,0.994140625,0,1,0.92431640625,0.92431640625,0,3,0.94287109375,0.051055908203125,1,1,one_model_failure,EffNet,0.9537760416666666,0.92431640625,0.06982421875,0.6565043131510416,0.051055908203125,0.94287109375,0.051055908203125,2,split_2_1,0.9182958340544896,0.6849604170775077,disagreement
493,493,1,meningioma,1,0.994140625,0.994140625,0,1,1.0,1.0,0,1,0.7509765625,0.7509765625,0,0,correct_all,none,0.9150390625,0.7509765625,0.2490234375,0.9150390625,0.7509765625,,,1,unanimous,-0.0,0.13210404751407695,unanimous_correct
494,494,1,meningioma,1,0.68212890625,0.68212890625,0,3,0.88134765625,0.1160888671875,1,1,0.9384765625,0.9384765625,0,1,one_model_failure,ResNet,0.833984375,0.68212890625,0.25634765625,0.5788981119791666,0.1160888671875,0.88134765625,0.1160888671875,2,split_2_1,0.9182958340544896,0.5601810438655171,disagreement
495,495,1,meningioma,1,0.69775390625,0.69775390625,0,3,0.6630859375,0.08502197265625,1,0,0.94970703125,0.03790283203125,1,2,two_model_failures,ResNet+EffNet,0.7701822916666666,0.6630859375,0.28662109375,0.2735595703125,0.03790283203125,0.806396484375,0.06146240234375,3,split_1_1_1,1.584962500721156,0.7358982026650348,disagreement
496,496,1,meningioma,3,0.8896484375,0.09906005859375,1,3,0.990234375,0.00804901123046875,1,3,0.89990234375,0.081787109375,1,3,shared_failure,VGG+ResNet+EffNet,0.9265950520833334,0.8896484375,0.1005859375,0.06296539306640625,0.00804901123046875,0.9265950520833334,0.06296539306640625,1,unanimous,-0.0,0.03790844302954388,unanimous_wrong
497,497,1,meningioma,1,0.97900390625,0.97900390625,0,1,0.91748046875,0.91748046875,0,1,0.55126953125,0.55126953125,0,0,correct_all,none,0.81591796875,0.55126953125,0.427734375,0.81591796875,0.55126953125,,,1,unanimous,-0.0,0.2523091040623501,unanimous_correct
498,498,1,meningioma,1,0.9921875,0.9921875,0,1,0.79833984375,0.79833984375,0,1,0.916015625,0.916015625,0,0,correct_all,none,0.9021809895833334,0.79833984375,0.19384765625,0.9021809895833334,0.79833984375,,,1,unanimous,-0.0,0.09964962678317002,unanimous_correct
499,499,1,meningioma,1,1.0,1.0,0,1,0.9892578125,0.9892578125,0,1,0.93603515625,0.93603515625,0,0,correct_all,none,0.97509765625,0.93603515625,0.06396484375,0.97509765625,0.93603515625,,,1,unanimous,-0.0,0.03237478816687331,unanimous_correct
500,500,1,meningioma,1,0.97802734375,0.97802734375,0,1,0.8662109375,0.8662109375,0,1,0.94140625,0.94140625,0,0,correct_all,none,0.9285481770833334,0.8662109375,0.11181640625,0.9285481770833334,0.8662109375,,,1,unanimous,-0.0,0.02656622078088966,unanimous_correct
501,501,1,meningioma,1,1.0,1.0,0,1,1.0,1.0,0,1,0.94921875,0.94921875,0,0,correct_all,none,0.9830729166666666,0.94921875,0.05078125,0.9830729166666666,0.94921875,,,1,unanimous,-0.0,0.027340812411951215,unanimous_correct
502,502,1,meningioma,1,1.0,1.0,0,1,0.9990234375,0.9990234375,0,1,0.8818359375,0.8818359375,0,0,correct_all,none,0.9602864583333334,0.8818359375,0.1181640625,0.9602864583333334,0.8818359375,,,1,unanimous,-0.0,0.06205823104882771,unanimous_correct
503,503,1,meningioma,1,0.998046875,0.998046875,0,1,0.994140625,0.994140625,0,1,0.7119140625,0.7119140625,0,0,correct_all,none,0.9013671875,0.7119140625,0.2861328125,0.9013671875,0.7119140625,,,1,unanimous,-0.0,0.15189633750253978,unanimous_correct
504,504,1,meningioma,1,0.9990234375,0.9990234375,0,1,0.97314453125,0.97314453125,0,1,0.990234375,0.990234375,0,0,correct_all,none,0.9874674479166666,0.97314453125,0.02587890625,0.9874674479166666,0.97314453125,,,1,unanimous,-0.0,0.007864837710569991,unanimous_correct
505,505,1,meningioma,1,0.71044921875,0.71044921875,0,3,0.94921875,0.04736328125,1,3,0.970703125,0.0289764404296875,1,2,two_model_failures,ResNet+EffNet,0.8767903645833334,0.71044921875,0.26025390625,0.2622629801432292,0.0289764404296875,0.9599609375,0.03816986083984375,2,split_2_1,0.9182958340544896,0.38682654991971455,disagreement
506,506,1,meningioma,1,1.0,1.0,0,1,1.0,1.0,0,1,0.98193359375,0.98193359375,0,0,correct_all,none,0.9939778645833334,0.98193359375,0.01806640625,0.9939778645833334,0.98193359375,,,1,unanimous,-0.0,0.009453729956640407,unanimous_correct
507,507,1,meningioma,1,0.6748046875,0.6748046875,0,1,0.95166015625,0.95166015625,0,1,0.669921875,0.669921875,0,0,correct_all,none,0.7654622395833334,0.669921875,0.28173828125,0.7654622395833334,0.669921875,,,1,unanimous,-0.0,0.08919711528583152,unanimous_correct
508,508,1,meningioma,1,0.98193359375,0.98193359375,0,1,0.9921875,0.9921875,0,1,0.984375,0.984375,0,0,correct_all,none,0.9861653645833334,0.98193359375,0.01025390625,0.9861653645833334,0.98193359375,,,1,unanimous,-0.0,0.006941927867743919,unanimous_correct
509,509,1,meningioma,1,1.0,1.0,0,1,0.98388671875,0.98388671875,0,1,0.546875,0.546875,0,0,correct_all,none,0.8435872395833334,0.546875,0.453125,0.8435872395833334,0.546875,,,1,unanimous,-0.0,0.2575505906361566,unanimous_correct
510,510,1,meningioma,1,1.0,1.0,0,1,1.0,1.0,0,1,0.7998046875,0.7998046875,0,0,correct_all,none,0.9332682291666666,0.7998046875,0.2001953125,0.9332682291666666,0.7998046875,,,1,unanimous,-0.0,0.11090714287256065,unanimous_correct
511,511,1,meningioma,1,1.0,1.0,0,1,0.9990234375,0.9990234375,0,1,0.84619140625,0.84619140625,0,0,correct_all,none,0.9484049479166666,0.84619140625,0.15380859375,0.9484049479166666,0.84619140625,,,1,unanimous,-0.0,0.08277268222365827,unanimous_correct
512,512,1,meningioma,1,1.0,1.0,0,1,0.9990234375,0.9990234375,0,1,0.7392578125,0.7392578125,0,0,correct_all,none,0.9127604166666666,0.7392578125,0.2607421875,0.9127604166666666,0.7392578125,,,1,unanimous,-0.0,0.14806270183424186,unanimous_correct
513,513,1,meningioma,1,1.0,1.0,0,1,1.0,1.0,0,1,0.810546875,0.810546875,0,0,correct_all,none,0.9368489583333334,0.810546875,0.189453125,0.9368489583333334,0.810546875,,,1,unanimous,-0.0,0.10576486053257098,unanimous_correct
514,514,1,meningioma,1,1.0,1.0,0,1,1.0,1.0,0,1,0.97705078125,0.97705078125,0,0,correct_all,none,0.9923502604166666,0.97705078125,0.02294921875,0.9923502604166666,0.97705078125,,,1,unanimous,-0.0,0.012198745315839997,unanimous_correct
515,515,1,meningioma,1,1.0,1.0,0,1,1.0,1.0,0,1,0.984375,0.984375,0,0,correct_all,none,0.9947916666666666,0.984375,0.015625,0.9947916666666666,0.984375,,,1,unanimous,-0.0,0.007929697229948823,unanimous_correct
516,516,1,meningioma,1,0.9990234375,0.9990234375,0,1,1.0,1.0,0,1,0.990234375,0.990234375,0,0,correct_all,none,0.9964192708333334,0.990234375,0.009765625,0.9964192708333334,0.990234375,,,1,unanimous,-0.0,0.003769542605329662,unanimous_correct
517,517,1,meningioma,1,0.99609375,0.99609375,0,1,1.0,1.0,0,1,0.9375,0.9375,0,0,correct_all,none,0.9778645833333334,0.9375,0.0625,0.9778645833333334,0.9375,,,1,unanimous,-0.0,0.03229616906226687,unanimous_correct
518,518,1,meningioma,1,1.0,1.0,0,1,1.0,1.0,0,1,0.98193359375,0.98193359375,0,0,correct_all,none,0.9939778645833334,0.98193359375,0.01806640625,0.9939778645833334,0.98193359375,,,1,unanimous,-0.0,0.009536752714663976,unanimous_correct
519,519,1,meningioma,1,0.9990234375,0.9990234375,0,1,0.9970703125,0.9970703125,0,1,0.97705078125,0.97705078125,0,0,correct_all,none,0.9910481770833334,0.97705078125,0.02197265625,0.9910481770833334,0.97705078125,,,1,unanimous,-0.0,0.009061501366646546,unanimous_correct
520,520,1,meningioma,1,0.9013671875,0.9013671875,0,1,0.99609375,0.99609375,0,3,0.85498046875,0.143798828125,1,1,one_model_failure,EffNet,0.91748046875,0.85498046875,0.14111328125,0.680419921875,0.143798828125,0.85498046875,0.143798828125,2,split_2_1,0.9182958340544896,0.5391674549069387,disagreement
521,521,1,meningioma,3,0.7431640625,0.2568359375,1,3,0.80322265625,0.18359375,1,3,0.85546875,0.143310546875,1,3,shared_failure,VGG+ResNet+EffNet,0.8006184895833334,0.7431640625,0.1123046875,0.194580078125,0.143310546875,0.8006184895833334,0.194580078125,1,unanimous,-0.0,0.015661255011957476,unanimous_wrong
522,522,1,meningioma,1,1.0,1.0,0,1,1.0,1.0,0,1,0.5771484375,0.5771484375,0,0,correct_all,none,0.8590494791666666,0.5771484375,0.4228515625,0.8590494791666666,0.5771484375,,,1,unanimous,-0.0,0.25813491465279514,unanimous_correct
523,523,1,meningioma,1,1.0,1.0,0,1,0.9970703125,0.9970703125,0,1,0.7900390625,0.7900390625,0,0,correct_all,none,0.9290364583333334,0.7900390625,0.2099609375,0.9290364583333334,0.7900390625,,,1,unanimous,-0.0,0.11287061289165101,unanimous_correct
524,524,1,meningioma,1,0.99609375,0.99609375,0,1,0.9931640625,0.9931640625,0,1,0.7431640625,0.7431640625,0,0,correct_all,none,0.9108072916666666,0.7431640625,0.2529296875,0.9108072916666666,0.7431640625,,,1,unanimous,-0.0,0.12965867909359352,unanimous_correct
525,525,1,meningioma,1,0.984375,0.984375,0,1,0.970703125,0.970703125,0,0,0.63525390625,0.3603515625,1,1,one_model_failure,EffNet,0.8634440104166666,0.63525390625,0.34912109375,0.7718098958333334,0.3603515625,0.63525390625,0.3603515625,2,split_2_1,0.9182958340544896,0.36662090405331765,disagreement
526,526,1,meningioma,1,1.0,1.0,0,1,0.98828125,0.98828125,0,1,0.78369140625,0.78369140625,0,0,correct_all,none,0.9239908854166666,0.78369140625,0.21630859375,0.9239908854166666,0.78369140625,,,1,unanimous,-0.0,0.10657121799029784,unanimous_correct
527,527,1,meningioma,1,0.93359375,0.93359375,0,1,0.99609375,0.99609375,0,0,0.8154296875,0.1807861328125,1,1,one_model_failure,EffNet,0.9150390625,0.8154296875,0.1806640625,0.7034912109375,0.1807861328125,0.8154296875,0.1807861328125,2,split_2_1,0.9182958340544896,0.5249211874132933,disagreement
528,528,1,meningioma,1,1.0,1.0,0,1,1.0,1.0,0,1,0.82861328125,0.82861328125,0,0,correct_all,none,0.94287109375,0.82861328125,0.17138671875,0.94287109375,0.82861328125,,,1,unanimous,-0.0,0.09558405701704101,unanimous_correct
529,529,1,meningioma,1,0.98291015625,0.98291015625,0,1,1.0,1.0,0,1,0.96337890625,0.96337890625,0,0,correct_all,none,0.9820963541666666,0.96337890625,0.03662109375,0.9820963541666666,0.96337890625,,,1,unanimous,-0.0,0.013432370174632946,unanimous_correct
530,530,1,meningioma,1,0.99609375,0.99609375,0,1,0.9990234375,0.9990234375,0,1,0.95361328125,0.95361328125,0,0,correct_all,none,0.98291015625,0.95361328125,0.04541015625,0.98291015625,0.95361328125,,,1,unanimous,-0.0,0.01967706500597627,unanimous_correct
531,531,1,meningioma,1,0.94140625,0.94140625,0,1,0.9990234375,0.9990234375,0,0,0.78271484375,0.1514892578125,1,1,one_model_failure,EffNet,0.90771484375,0.78271484375,0.21630859375,0.6973063151041666,0.1514892578125,0.78271484375,0.1514892578125,2,split_2_1,0.9182958340544896,0.6305560148113631,disagreement
532,532,1,meningioma,1,0.998046875,0.998046875,0,1,0.955078125,0.955078125,0,1,0.98388671875,0.98388671875,0,0,correct_all,none,0.97900390625,0.955078125,0.04296875,0.97900390625,0.955078125,,,1,unanimous,-0.0,0.016915057558991115,unanimous_correct
533,533,1,meningioma,1,1.0,1.0,0,1,0.998046875,0.998046875,0,1,0.94482421875,0.94482421875,0,0,correct_all,none,0.98095703125,0.94482421875,0.05517578125,0.98095703125,0.94482421875,,,1,unanimous,-0.0,0.026643297656737078,unanimous_correct
534,534,1,meningioma,1,1.0,1.0,0,1,1.0,1.0,0,1,0.8271484375,0.8271484375,0,0,correct_all,none,0.9423828125,0.8271484375,0.1728515625,0.9423828125,0.8271484375,,,1,unanimous,-0.0,0.09651565538509738,unanimous_correct
535,535,1,meningioma,1,0.99609375,0.99609375,0,3,0.6015625,0.397705078125,1,1,0.744140625,0.744140625,0,1,one_model_failure,ResNet,0.7805989583333334,0.6015625,0.39453125,0.712646484375,0.397705078125,0.6015625,0.397705078125,2,split_2_1,0.9182958340544896,0.2619923822983372,disagreement
536,536,1,meningioma,1,0.9970703125,0.9970703125,0,1,0.9541015625,0.9541015625,0,1,0.88818359375,0.88818359375,0,0,correct_all,none,0.9464518229166666,0.88818359375,0.10888671875,0.9464518229166666,0.88818359375,,,1,unanimous,-0.0,0.04506117430804524,unanimous_correct
537,537,1,meningioma,1,0.73486328125,0.73486328125,0,1,0.916015625,0.916015625,0,1,0.54736328125,0.54736328125,0,0,correct_all,none,0.7327473958333334,0.54736328125,0.36865234375,0.7327473958333334,0.54736328125,,,1,unanimous,-0.0,0.09520301836906342,unanimous_correct
538,538,1,meningioma,3,0.64599609375,0.35400390625,1,3,0.86474609375,0.135009765625,1,3,0.80078125,0.1988525390625,1,3,shared_failure,VGG+ResNet+EffNet,0.7705078125,0.64599609375,0.21875,0.22928873697916666,0.135009765625,0.7705078125,0.22928873697916666,1,unanimous,-0.0,0.03416404137605289,unanimous_wrong
539,539,1,meningioma,1,1.0,1.0,0,1,1.0,1.0,0,1,0.9873046875,0.9873046875,0,0,correct_all,none,0.9957682291666666,0.9873046875,0.0126953125,0.9957682291666666,0.9873046875,,,1,unanimous,-0.0,0.006573177064328854,unanimous_correct
540,540,1,meningioma,1,0.990234375,0.990234375,0,1,0.9970703125,0.9970703125,0,1,0.9560546875,0.9560546875,0,0,correct_all,none,0.9811197916666666,0.9560546875,0.041015625,0.9811197916666666,0.9560546875,,,1,unanimous,-0.0,0.016956884577581266,unanimous_correct
541,541,1,meningioma,1,0.9267578125,0.9267578125,0,1,0.7802734375,0.7802734375,0,1,0.6904296875,0.6904296875,0,0,correct_all,none,0.7991536458333334,0.6904296875,0.236328125,0.7991536458333334,0.6904296875,,,1,unanimous,-0.0,0.1901316963155536,unanimous_correct
542,542,1,meningioma,1,0.9951171875,0.9951171875,0,1,0.99609375,0.99609375,0,1,0.98291015625,0.98291015625,0,0,correct_all,none,0.9913736979166666,0.98291015625,0.01318359375,0.9913736979166666,0.98291015625,,,1,unanimous,-0.0,0.0031109904549927736,unanimous_correct
543,543,1,meningioma,1,0.9921875,0.9921875,0,1,1.0,1.0,0,1,0.95263671875,0.95263671875,0,0,correct_all,none,0.9816080729166666,0.95263671875,0.04736328125,0.9816080729166666,0.95263671875,,,1,unanimous,-0.0,0.019925441219440065,unanimous_correct
544,544,1,meningioma,1,0.79150390625,0.79150390625,0,0,0.97265625,0.0279083251953125,1,0,0.9072265625,0.09136962890625,1,2,two_model_failures,ResNet+EffNet,0.8904622395833334,0.79150390625,0.18115234375,0.3035939534505208,0.0279083251953125,0.93994140625,0.05963897705078125,2,split_2_1,0.9182958340544896,0.43159543127140526,disagreement
545,545,1,meningioma,1,1.0,1.0,0,1,1.0,1.0,0,1,0.9677734375,0.9677734375,0,0,correct_all,none,0.9892578125,0.9677734375,0.0322265625,0.9892578125,0.9677734375,,,1,unanimous,-0.0,0.016178883069943223,unanimous_correct
546,546,1,meningioma,1,0.98095703125,0.98095703125,0,1,0.97900390625,0.97900390625,0,1,0.7099609375,0.7099609375,0,0,correct_all,none,0.8899739583333334,0.7099609375,0.27099609375,0.8899739583333334,0.7099609375,,,1,unanimous,-0.0,0.1161688230674604,unanimous_correct
547,547,1,meningioma,1,1.0,1.0,0,1,1.0,1.0,0,1,0.9853515625,0.9853515625,0,0,correct_all,none,0.9951171875,0.9853515625,0.0146484375,0.9951171875,0.9853515625,,,1,unanimous,-0.0,0.007562685433196728,unanimous_correct
548,548,1,meningioma,1,0.763671875,0.763671875,0,0,0.775390625,0.223876953125,1,1,0.7373046875,0.7373046875,0,1,one_model_failure,ResNet,0.7587890625,0.7373046875,0.0380859375,0.574951171875,0.223876953125,0.775390625,0.223876953125,2,split_2_1,0.9182958340544896,0.42957704903978,disagreement
549,549,1,meningioma,1,1.0,1.0,0,1,0.9990234375,0.9990234375,0,1,0.98193359375,0.98193359375,0,0,correct_all,none,0.99365234375,0.98193359375,0.01806640625,0.99365234375,0.98193359375,,,1,unanimous,-0.0,0.008799370324002347,unanimous_correct
550,550,1,meningioma,1,0.87353515625,0.87353515625,0,0,0.5576171875,0.278076171875,1,1,0.47314453125,0.47314453125,0,1,one_model_failure,ResNet,0.634765625,0.47314453125,0.400390625,0.5415852864583334,0.278076171875,0.5576171875,0.278076171875,2,split_2_1,0.9182958340544896,0.2264827586962046,disagreement
551,551,1,meningioma,1,1.0,1.0,0,1,0.998046875,0.998046875,0,1,0.921875,0.921875,0,0,correct_all,none,0.9733072916666666,0.921875,0.078125,0.9733072916666666,0.921875,,,1,unanimous,-0.0,0.038810460020962056,unanimous_correct
552,552,1,meningioma,1,0.9892578125,0.9892578125,0,1,0.9931640625,0.9931640625,0,1,0.998046875,0.998046875,0,0,correct_all,none,0.9934895833333334,0.9892578125,0.0087890625,0.9934895833333334,0.9892578125,,,1,unanimous,-0.0,0.003493178539422208,unanimous_correct
553,553,1,meningioma,1,1.0,1.0,0,1,0.9951171875,0.9951171875,0,2,0.533203125,0.44384765625,1,1,one_model_failure,EffNet,0.8427734375,0.533203125,0.466796875,0.81298828125,0.44384765625,0.533203125,0.44384765625,2,split_2_1,0.9182958340544896,0.35128834508011025,disagreement
554,554,1,meningioma,1,0.98828125,0.98828125,0,1,0.9892578125,0.9892578125,0,1,0.91650390625,0.91650390625,0,0,correct_all,none,0.9646809895833334,0.91650390625,0.07275390625,0.9646809895833334,0.91650390625,,,1,unanimous,-0.0,0.02381484514289059,unanimous_correct
555,555,1,meningioma,1,0.93017578125,0.93017578125,0,1,0.9990234375,0.9990234375,0,1,0.4921875,0.4921875,0,0,correct_all,none,0.80712890625,0.4921875,0.5068359375,0.80712890625,0.4921875,,,1,unanimous,-0.0,0.2578148264617742,unanimous_correct
556,556,1,meningioma,1,0.7529296875,0.7529296875,0,1,0.986328125,0.986328125,0,1,0.68701171875,0.68701171875,0,0,correct_all,none,0.8087565104166666,0.68701171875,0.29931640625,0.8087565104166666,0.68701171875,,,1,unanimous,-0.0,0.12524794879604573,unanimous_correct
557,557,1,meningioma,1,0.869140625,0.869140625,0,0,0.75244140625,0.1168212890625,1,1,0.58056640625,0.58056640625,0,1,one_model_failure,ResNet,0.7340494791666666,0.58056640625,0.28857421875,0.5221761067708334,0.1168212890625,0.75244140625,0.1168212890625,2,split_2_1,0.9182958340544896,0.47030274748726286,disagreement
558,558,1,meningioma,1,1.0,1.0,0,1,1.0,1.0,0,1,0.9921875,0.9921875,0,0,correct_all,none,0.9973958333333334,0.9921875,0.0078125,0.9973958333333334,0.9921875,,,1,unanimous,-0.0,0.004128723100185569,unanimous_correct
559,559,1,meningioma,1,0.990234375,0.990234375,0,1,0.9931640625,0.9931640625,0,1,0.82470703125,0.82470703125,0,0,correct_all,none,0.93603515625,0.82470703125,0.16845703125,0.93603515625,0.82470703125,,,1,unanimous,-0.0,0.07624543999298872,unanimous_correct
560,560,1,meningioma,1,1.0,1.0,0,1,1.0,1.0,0,1,0.81201171875,0.81201171875,0,0,correct_all,none,0.9373372395833334,0.81201171875,0.18798828125,0.9373372395833334,0.81201171875,,,1,unanimous,-0.0,0.10493289492955465,unanimous_correct
561,561,1,meningioma,0,0.9951171875,0.0048675537109375,1,0,0.998046875,0.0014886856079101562,1,0,0.95166015625,0.048492431640625,1,3,shared_failure,VGG+ResNet+EffNet,0.9816080729166666,0.95166015625,0.04638671875,0.01828289031982422,0.0014886856079101562,0.9816080729166666,0.01828289031982422,1,unanimous,-0.0,0.01824239250311681,unanimous_wrong
562,562,1,meningioma,1,1.0,1.0,0,1,1.0,1.0,0,1,0.90234375,0.90234375,0,0,correct_all,none,0.9674479166666666,0.90234375,0.09765625,0.9674479166666666,0.90234375,,,1,unanimous,-0.0,0.05214837091498398,unanimous_correct
563,563,1,meningioma,1,0.9716796875,0.9716796875,0,1,0.70703125,0.70703125,0,1,0.8642578125,0.8642578125,0,0,correct_all,none,0.84765625,0.70703125,0.2646484375,0.84765625,0.70703125,,,1,unanimous,-0.0,0.10786812633214904,unanimous_correct
564,564,1,meningioma,1,1.0,1.0,0,1,1.0,1.0,0,1,0.9912109375,0.9912109375,0,0,correct_all,none,0.9970703125,0.9912109375,0.0087890625,0.9970703125,0.9912109375,,,1,unanimous,-0.0,0.004653851334692566,unanimous_correct
565,565,1,meningioma,1,0.77099609375,0.77099609375,0,1,0.6982421875,0.6982421875,0,1,0.84130859375,0.84130859375,0,0,correct_all,none,0.7701822916666666,0.6982421875,0.14306640625,0.7701822916666666,0.6982421875,,,1,unanimous,-0.0,0.014738492549370097,unanimous_correct
566,566,1,meningioma,1,0.9990234375,0.9990234375,0,1,1.0,1.0,0,1,0.9677734375,0.9677734375,0,0,correct_all,none,0.9889322916666666,0.9677734375,0.0322265625,0.9889322916666666,0.9677734375,,,1,unanimous,-0.0,0.01531061867523481,unanimous_correct
567,567,1,meningioma,1,1.0,1.0,0,1,1.0,1.0,0,1,0.9658203125,0.9658203125,0,0,correct_all,none,0.9886067708333334,0.9658203125,0.0341796875,0.9886067708333334,0.9658203125,,,1,unanimous,-0.0,0.01766225999415867,unanimous_correct
568,568,1,meningioma,1,1.0,1.0,0,1,1.0,1.0,0,1,0.97509765625,0.97509765625,0,0,correct_all,none,0.99169921875,0.97509765625,0.02490234375,0.99169921875,0.97509765625,,,1,unanimous,-0.0,0.01342994246115689,unanimous_correct
569,569,1,meningioma,3,0.771484375,0.2281494140625,1,3,0.94189453125,0.004245758056640625,1,1,0.91748046875,0.91748046875,0,2,two_model_failures,VGG+ResNet,0.876953125,0.771484375,0.17041015625,0.38329188028971356,0.004245758056640625,0.856689453125,0.11619758605957031,2,split_2_1,0.9182958340544896,0.5712929842887674,disagreement
570,570,1,meningioma,1,0.7099609375,0.7099609375,0,1,0.9990234375,0.9990234375,0,1,0.91943359375,0.91943359375,0,0,correct_all,none,0.8761393229166666,0.7099609375,0.2890625,0.8761393229166666,0.7099609375,,,1,unanimous,-0.0,0.1146835246422726,unanimous_correct
571,571,1,meningioma,1,0.91357421875,0.91357421875,0,1,0.9052734375,0.9052734375,0,0,0.52197265625,0.277587890625,1,1,one_model_failure,EffNet,0.7802734375,0.52197265625,0.3916015625,0.6988118489583334,0.277587890625,0.52197265625,0.277587890625,2,split_2_1,0.9182958340544896,0.3236196325203172,disagreement
572,572,1,meningioma,1,1.0,1.0,0,1,1.0,1.0,0,1,0.9912109375,0.9912109375,0,0,correct_all,none,0.9970703125,0.9912109375,0.0087890625,0.9970703125,0.9912109375,,,1,unanimous,-0.0,0.004829981338200336,unanimous_correct
573,573,1,meningioma,1,1.0,1.0,0,1,1.0,1.0,0,1,0.98095703125,0.98095703125,0,0,correct_all,none,0.99365234375,0.98095703125,0.01904296875,0.99365234375,0.98095703125,,,1,unanimous,-0.0,0.010196786122470505,unanimous_correct
574,574,1,meningioma,1,0.998046875,0.998046875,0,1,0.97998046875,0.97998046875,0,1,0.65576171875,0.65576171875,0,0,correct_all,none,0.8779296875,0.65576171875,0.34228515625,0.8779296875,0.65576171875,,,1,unanimous,-0.0,0.1742725472835459,unanimous_correct
575,575,1,meningioma,1,1.0,1.0,0,1,1.0,1.0,0,1,0.98828125,0.98828125,0,0,correct_all,none,0.99609375,0.98828125,0.01171875,0.99609375,0.98828125,,,1,unanimous,-0.0,0.005660195501916196,unanimous_correct
576,576,1,meningioma,1,0.994140625,0.994140625,0,1,0.9853515625,0.9853515625,0,1,0.84423828125,0.84423828125,0,0,correct_all,none,0.9412434895833334,0.84423828125,0.14990234375,0.9412434895833334,0.84423828125,,,1,unanimous,-0.0,0.06751264357667858,unanimous_correct
577,577,1,meningioma,1,0.95361328125,0.95361328125,0,1,1.0,1.0,0,1,0.82861328125,0.82861328125,0,0,correct_all,none,0.9274088541666666,0.82861328125,0.17138671875,0.9274088541666666,0.82861328125,,,1,unanimous,-0.0,0.06387693354729446,unanimous_correct
578,578,1,meningioma,1,0.9990234375,0.9990234375,0,1,0.9375,0.9375,0,1,0.74267578125,0.74267578125,0,0,correct_all,none,0.89306640625,0.74267578125,0.25634765625,0.89306640625,0.74267578125,,,1,unanimous,-0.0,0.11460983987903134,unanimous_correct
579,579,1,meningioma,1,0.998046875,0.998046875,0,1,0.9892578125,0.9892578125,0,1,0.9541015625,0.9541015625,0,0,correct_all,none,0.98046875,0.9541015625,0.0439453125,0.98046875,0.9541015625,,,1,unanimous,-0.0,0.015896413317073838,unanimous_correct
580,580,1,meningioma,3,1.0,7.605552673339844e-05,1,3,0.99609375,0.0035228729248046875,1,3,0.9482421875,0.051544189453125,1,3,shared_failure,VGG+ResNet+EffNet,0.9814453125,0.9482421875,0.0517578125,0.018381039301554363,7.605552673339844e-05,0.9814453125,0.018381039301554363,1,unanimous,-0.0,0.023120781214443498,unanimous_wrong
581,581,1,meningioma,1,0.9931640625,0.9931640625,0,1,0.9990234375,0.9990234375,0,1,0.8056640625,0.8056640625,0,0,correct_all,none,0.9326171875,0.8056640625,0.193359375,0.9326171875,0.8056640625,,,1,unanimous,-0.0,0.09757307617538924,unanimous_correct
582,582,1,meningioma,1,0.99609375,0.99609375,0,1,0.7509765625,0.7509765625,0,1,0.818359375,0.818359375,0,0,correct_all,none,0.8551432291666666,0.7509765625,0.2451171875,0.8551432291666666,0.7509765625,,,1,unanimous,-0.0,0.08743735204059333,unanimous_correct
583,583,1,meningioma,1,1.0,1.0,0,1,1.0,1.0,0,1,0.97509765625,0.97509765625,0,0,correct_all,none,0.99169921875,0.97509765625,0.02490234375,0.99169921875,0.97509765625,,,1,unanimous,-0.0,0.012973866549673613,unanimous_correct
584,584,1,meningioma,1,1.0,1.0,0,1,0.9970703125,0.9970703125,0,1,0.763671875,0.763671875,0,0,correct_all,none,0.9202473958333334,0.763671875,0.236328125,0.9202473958333334,0.763671875,,,1,unanimous,-0.0,0.12879570266783513,unanimous_correct
585,585,1,meningioma,1,0.998046875,0.998046875,0,1,1.0,1.0,0,1,0.9453125,0.9453125,0,0,correct_all,none,0.9811197916666666,0.9453125,0.0546875,0.9811197916666666,0.9453125,,,1,unanimous,-0.0,0.025829279107780434,unanimous_correct
586,586,1,meningioma,1,0.9970703125,0.9970703125,0,1,1.0,1.0,0,1,0.8935546875,0.8935546875,0,0,correct_all,none,0.9635416666666666,0.8935546875,0.1064453125,0.9635416666666666,0.8935546875,,,1,unanimous,-0.0,0.055669489452655735,unanimous_correct
587,587,1,meningioma,1,0.998046875,0.998046875,0,1,0.9931640625,0.9931640625,0,1,0.97314453125,0.97314453125,0,0,correct_all,none,0.9881184895833334,0.97314453125,0.02490234375,0.9881184895833334,0.97314453125,,,1,unanimous,-0.0,0.011139319310741844,unanimous_correct
588,588,1,meningioma,1,1.0,1.0,0,1,1.0,1.0,0,1,0.87060546875,0.87060546875,0,0,correct_all,none,0.9568684895833334,0.87060546875,0.12939453125,0.9568684895833334,0.87060546875,,,1,unanimous,-0.0,0.07094418320710444,unanimous_correct
589,589,1,meningioma,1,1.0,1.0,0,1,1.0,1.0,0,1,0.95947265625,0.95947265625,0,0,correct_all,none,0.9864908854166666,0.95947265625,0.04052734375,0.9864908854166666,0.95947265625,,,1,unanimous,-0.0,0.021022313782340638,unanimous_correct
590,590,1,meningioma,1,0.857421875,0.857421875,0,1,0.9677734375,0.9677734375,0,1,0.79248046875,0.79248046875,0,0,correct_all,none,0.87255859375,0.79248046875,0.17529296875,0.87255859375,0.79248046875,,,1,unanimous,-0.0,0.05242760291361159,unanimous_correct
591,591,1,meningioma,1,0.9921875,0.9921875,0,1,1.0,1.0,0,1,0.93408203125,0.93408203125,0,0,correct_all,none,0.9754231770833334,0.93408203125,0.06591796875,0.9754231770833334,0.93408203125,,,1,unanimous,-0.0,0.02928637661541028,unanimous_correct
592,592,1,meningioma,1,1.0,1.0,0,1,0.9990234375,0.9990234375,0,1,0.86279296875,0.86279296875,0,0,correct_all,none,0.9539388020833334,0.86279296875,0.13720703125,0.9539388020833334,0.86279296875,,,1,unanimous,-0.0,0.07571886733940353,unanimous_correct
593,593,1,meningioma,1,1.0,1.0,0,1,1.0,1.0,0,1,0.97900390625,0.97900390625,0,0,correct_all,none,0.9930013020833334,0.97900390625,0.02099609375,0.9930013020833334,0.97900390625,,,1,unanimous,-0.0,0.0109837001206173,unanimous_correct
594,594,1,meningioma,1,0.8759765625,0.8759765625,0,1,0.775390625,0.775390625,0,3,0.7841796875,0.2147216796875,1,1,one_model_failure,EffNet,0.8118489583333334,0.775390625,0.1005859375,0.6220296223958334,0.2147216796875,0.7841796875,0.2147216796875,2,split_2_1,0.9182958340544896,0.27052150670518926,disagreement
595,595,1,meningioma,1,0.87353515625,0.87353515625,0,0,0.85888671875,0.135986328125,1,2,0.51904296875,0.451904296875,1,2,two_model_failures,ResNet+EffNet,0.75048828125,0.51904296875,0.3544921875,0.4871419270833333,0.135986328125,0.68896484375,0.2939453125,3,split_1_1_1,1.584962500721156,0.7510734266486225,disagreement
596,596,1,meningioma,1,0.994140625,0.994140625,0,1,0.9990234375,0.9990234375,0,1,0.90869140625,0.90869140625,0,0,correct_all,none,0.96728515625,0.90869140625,0.09033203125,0.96728515625,0.90869140625,,,1,unanimous,-0.0,0.044608492441221365,unanimous_correct
597,597,1,meningioma,1,1.0,1.0,0,1,1.0,1.0,0,1,0.98095703125,0.98095703125,0,0,correct_all,none,0.99365234375,0.98095703125,0.01904296875,0.99365234375,0.98095703125,,,1,unanimous,-0.0,0.009532570746978448,unanimous_correct
598,598,1,meningioma,1,0.99609375,0.99609375,0,1,0.99609375,0.99609375,0,1,0.97705078125,0.97705078125,0,0,correct_all,none,0.98974609375,0.97705078125,0.01904296875,0.98974609375,0.97705078125,,,1,unanimous,-0.0,0.011331487069642668,unanimous_correct
599,599,1,meningioma,2,0.994140625,0.00577545166015625,1,2,0.986328125,0.0102996826171875,1,2,0.8310546875,0.1658935546875,1,3,shared_failure,VGG+ResNet+EffNet,0.9371744791666666,0.8310546875,0.1630859375,0.060656229654947914,0.00577545166015625,0.9371744791666666,0.060656229654947914,1,unanimous,-0.0,0.07096701192063098,unanimous_wrong
600,600,1,meningioma,1,1.0,1.0,0,1,1.0,1.0,0,1,0.916015625,0.916015625,0,0,correct_all,none,0.9720052083333334,0.916015625,0.083984375,0.9720052083333334,0.916015625,,,1,unanimous,-0.0,0.04473670869016391,unanimous_correct
601,601,1,meningioma,1,0.9990234375,0.9990234375,0,1,1.0,1.0,0,1,0.72119140625,0.72119140625,0,0,correct_all,none,0.90673828125,0.72119140625,0.27880859375,0.90673828125,0.72119140625,,,1,unanimous,-0.0,0.15792475453460664,unanimous_correct
602,602,1,meningioma,1,1.0,1.0,0,1,1.0,1.0,0,1,0.9716796875,0.9716796875,0,0,correct_all,none,0.9905598958333334,0.9716796875,0.0283203125,0.9905598958333334,0.9716796875,,,1,unanimous,-0.0,0.014926787363210667,unanimous_correct
603,603,1,meningioma,1,0.998046875,0.998046875,0,1,0.9931640625,0.9931640625,0,1,0.9404296875,0.9404296875,0,0,correct_all,none,0.9772135416666666,0.9404296875,0.0576171875,0.9772135416666666,0.9404296875,,,1,unanimous,-0.0,0.024428023241719887,unanimous_correct
604,604,1,meningioma,1,0.9990234375,0.9990234375,0,1,0.89892578125,0.89892578125,0,1,0.970703125,0.970703125,0,0,correct_all,none,0.9562174479166666,0.89892578125,0.10009765625,0.9562174479166666,0.89892578125,,,1,unanimous,-0.0,0.053806149539167514,unanimous_correct
605,605,1,meningioma,1,0.9931640625,0.9931640625,0,1,0.97900390625,0.97900390625,0,1,0.8984375,0.8984375,0,0,correct_all,none,0.9568684895833334,0.8984375,0.0947265625,0.9568684895833334,0.8984375,,,1,unanimous,-0.0,0.031634924757794614,unanimous_correct
606,606,1,meningioma,1,1.0,1.0,0,1,0.9990234375,0.9990234375,0,1,0.95166015625,0.95166015625,0,0,correct_all,none,0.9835611979166666,0.95166015625,0.04833984375,0.9835611979166666,0.95166015625,,,1,unanimous,-0.0,0.023426242086327848,unanimous_correct
607,607,1,meningioma,1,0.99609375,0.99609375,0,1,0.998046875,0.998046875,0,1,0.79833984375,0.79833984375,0,0,correct_all,none,0.9308268229166666,0.79833984375,0.19970703125,0.9308268229166666,0.79833984375,,,1,unanimous,-0.0,0.10211310781807909,unanimous_correct
608,608,1,meningioma,1,1.0,1.0,0,1,0.9990234375,0.9990234375,0,1,0.958984375,0.958984375,0,0,correct_all,none,0.9860026041666666,0.958984375,0.041015625,0.9860026041666666,0.958984375,,,1,unanimous,-0.0,0.019020321148490116,unanimous_correct
609,609,1,meningioma,1,1.0,1.0,0,1,0.9931640625,0.9931640625,0,1,0.96044921875,0.96044921875,0,0,correct_all,none,0.9845377604166666,0.96044921875,0.03955078125,0.9845377604166666,0.96044921875,,,1,unanimous,-0.0,0.019277079821049772,unanimous_correct
610,610,1,meningioma,1,1.0,1.0,0,1,1.0,1.0,0,1,0.9970703125,0.9970703125,0,0,correct_all,none,0.9990234375,0.9970703125,0.0029296875,0.9990234375,0.9970703125,,,1,unanimous,-0.0,0.000982295156554281,unanimous_correct
611,611,1,meningioma,1,1.0,1.0,0,1,0.9990234375,0.9990234375,0,1,0.76416015625,0.76416015625,0,0,correct_all,none,0.9210611979166666,0.76416015625,0.23583984375,0.9210611979166666,0.76416015625,,,1,unanimous,-0.0,0.13230331944467644,unanimous_correct
612,612,1,meningioma,1,0.9921875,0.9921875,0,1,1.0,1.0,0,1,0.93408203125,0.93408203125,0,0,correct_all,none,0.9754231770833334,0.93408203125,0.06591796875,0.9754231770833334,0.93408203125,,,1,unanimous,-0.0,0.02928637661541028,unanimous_correct
613,613,1,meningioma,1,1.0,1.0,0,1,1.0,1.0,0,1,0.9990234375,0.9990234375,0,0,correct_all,none,0.9996744791666666,0.9990234375,0.0009765625,0.9996744791666666,0.9990234375,,,1,unanimous,-0.0,0.0005857152345650242,unanimous_correct
614,614,1,meningioma,1,1.0,1.0,0,1,1.0,1.0,0,1,0.94970703125,0.94970703125,0,0,correct_all,none,0.9832356770833334,0.94970703125,0.05029296875,0.9832356770833334,0.94970703125,,,1,unanimous,-0.0,0.02651638754505352,unanimous_correct
615,615,1,meningioma,1,1.0,1.0,0,1,1.0,1.0,0,1,0.998046875,0.998046875,0,0,correct_all,none,0.9993489583333334,0.998046875,0.001953125,0.9993489583333334,0.998046875,,,1,unanimous,-0.0,0.0011769359114936258,unanimous_correct
616,616,1,meningioma,3,0.689453125,0.28515625,1,0,0.583984375,0.1942138671875,1,3,0.546875,0.42578125,1,3,shared_failure,VGG+ResNet+EffNet,0.6067708333333334,0.546875,0.142578125,0.3017171223958333,0.1942138671875,0.6067708333333334,0.3017171223958333,2,split_2_1,0.9182958340544896,0.373224611024481,disagreement
617,617,1,meningioma,1,0.9912109375,0.9912109375,0,1,0.998046875,0.998046875,0,1,0.505859375,0.505859375,0,0,correct_all,none,0.8317057291666666,0.505859375,0.4921875,0.8317057291666666,0.505859375,,,1,unanimous,-0.0,0.2897133208063205,unanimous_correct
618,618,1,meningioma,1,1.0,1.0,0,1,0.99609375,0.99609375,0,1,0.7431640625,0.7431640625,0,0,correct_all,none,0.9130859375,0.7431640625,0.2568359375,0.9130859375,0.7431640625,,,1,unanimous,-0.0,0.14320573999939196,unanimous_correct
619,619,1,meningioma,1,0.9990234375,0.9990234375,0,1,0.9970703125,0.9970703125,0,1,0.95947265625,0.95947265625,0,0,correct_all,none,0.9851888020833334,0.95947265625,0.03955078125,0.9851888020833334,0.95947265625,,,1,unanimous,-0.0,0.021189287699311943,unanimous_correct
620,620,1,meningioma,1,0.83544921875,0.83544921875,0,1,0.9990234375,0.9990234375,0,1,0.818359375,0.818359375,0,0,correct_all,none,0.88427734375,0.818359375,0.1806640625,0.88427734375,0.818359375,,,1,unanimous,-0.0,0.11722110511399941,unanimous_correct
621,621,1,meningioma,1,0.9990234375,0.9990234375,0,1,1.0,1.0,0,1,0.97509765625,0.97509765625,0,0,correct_all,none,0.9913736979166666,0.97509765625,0.02490234375,0.9913736979166666,0.97509765625,,,1,unanimous,-0.0,0.011955504543485429,unanimous_correct
622,622,1,meningioma,1,1.0,1.0,0,1,1.0,1.0,0,1,0.958984375,0.958984375,0,0,correct_all,none,0.986328125,0.958984375,0.041015625,0.986328125,0.958984375,,,1,unanimous,-0.0,0.021358319051441157,unanimous_correct
623,623,1,meningioma,1,1.0,1.0,0,1,0.99609375,0.99609375,0,1,0.80712890625,0.80712890625,0,0,correct_all,none,0.9344075520833334,0.80712890625,0.19287109375,0.9344075520833334,0.80712890625,,,1,unanimous,-0.0,0.10267806674940322,unanimous_correct
624,624,1,meningioma,1,1.0,1.0,0,1,0.9716796875,0.9716796875,0,1,0.564453125,0.564453125,0,0,correct_all,none,0.8453776041666666,0.564453125,0.435546875,0.8453776041666666,0.564453125,,,1,unanimous,-0.0,0.2430336486760185,unanimous_correct
625,625,1,meningioma,1,0.9462890625,0.9462890625,0,3,0.56982421875,0.43017578125,1,3,0.9375,0.053009033203125,1,2,two_model_failures,ResNet+EffNet,0.81787109375,0.56982421875,0.37646484375,0.4764912923177083,0.053009033203125,0.753662109375,0.2415924072265625,2,split_2_1,0.9182958340544896,0.4718405801829123,disagreement
626,626,1,meningioma,1,1.0,1.0,0,1,1.0,1.0,0,1,0.9970703125,0.9970703125,0,0,correct_all,none,0.9990234375,0.9970703125,0.0029296875,0.9990234375,0.9970703125,,,1,unanimous,-0.0,0.0016385273398359067,unanimous_correct
627,627,1,meningioma,1,1.0,1.0,0,1,1.0,1.0,0,1,0.96337890625,0.96337890625,0,0,correct_all,none,0.98779296875,0.96337890625,0.03662109375,0.98779296875,0.96337890625,,,1,unanimous,-0.0,0.01844774915996228,unanimous_correct
628,628,1,meningioma,1,1.0,1.0,0,1,1.0,1.0,0,1,0.6904296875,0.6904296875,0,0,correct_all,none,0.8968098958333334,0.6904296875,0.3095703125,0.8968098958333334,0.6904296875,,,1,unanimous,-0.0,0.18146850150696325,unanimous_correct
629,629,1,meningioma,1,1.0,1.0,0,1,1.0,1.0,0,1,0.71728515625,0.71728515625,0,0,correct_all,none,0.90576171875,0.71728515625,0.28271484375,0.90576171875,0.71728515625,,,1,unanimous,-0.0,0.1642401615671451,unanimous_correct
630,630,1,meningioma,1,1.0,1.0,0,1,1.0,1.0,0,1,0.66845703125,0.66845703125,0,0,correct_all,none,0.8894856770833334,0.66845703125,0.33154296875,0.8894856770833334,0.66845703125,,,1,unanimous,-0.0,0.1948349672442095,unanimous_correct
631,631,1,meningioma,1,1.0,1.0,0,1,1.0,1.0,0,1,0.80419921875,0.80419921875,0,0,correct_all,none,0.9347330729166666,0.80419921875,0.19580078125,0.9347330729166666,0.80419921875,,,1,unanimous,-0.0,0.10954178780027982,unanimous_correct
632,632,1,meningioma,1,0.9892578125,0.9892578125,0,1,0.9990234375,0.9990234375,0,1,0.990234375,0.990234375,0,0,correct_all,none,0.9928385416666666,0.9892578125,0.009765625,0.9928385416666666,0.9892578125,,,1,unanimous,-0.0,0.002686672432878373,unanimous_correct
633,633,1,meningioma,1,1.0,1.0,0,1,1.0,1.0,0,1,0.95263671875,0.95263671875,0,0,correct_all,none,0.9842122395833334,0.95263671875,0.04736328125,0.9842122395833334,0.95263671875,,,1,unanimous,-0.0,0.02479963822002186,unanimous_correct
634,634,1,meningioma,3,0.5654296875,0.434326171875,1,1,0.96435546875,0.96435546875,0,3,0.76953125,0.229736328125,1,2,two_model_failures,VGG+EffNet,0.7664388020833334,0.5654296875,0.39892578125,0.5428059895833334,0.229736328125,0.66748046875,0.33203125,2,split_2_1,0.9182958340544896,0.33273915457327896,disagreement
635,635,1,meningioma,1,1.0,1.0,0,1,1.0,1.0,0,1,0.97705078125,0.97705078125,0,0,correct_all,none,0.9923502604166666,0.97705078125,0.02294921875,0.9923502604166666,0.97705078125,,,1,unanimous,-0.0,0.011982739104886675,unanimous_correct
636,636,1,meningioma,1,0.82177734375,0.82177734375,0,0,0.96435546875,0.0350341796875,1,1,0.9697265625,0.9697265625,0,1,one_model_failure,ResNet,0.9186197916666666,0.82177734375,0.14794921875,0.6088460286458334,0.0350341796875,0.96435546875,0.0350341796875,2,split_2_1,0.9182958340544896,0.6358200229274777,disagreement
637,637,1,meningioma,1,0.9990234375,0.9990234375,0,1,0.701171875,0.701171875,0,1,0.9853515625,0.9853515625,0,0,correct_all,none,0.8951822916666666,0.701171875,0.2978515625,0.8951822916666666,0.701171875,,,1,unanimous,-0.0,0.15441323399730483,unanimous_correct
638,638,1,meningioma,1,1.0,1.0,0,1,0.99609375,0.99609375,0,1,0.76611328125,0.76611328125,0,0,correct_all,none,0.9207356770833334,0.76611328125,0.23388671875,0.9207356770833334,0.76611328125,,,1,unanimous,-0.0,0.12588161823945015,unanimous_correct
639,639,1,meningioma,1,0.9326171875,0.9326171875,0,1,0.97412109375,0.97412109375,0,1,0.6748046875,0.6748046875,0,0,correct_all,none,0.8605143229166666,0.6748046875,0.29931640625,0.8605143229166666,0.6748046875,,,1,unanimous,-0.0,0.10701036052515245,unanimous_correct
640,640,1,meningioma,1,0.94970703125,0.94970703125,0,1,0.95166015625,0.95166015625,0,1,0.52734375,0.52734375,0,0,correct_all,none,0.8095703125,0.52734375,0.42431640625,0.8095703125,0.52734375,,,1,unanimous,-0.0,0.18183860036848476,unanimous_correct
641,641,1,meningioma,1,1.0,1.0,0,1,0.98828125,0.98828125,0,1,0.8525390625,0.8525390625,0,0,correct_all,none,0.9469401041666666,0.8525390625,0.1474609375,0.9469401041666666,0.8525390625,,,1,unanimous,-0.0,0.07189183148055273,unanimous_correct
642,642,1,meningioma,1,0.95068359375,0.95068359375,0,1,0.875,0.875,0,1,0.896484375,0.896484375,0,0,correct_all,none,0.9073893229166666,0.875,0.07568359375,0.9073893229166666,0.875,,,1,unanimous,-0.0,0.021443008913284878,unanimous_correct
643,643,1,meningioma,1,0.96875,0.96875,0,1,0.990234375,0.990234375,0,1,0.7763671875,0.7763671875,0,0,correct_all,none,0.9117838541666666,0.7763671875,0.2138671875,0.9117838541666666,0.7763671875,,,1,unanimous,-0.0,0.09088150329909822,unanimous_correct
644,644,1,meningioma,1,0.96435546875,0.96435546875,0,0,0.87890625,0.0792236328125,1,1,0.7265625,0.7265625,0,1,one_model_failure,ResNet,0.8566080729166666,0.7265625,0.23779296875,0.5900472005208334,0.0792236328125,0.87890625,0.0792236328125,2,split_2_1,0.9182958340544896,0.7409783826818593,disagreement
645,645,1,meningioma,1,0.9560546875,0.9560546875,0,1,0.9990234375,0.9990234375,0,1,0.8935546875,0.8935546875,0,0,correct_all,none,0.9495442708333334,0.8935546875,0.10546875,0.9495442708333334,0.8935546875,,,1,unanimous,-0.0,0.03803666428784935,unanimous_correct
646,646,1,meningioma,1,0.97265625,0.97265625,0,1,0.9990234375,0.9990234375,0,2,0.6708984375,0.328857421875,1,1,one_model_failure,EffNet,0.880859375,0.6708984375,0.328125,0.766845703125,0.328857421875,0.6708984375,0.328857421875,2,split_2_1,0.9182958340544896,0.4161733972837169,disagreement
647,647,1,meningioma,1,1.0,1.0,0,1,0.9990234375,0.9990234375,0,1,0.93701171875,0.93701171875,0,0,correct_all,none,0.9786783854166666,0.93701171875,0.06298828125,0.9786783854166666,0.93701171875,,,1,unanimous,-0.0,0.03286744473353162,unanimous_correct
648,648,1,meningioma,1,0.98095703125,0.98095703125,0,1,0.9990234375,0.9990234375,0,1,0.98388671875,0.98388671875,0,0,correct_all,none,0.9879557291666666,0.98095703125,0.01806640625,0.9879557291666666,0.98095703125,,,1,unanimous,-0.0,0.007472389875248772,unanimous_correct
649,649,1,meningioma,1,1.0,1.0,0,1,1.0,1.0,0,1,0.96435546875,0.96435546875,0,0,correct_all,none,0.9881184895833334,0.96435546875,0.03564453125,0.9881184895833334,0.96435546875,,,1,unanimous,-0.0,0.01871785165931228,unanimous_correct
650,650,1,meningioma,1,0.86767578125,0.86767578125,0,1,1.0,1.0,0,1,0.72900390625,0.72900390625,0,0,correct_all,none,0.8655598958333334,0.72900390625,0.27099609375,0.8655598958333334,0.72900390625,,,1,unanimous,-0.0,0.16848249220854383,unanimous_correct
651,651,1,meningioma,1,1.0,1.0,0,1,1.0,1.0,0,1,0.82568359375,0.82568359375,0,0,correct_all,none,0.94189453125,0.82568359375,0.17431640625,0.94189453125,0.82568359375,,,1,unanimous,-0.0,0.09704395086231757,unanimous_correct
652,652,1,meningioma,1,0.9921875,0.9921875,0,1,0.955078125,0.955078125,0,1,0.9013671875,0.9013671875,0,0,correct_all,none,0.9495442708333334,0.9013671875,0.0908203125,0.9495442708333334,0.9013671875,,,1,unanimous,-0.0,0.03351113137629719,unanimous_correct
653,653,1,meningioma,1,1.0,1.0,0,1,1.0,1.0,0,1,0.94287109375,0.94287109375,0,0,correct_all,none,0.98095703125,0.94287109375,0.05712890625,0.98095703125,0.94287109375,,,1,unanimous,-0.0,0.02893230219945736,unanimous_correct
654,654,1,meningioma,1,1.0,1.0,0,1,1.0,1.0,0,1,0.5771484375,0.5771484375,0,0,correct_all,none,0.8590494791666666,0.5771484375,0.4228515625,0.8590494791666666,0.5771484375,,,1,unanimous,-0.0,0.25813491465279514,unanimous_correct
655,655,1,meningioma,1,1.0,1.0,0,1,0.796875,0.796875,0,1,0.9931640625,0.9931640625,0,0,correct_all,none,0.9300130208333334,0.796875,0.203125,0.9300130208333334,0.796875,,,1,unanimous,-0.0,0.10767108345906712,unanimous_correct
656,656,1,meningioma,1,0.9697265625,0.9697265625,0,1,0.88037109375,0.88037109375,0,1,0.7802734375,0.7802734375,0,0,correct_all,none,0.8767903645833334,0.7802734375,0.189453125,0.8767903645833334,0.7802734375,,,1,unanimous,-0.0,0.05910016760154846,unanimous_correct
657,657,1,meningioma,1,0.9990234375,0.9990234375,0,1,1.0,1.0,0,1,0.96142578125,0.96142578125,0,0,correct_all,none,0.98681640625,0.96142578125,0.03857421875,0.98681640625,0.96142578125,,,1,unanimous,-0.0,0.018037696660361494,unanimous_correct
658,658,1,meningioma,1,0.93115234375,0.93115234375,0,1,1.0,1.0,0,1,0.9208984375,0.9208984375,0,0,correct_all,none,0.95068359375,0.9208984375,0.0791015625,0.95068359375,0.9208984375,,,1,unanimous,-0.0,0.03075752358710576,unanimous_correct
659,659,1,meningioma,1,0.98193359375,0.98193359375,0,1,0.994140625,0.994140625,0,1,0.70166015625,0.70166015625,0,0,correct_all,none,0.892578125,0.70166015625,0.29248046875,0.892578125,0.70166015625,,,1,unanimous,-0.0,0.1469944318963478,unanimous_correct
660,660,1,meningioma,3,0.673828125,0.326171875,1,1,0.8701171875,0.8701171875,0,3,0.609375,0.38720703125,1,2,two_model_failures,VGG+EffNet,0.7177734375,0.609375,0.2607421875,0.52783203125,0.326171875,0.6416015625,0.356689453125,2,split_2_1,0.9182958340544896,0.18860182396580205,disagreement
661,661,1,meningioma,1,1.0,1.0,0,1,1.0,1.0,0,1,0.779296875,0.779296875,0,0,correct_all,none,0.9264322916666666,0.779296875,0.220703125,0.9264322916666666,0.779296875,,,1,unanimous,-0.0,0.12483459731368368,unanimous_correct
662,662,1,meningioma,1,0.55810546875,0.55810546875,0,1,1.0,1.0,0,3,0.9267578125,0.0709228515625,1,1,one_model_failure,EffNet,0.8282877604166666,0.55810546875,0.44189453125,0.5430094401041666,0.0709228515625,0.9267578125,0.0709228515625,2,split_2_1,0.9182958340544896,0.5413762931203063,disagreement
663,663,1,meningioma,1,1.0,1.0,0,1,1.0,1.0,0,1,0.998046875,0.998046875,0,0,correct_all,none,0.9993489583333334,0.998046875,0.001953125,0.9993489583333334,0.998046875,,,1,unanimous,-0.0,0.0011115146696625937,unanimous_correct
664,664,1,meningioma,1,0.92822265625,0.92822265625,0,1,0.85986328125,0.85986328125,0,1,0.90380859375,0.90380859375,0,0,correct_all,none,0.8972981770833334,0.85986328125,0.068359375,0.8972981770833334,0.85986328125,,,1,unanimous,-0.0,0.006410519340917742,unanimous_correct
665,665,1,meningioma,1,0.64794921875,0.64794921875,0,0,0.88720703125,0.10723876953125,1,0,0.9853515625,0.01389312744140625,1,2,two_model_failures,ResNet+EffNet,0.8401692708333334,0.64794921875,0.33740234375,0.25636037190755206,0.01389312744140625,0.936279296875,0.060565948486328125,2,split_2_1,0.9182958340544896,0.32218309786515675,disagreement
666,666,1,meningioma,1,1.0,1.0,0,1,1.0,1.0,0,0,0.60693359375,0.386474609375,1,1,one_model_failure,EffNet,0.8689778645833334,0.60693359375,0.39306640625,0.7954915364583334,0.386474609375,0.60693359375,0.386474609375,2,split_2_1,0.9182958340544896,0.409655892991645,disagreement
667,667,1,meningioma,1,0.99609375,0.99609375,0,1,1.0,1.0,0,1,0.9580078125,0.9580078125,0,0,correct_all,none,0.9847005208333334,0.9580078125,0.0419921875,0.9847005208333334,0.9580078125,,,1,unanimous,-0.0,0.019919915910643293,unanimous_correct
668,668,1,meningioma,1,0.9248046875,0.9248046875,0,1,0.9951171875,0.9951171875,0,1,0.73779296875,0.73779296875,0,0,correct_all,none,0.8859049479166666,0.73779296875,0.25732421875,0.8859049479166666,0.73779296875,,,1,unanimous,-0.0,0.09955427433528491,unanimous_correct
669,669,1,meningioma,1,0.85400390625,0.85400390625,0,1,0.9970703125,0.9970703125,0,1,0.9892578125,0.9892578125,0,0,correct_all,none,0.94677734375,0.85400390625,0.14306640625,0.94677734375,0.85400390625,,,1,unanimous,-0.0,0.06256456431152793,unanimous_correct
670,670,1,meningioma,1,1.0,1.0,0,1,1.0,1.0,0,1,0.9892578125,0.9892578125,0,0,correct_all,none,0.9964192708333334,0.9892578125,0.0107421875,0.9964192708333334,0.9892578125,,,1,unanimous,-0.0,0.005608117026134188,unanimous_correct
671,671,1,meningioma,1,1.0,1.0,0,1,1.0,1.0,0,1,0.9873046875,0.9873046875,0,0,correct_all,none,0.9957682291666666,0.9873046875,0.0126953125,0.9957682291666666,0.9873046875,,,1,unanimous,-0.0,0.006185125027353647,unanimous_correct
672,672,1,meningioma,1,1.0,1.0,0,1,0.947265625,0.947265625,0,1,0.97802734375,0.97802734375,0,0,correct_all,none,0.97509765625,0.947265625,0.052734375,0.97509765625,0.947265625,,,1,unanimous,-0.0,0.022116759298169253,unanimous_correct
673,673,1,meningioma,1,1.0,1.0,0,1,1.0,1.0,0,1,0.97900390625,0.97900390625,0,0,correct_all,none,0.9930013020833334,0.97900390625,0.02099609375,0.9930013020833334,0.97900390625,,,1,unanimous,-0.0,0.011226767946707877,unanimous_correct
674,674,1,meningioma,1,1.0,1.0,0,1,1.0,1.0,0,1,0.88427734375,0.88427734375,0,0,correct_all,none,0.96142578125,0.88427734375,0.11572265625,0.96142578125,0.88427734375,,,1,unanimous,-0.0,0.06311446957573633,unanimous_correct
675,675,1,meningioma,1,1.0,1.0,0,1,0.9990234375,0.9990234375,0,1,0.9873046875,0.9873046875,0,0,correct_all,none,0.9954427083333334,0.9873046875,0.0126953125,0.9954427083333334,0.9873046875,,,1,unanimous,-0.0,0.005206635993607954,unanimous_correct
676,676,1,meningioma,1,1.0,1.0,0,1,0.998046875,0.998046875,0,1,0.919921875,0.919921875,0,0,correct_all,none,0.97265625,0.919921875,0.080078125,0.97265625,0.919921875,,,1,unanimous,-0.0,0.04146432345219678,unanimous_correct
677,677,1,meningioma,1,0.9951171875,0.9951171875,0,0,0.72265625,0.277587890625,1,0,0.701171875,0.28125,1,2,two_model_failures,ResNet+EffNet,0.8063151041666666,0.701171875,0.2939453125,0.5179850260416666,0.277587890625,0.7119140625,0.2794189453125,2,split_2_1,0.9182958340544896,0.42172077469502744,disagreement
678,678,1,meningioma,1,0.9970703125,0.9970703125,0,1,1.0,1.0,0,1,0.9951171875,0.9951171875,0,0,correct_all,none,0.9973958333333334,0.9951171875,0.0048828125,0.9973958333333334,0.9951171875,,,1,unanimous,-0.0,0.0017420581080681181,unanimous_correct
679,679,1,meningioma,1,1.0,1.0,0,1,1.0,1.0,0,1,0.83740234375,0.83740234375,0,0,correct_all,none,0.94580078125,0.83740234375,0.16259765625,0.94580078125,0.83740234375,,,1,unanimous,-0.0,0.0902966075991764,unanimous_correct
680,680,1,meningioma,1,0.998046875,0.998046875,0,1,0.94140625,0.94140625,0,1,0.9462890625,0.9462890625,0,0,correct_all,none,0.9619140625,0.94140625,0.056640625,0.9619140625,0.94140625,,,1,unanimous,-0.0,0.01999893050541951,unanimous_correct
681,681,1,meningioma,1,1.0,1.0,0,1,1.0,1.0,0,1,0.94970703125,0.94970703125,0,0,correct_all,none,0.9832356770833334,0.94970703125,0.05029296875,0.9832356770833334,0.94970703125,,,1,unanimous,-0.0,0.026152361380407316,unanimous_correct
682,682,1,meningioma,1,1.0,1.0,0,1,1.0,1.0,0,1,0.96875,0.96875,0,0,correct_all,none,0.9895833333333334,0.96875,0.03125,0.9895833333333334,0.96875,,,1,unanimous,-0.0,0.0162746209952693,unanimous_correct
683,683,1,meningioma,1,1.0,1.0,0,1,1.0,1.0,0,1,0.798828125,0.798828125,0,0,correct_all,none,0.9329427083333334,0.798828125,0.201171875,0.9329427083333334,0.798828125,,,1,unanimous,-0.0,0.11233711370591032,unanimous_correct
684,684,1,meningioma,1,1.0,1.0,0,1,1.0,1.0,0,1,0.79296875,0.79296875,0,0,correct_all,none,0.9309895833333334,0.79296875,0.20703125,0.9309895833333334,0.79296875,,,1,unanimous,-0.0,0.11632160132917174,unanimous_correct
685,685,1,meningioma,1,0.9990234375,0.9990234375,0,1,1.0,1.0,0,1,0.9873046875,0.9873046875,0,0,correct_all,none,0.9954427083333334,0.9873046875,0.0126953125,0.9954427083333334,0.9873046875,,,1,unanimous,-0.0,0.006256395214656936,unanimous_correct
686,686,1,meningioma,1,0.9970703125,0.9970703125,0,1,0.9990234375,0.9990234375,0,1,0.92431640625,0.92431640625,0,0,correct_all,none,0.9734700520833334,0.92431640625,0.07470703125,0.9734700520833334,0.92431640625,,,1,unanimous,-0.0,0.03432416394157192,unanimous_correct
687,687,1,meningioma,1,0.9892578125,0.9892578125,0,1,0.998046875,0.998046875,0,1,0.95703125,0.95703125,0,0,correct_all,none,0.9814453125,0.95703125,0.041015625,0.9814453125,0.95703125,,,1,unanimous,-0.0,0.014137975642004502,unanimous_correct
688,688,1,meningioma,1,0.921875,0.921875,0,1,0.921875,0.921875,0,2,0.498046875,0.4921875,1,1,one_model_failure,EffNet,0.7805989583333334,0.498046875,0.423828125,0.7786458333333334,0.4921875,0.498046875,0.4921875,2,split_2_1,0.9182958340544896,0.17327206182296517,disagreement
689,689,1,meningioma,1,0.9970703125,0.9970703125,0,1,0.966796875,0.966796875,0,1,0.78466796875,0.78466796875,0,0,correct_all,none,0.9161783854166666,0.78466796875,0.21240234375,0.9161783854166666,0.78466796875,,,1,unanimous,-0.0,0.0896122674651112,unanimous_correct
690,690,1,meningioma,1,0.98388671875,0.98388671875,0,1,0.998046875,0.998046875,0,1,0.93359375,0.93359375,0,0,correct_all,none,0.9718424479166666,0.93359375,0.064453125,0.9718424479166666,0.93359375,,,1,unanimous,-0.0,0.022396486028702783,unanimous_correct
691,691,1,meningioma,1,0.84423828125,0.84423828125,0,1,0.8935546875,0.8935546875,0,1,0.69775390625,0.69775390625,0,0,correct_all,none,0.8118489583333334,0.69775390625,0.19580078125,0.8118489583333334,0.69775390625,,,1,unanimous,-0.0,0.03531284795868128,unanimous_correct
692,692,1,meningioma,1,1.0,1.0,0,1,0.9990234375,0.9990234375,0,1,0.85693359375,0.85693359375,0,0,correct_all,none,0.9519856770833334,0.85693359375,0.14306640625,0.9519856770833334,0.85693359375,,,1,unanimous,-0.0,0.07540858618544019,unanimous_correct
693,693,1,meningioma,1,0.9970703125,0.9970703125,0,1,0.994140625,0.994140625,0,2,0.62353515625,0.371826171875,1,1,one_model_failure,EffNet,0.87158203125,0.62353515625,0.37353515625,0.7876790364583334,0.371826171875,0.62353515625,0.371826171875,2,split_2_1,0.9182958340544896,0.4013988732886144,disagreement
694,694,1,meningioma,1,1.0,1.0,0,1,1.0,1.0,0,1,0.998046875,0.998046875,0,0,correct_all,none,0.9993489583333334,0.998046875,0.001953125,0.9993489583333334,0.998046875,,,1,unanimous,-0.0,0.0008506754500320944,unanimous_correct
695,695,1,meningioma,1,0.9921875,0.9921875,0,1,0.75341796875,0.75341796875,0,3,0.591796875,0.404052734375,1,1,one_model_failure,EffNet,0.7791341145833334,0.591796875,0.400390625,0.716552734375,0.404052734375,0.591796875,0.404052734375,2,split_2_1,0.9182958340544896,0.24705367128336353,disagreement
696,696,1,meningioma,1,1.0,1.0,0,1,0.97900390625,0.97900390625,0,1,0.7216796875,0.7216796875,0,0,correct_all,none,0.9002278645833334,0.7216796875,0.2783203125,0.9002278645833334,0.7216796875,,,1,unanimous,-0.0,0.13504018420627634,unanimous_correct
697,697,1,meningioma,1,0.9892578125,0.9892578125,0,1,0.9912109375,0.9912109375,0,2,0.50341796875,0.496337890625,1,1,one_model_failure,EffNet,0.8279622395833334,0.50341796875,0.48779296875,0.8256022135416666,0.496337890625,0.50341796875,0.496337890625,2,split_2_1,0.9182958340544896,0.2823589179487037,disagreement
698,698,1,meningioma,1,0.7724609375,0.7724609375,0,1,0.54150390625,0.54150390625,0,0,0.84130859375,0.0831298828125,1,1,one_model_failure,EffNet,0.7184244791666666,0.54150390625,0.2998046875,0.4656982421875,0.0831298828125,0.84130859375,0.0831298828125,2,split_2_1,0.9182958340544896,0.591474205118228,disagreement
699,699,1,meningioma,1,0.9990234375,0.9990234375,0,1,1.0,1.0,0,1,0.97314453125,0.97314453125,0,0,correct_all,none,0.99072265625,0.97314453125,0.02685546875,0.99072265625,0.97314453125,,,1,unanimous,-0.0,0.01304600079740735,unanimous_correct
700,700,1,meningioma,1,1.0,1.0,0,1,1.0,1.0,0,1,0.98388671875,0.98388671875,0,0,correct_all,none,0.99462890625,0.98388671875,0.01611328125,0.99462890625,0.98388671875,,,1,unanimous,-0.0,0.008852424455995302,unanimous_correct
701,701,1,meningioma,1,1.0,1.0,0,1,1.0,1.0,0,1,0.82568359375,0.82568359375,0,0,correct_all,none,0.94189453125,0.82568359375,0.17431640625,0.94189453125,0.82568359375,,,1,unanimous,-0.0,0.09704896607296085,unanimous_correct
702,702,1,meningioma,1,0.705078125,0.705078125,0,1,0.9248046875,0.9248046875,0,1,0.4599609375,0.4599609375,0,0,correct_all,none,0.6966145833333334,0.4599609375,0.46484375,0.6966145833333334,0.4599609375,,,1,unanimous,-0.0,0.15348213086601348,unanimous_correct
703,703,1,meningioma,1,1.0,1.0,0,1,0.9931640625,0.9931640625,0,1,0.58984375,0.58984375,0,0,correct_all,none,0.8610026041666666,0.58984375,0.41015625,0.8610026041666666,0.58984375,,,1,unanimous,-0.0,0.2365445195890919,unanimous_correct
704,704,1,meningioma,1,0.9990234375,0.9990234375,0,1,0.998046875,0.998046875,0,1,0.802734375,0.802734375,0,0,correct_all,none,0.9332682291666666,0.802734375,0.1962890625,0.9332682291666666,0.802734375,,,1,unanimous,-0.0,0.10523049058084838,unanimous_correct
705,705,1,meningioma,1,0.9990234375,0.9990234375,0,1,0.8583984375,0.8583984375,0,1,0.95703125,0.95703125,0,0,correct_all,none,0.9381510416666666,0.8583984375,0.140625,0.9381510416666666,0.8583984375,,,1,unanimous,-0.0,0.05163628044328056,unanimous_correct
706,706,1,meningioma,1,0.990234375,0.990234375,0,1,1.0,1.0,0,1,0.990234375,0.990234375,0,0,correct_all,none,0.9934895833333334,0.990234375,0.009765625,0.9934895833333334,0.990234375,,,1,unanimous,-0.0,0.004115896138037992,unanimous_correct
707,707,1,meningioma,1,0.97900390625,0.97900390625,0,1,0.93115234375,0.93115234375,0,1,0.9580078125,0.9580078125,0,0,correct_all,none,0.9560546875,0.93115234375,0.0478515625,0.9560546875,0.93115234375,,,1,unanimous,-0.0,0.009778801459135122,unanimous_correct
708,708,1,meningioma,1,1.0,1.0,0,1,0.98193359375,0.98193359375,0,1,0.955078125,0.955078125,0,0,correct_all,none,0.97900390625,0.955078125,0.044921875,0.97900390625,0.955078125,,,1,unanimous,-0.0,0.015612319470080738,unanimous_correct
709,709,1,meningioma,1,0.99609375,0.99609375,0,1,0.9892578125,0.9892578125,0,1,0.92333984375,0.92333984375,0,0,correct_all,none,0.9695638020833334,0.92333984375,0.07275390625,0.9695638020833334,0.92333984375,,,1,unanimous,-0.0,0.0313244737533801,unanimous_correct
710,710,1,meningioma,1,0.998046875,0.998046875,0,1,0.9951171875,0.9951171875,0,1,0.82958984375,0.82958984375,0,0,correct_all,none,0.94091796875,0.82958984375,0.16845703125,0.94091796875,0.82958984375,,,1,unanimous,-0.0,0.0833945585383562,unanimous_correct
711,711,1,meningioma,1,0.43310546875,0.43310546875,0,1,0.9052734375,0.9052734375,0,1,0.5439453125,0.5439453125,0,0,correct_all,none,0.62744140625,0.43310546875,0.47216796875,0.62744140625,0.43310546875,,,1,unanimous,-0.0,0.2105300725909931,unanimous_correct
712,712,1,meningioma,1,1.0,1.0,0,1,0.9970703125,0.9970703125,0,1,0.955078125,0.955078125,0,0,correct_all,none,0.9840494791666666,0.955078125,0.044921875,0.9840494791666666,0.955078125,,,1,unanimous,-0.0,0.02082029923862877,unanimous_correct
713,713,1,meningioma,1,0.9873046875,0.9873046875,0,1,0.9560546875,0.9560546875,0,1,0.78369140625,0.78369140625,0,0,correct_all,none,0.9090169270833334,0.78369140625,0.20361328125,0.9090169270833334,0.78369140625,,,1,unanimous,-0.0,0.06997565574750825,unanimous_correct
714,714,1,meningioma,1,1.0,1.0,0,1,1.0,1.0,0,1,0.890625,0.890625,0,0,correct_all,none,0.9635416666666666,0.890625,0.109375,0.9635416666666666,0.890625,,,1,unanimous,-0.0,0.05881665022389579,unanimous_correct
715,715,1,meningioma,1,0.9853515625,0.9853515625,0,1,1.0,1.0,0,1,0.79736328125,0.79736328125,0,0,correct_all,none,0.9275716145833334,0.79736328125,0.20263671875,0.9275716145833334,0.79736328125,,,1,unanimous,-0.0,0.09590352307778394,unanimous_correct
716,716,1,meningioma,1,0.9931640625,0.9931640625,0,1,0.82763671875,0.82763671875,0,1,0.93408203125,0.93408203125,0,0,correct_all,none,0.9182942708333334,0.82763671875,0.16552734375,0.9182942708333334,0.82763671875,,,1,unanimous,-0.0,0.09201638576377696,unanimous_correct
717,717,1,meningioma,1,0.95703125,0.95703125,0,1,0.96142578125,0.96142578125,0,1,0.521484375,0.521484375,0,0,correct_all,none,0.8133138020833334,0.521484375,0.43994140625,0.8133138020833334,0.521484375,,,1,unanimous,-0.0,0.20963517257664255,unanimous_correct
718,718,1,meningioma,1,1.0,1.0,0,1,1.0,1.0,0,1,0.95947265625,0.95947265625,0,0,correct_all,none,0.9864908854166666,0.95947265625,0.04052734375,0.9864908854166666,0.95947265625,,,1,unanimous,-0.0,0.021227269687740857,unanimous_correct
719,719,1,meningioma,1,1.0,1.0,0,1,1.0,1.0,0,1,0.970703125,0.970703125,0,0,correct_all,none,0.990234375,0.970703125,0.029296875,0.990234375,0.970703125,,,1,unanimous,-0.0,0.015559701424579575,unanimous_correct
720,720,1,meningioma,1,0.97607421875,0.97607421875,0,1,0.91259765625,0.91259765625,0,1,0.97802734375,0.97802734375,0,0,correct_all,none,0.95556640625,0.91259765625,0.0654296875,0.95556640625,0.91259765625,,,1,unanimous,-0.0,0.026048861203339158,unanimous_correct
721,721,1,meningioma,1,1.0,1.0,0,1,0.8291015625,0.8291015625,0,1,0.93505859375,0.93505859375,0,0,correct_all,none,0.92138671875,0.8291015625,0.1708984375,0.92138671875,0.8291015625,,,1,unanimous,-0.0,0.07618784986218352,unanimous_correct
722,722,1,meningioma,1,1.0,1.0,0,1,1.0,1.0,0,1,0.986328125,0.986328125,0,0,correct_all,none,0.9954427083333334,0.986328125,0.013671875,0.9954427083333334,0.986328125,,,1,unanimous,-0.0,0.007033538131187296,unanimous_correct
723,723,1,meningioma,1,0.9912109375,0.9912109375,0,1,0.9560546875,0.9560546875,0,1,0.5888671875,0.5888671875,0,0,correct_all,none,0.8453776041666666,0.5888671875,0.40234375,0.8453776041666666,0.5888671875,,,1,unanimous,-0.0,0.23145444954636551,unanimous_correct
724,724,1,meningioma,1,0.986328125,0.986328125,0,1,0.94970703125,0.94970703125,0,0,0.544921875,0.35791015625,1,1,one_model_failure,EffNet,0.8269856770833334,0.544921875,0.44140625,0.7646484375,0.35791015625,0.544921875,0.35791015625,2,split_2_1,0.9182958340544896,0.39157164792423127,disagreement
725,725,1,meningioma,1,0.9716796875,0.9716796875,0,1,0.984375,0.984375,0,2,0.9912109375,0.0083770751953125,1,1,one_model_failure,EffNet,0.982421875,0.9716796875,0.01953125,0.6548105875651041,0.0083770751953125,0.9912109375,0.0083770751953125,2,split_2_1,0.9182958340544896,0.808574925727084,disagreement
726,726,1,meningioma,1,1.0,1.0,0,1,1.0,1.0,0,1,0.8427734375,0.8427734375,0,0,correct_all,none,0.9475911458333334,0.8427734375,0.1572265625,0.9475911458333334,0.8427734375,,,1,unanimous,-0.0,0.08643835980869566,unanimous_correct
727,727,1,meningioma,1,0.9873046875,0.9873046875,0,1,1.0,1.0,0,1,0.6064453125,0.6064453125,0,0,correct_all,none,0.8645833333333334,0.6064453125,0.3935546875,0.8645833333333334,0.6064453125,,,1,unanimous,-0.0,0.2162783800240909,unanimous_correct
728,728,1,meningioma,1,0.9990234375,0.9990234375,0,1,0.78125,0.78125,0,0,0.9697265625,0.0292816162109375,1,1,one_model_failure,EffNet,0.9166666666666666,0.78125,0.2177734375,0.6031850179036459,0.0292816162109375,0.9697265625,0.0292816162109375,2,split_2_1,0.9182958340544896,0.6518349477967944,disagreement
729,729,1,meningioma,1,0.9990234375,0.9990234375,0,1,1.0,1.0,0,1,0.916015625,0.916015625,0,0,correct_all,none,0.9716796875,0.916015625,0.083984375,0.9716796875,0.916015625,,,1,unanimous,-0.0,0.04325502060137362,unanimous_correct
730,730,1,meningioma,1,0.95947265625,0.95947265625,0,0,0.88720703125,0.11273193359375,1,1,0.72412109375,0.72412109375,0,1,one_model_failure,ResNet,0.85693359375,0.72412109375,0.2353515625,0.5987752278645834,0.11273193359375,0.88720703125,0.11273193359375,2,split_2_1,0.9182958340544896,0.4390190163975124,disagreement
731,731,1,meningioma,1,1.0,1.0,0,1,0.9853515625,0.9853515625,0,2,0.53857421875,0.410888671875,1,1,one_model_failure,EffNet,0.84130859375,0.53857421875,0.46142578125,0.7987467447916666,0.410888671875,0.53857421875,0.410888671875,2,split_2_1,0.9182958340544896,0.36181913451070846,disagreement
732,732,1,meningioma,1,0.9912109375,0.9912109375,0,1,0.9951171875,0.9951171875,0,1,0.97998046875,0.97998046875,0,0,correct_all,none,0.98876953125,0.97998046875,0.01513671875,0.98876953125,0.97998046875,,,1,unanimous,-0.0,0.006348128437845241,unanimous_correct
733,733,1,meningioma,1,1.0,1.0,0,1,1.0,1.0,0,1,0.998046875,0.998046875,0,0,correct_all,none,0.9993489583333334,0.998046875,0.001953125,0.9993489583333334,0.998046875,,,1,unanimous,-0.0,0.001113596915892837,unanimous_correct
734,734,1,meningioma,1,1.0,1.0,0,1,0.9990234375,0.9990234375,0,1,0.98095703125,0.98095703125,0,0,correct_all,none,0.9933268229166666,0.98095703125,0.01904296875,0.9933268229166666,0.98095703125,,,1,unanimous,-0.0,0.008916202188467386,unanimous_correct
735,735,1,meningioma,1,0.9990234375,0.9990234375,0,1,0.9970703125,0.9970703125,0,1,0.986328125,0.986328125,0,0,correct_all,none,0.994140625,0.986328125,0.0126953125,0.994140625,0.986328125,,,1,unanimous,-0.0,0.0037787627756666123,unanimous_correct
736,736,1,meningioma,1,0.89990234375,0.89990234375,0,3,0.595703125,0.37744140625,1,1,0.8642578125,0.8642578125,0,1,one_model_failure,ResNet,0.78662109375,0.595703125,0.30419921875,0.7138671875,0.37744140625,0.595703125,0.37744140625,2,split_2_1,0.9182958340544896,0.20565175924101142,disagreement
737,737,1,meningioma,1,1.0,1.0,0,1,1.0,1.0,0,1,0.65087890625,0.65087890625,0,0,correct_all,none,0.8836263020833334,0.65087890625,0.34912109375,0.8836263020833334,0.65087890625,,,1,unanimous,-0.0,0.207781052405129,unanimous_correct
738,738,1,meningioma,1,0.9990234375,0.9990234375,0,1,0.94482421875,0.94482421875,0,1,0.9208984375,0.9208984375,0,0,correct_all,none,0.9549153645833334,0.9208984375,0.078125,0.9549153645833334,0.9208984375,,,1,unanimous,-0.0,0.03984628053097233,unanimous_correct
739,739,1,meningioma,1,0.9951171875,0.9951171875,0,1,1.0,1.0,0,1,0.91259765625,0.91259765625,0,0,correct_all,none,0.96923828125,0.91259765625,0.08740234375,0.96923828125,0.91259765625,,,1,unanimous,-0.0,0.04162796456287965,unanimous_correct
740,740,1,meningioma,1,0.87353515625,0.87353515625,0,0,0.85888671875,0.135986328125,1,2,0.51904296875,0.451904296875,1,2,two_model_failures,ResNet+EffNet,0.75048828125,0.51904296875,0.3544921875,0.4871419270833333,0.135986328125,0.68896484375,0.2939453125,3,split_1_1_1,1.584962500721156,0.7510734266486225,disagreement
741,741,1,meningioma,1,0.9990234375,0.9990234375,0,1,1.0,1.0,0,1,0.97265625,0.97265625,0,0,correct_all,none,0.9905598958333334,0.97265625,0.02734375,0.9905598958333334,0.97265625,,,1,unanimous,-0.0,0.013434431973111394,unanimous_correct
742,742,1,meningioma,1,0.94384765625,0.94384765625,0,3,0.5234375,0.17236328125,1,1,0.51416015625,0.51416015625,0,1,one_model_failure,ResNet,0.6604817708333334,0.51416015625,0.4296875,0.54345703125,0.17236328125,0.5234375,0.17236328125,2,split_2_1,0.9182958340544896,0.36304030077419513,disagreement
743,743,1,meningioma,1,0.97607421875,0.97607421875,0,1,0.9921875,0.9921875,0,1,0.748046875,0.748046875,0,0,correct_all,none,0.9054361979166666,0.748046875,0.244140625,0.9054361979166666,0.748046875,,,1,unanimous,-0.0,0.10795783423226596,unanimous_correct
744,744,1,meningioma,1,1.0,1.0,0,1,0.97607421875,0.97607421875,0,1,0.984375,0.984375,0,0,correct_all,none,0.98681640625,0.97607421875,0.02392578125,0.98681640625,0.97607421875,,,1,unanimous,-0.0,0.01119987426007836,unanimous_correct
745,745,1,meningioma,1,1.0,1.0,0,1,0.9697265625,0.9697265625,0,1,0.740234375,0.740234375,0,0,correct_all,none,0.9033203125,0.740234375,0.259765625,0.9033203125,0.740234375,,,1,unanimous,-0.0,0.14617354719638037,unanimous_correct
746,746,1,meningioma,1,1.0,1.0,0,1,1.0,1.0,0,1,0.98193359375,0.98193359375,0,0,correct_all,none,0.9939778645833334,0.98193359375,0.01806640625,0.9939778645833334,0.98193359375,,,1,unanimous,-0.0,0.009474433100954853,unanimous_correct
747,747,1,meningioma,1,0.9970703125,0.9970703125,0,1,0.9970703125,0.9970703125,0,1,0.8935546875,0.8935546875,0,0,correct_all,none,0.9625651041666666,0.8935546875,0.103515625,0.9625651041666666,0.8935546875,,,1,unanimous,-0.0,0.05032687869817323,unanimous_correct
748,748,1,meningioma,1,1.0,1.0,0,1,0.98388671875,0.98388671875,0,1,0.72265625,0.72265625,0,0,correct_all,none,0.9021809895833334,0.72265625,0.27734375,0.9021809895833334,0.72265625,,,1,unanimous,-0.0,0.14011653310007083,unanimous_correct
749,749,1,meningioma,1,1.0,1.0,0,1,1.0,1.0,0,1,0.61376953125,0.61376953125,0,0,correct_all,none,0.8712565104166666,0.61376953125,0.38623046875,0.8712565104166666,0.61376953125,,,1,unanimous,-0.0,0.2326508844616309,unanimous_correct
750,750,1,meningioma,1,1.0,1.0,0,1,0.98828125,0.98828125,0,2,0.51708984375,0.469970703125,1,1,one_model_failure,EffNet,0.8351236979166666,0.51708984375,0.48291015625,0.8194173177083334,0.469970703125,0.51708984375,0.469970703125,2,split_2_1,0.9182958340544896,0.31795262478411374,disagreement
751,751,1,meningioma,1,1.0,1.0,0,1,0.998046875,0.998046875,0,1,0.8525390625,0.8525390625,0,0,correct_all,none,0.9501953125,0.8525390625,0.1474609375,0.9501953125,0.8525390625,,,1,unanimous,-0.0,0.07737489798724673,unanimous_correct
752,752,1,meningioma,1,0.93359375,0.93359375,0,3,0.64453125,0.32470703125,1,1,0.95166015625,0.95166015625,0,1,one_model_failure,ResNet,0.84326171875,0.64453125,0.30712890625,0.7366536458333334,0.32470703125,0.64453125,0.32470703125,2,split_2_1,0.9182958340544896,0.3994504085161489,disagreement
753,753,1,meningioma,1,1.0,1.0,0,1,1.0,1.0,0,1,0.896484375,0.896484375,0,0,correct_all,none,0.9654947916666666,0.896484375,0.103515625,0.9654947916666666,0.896484375,,,1,unanimous,-0.0,0.05625364571913796,unanimous_correct
754,754,1,meningioma,1,1.0,1.0,0,1,1.0,1.0,0,1,0.9990234375,0.9990234375,0,0,correct_all,none,0.9996744791666666,0.9990234375,0.0009765625,0.9996744791666666,0.9990234375,,,1,unanimous,-0.0,0.00029870660794948257,unanimous_correct
755,755,1,meningioma,1,0.9248046875,0.9248046875,0,1,0.70703125,0.70703125,0,1,0.8984375,0.8984375,0,0,correct_all,none,0.8434244791666666,0.70703125,0.2177734375,0.8434244791666666,0.70703125,,,1,unanimous,-0.0,0.058921378730338314,unanimous_correct
756,756,1,meningioma,1,0.99609375,0.99609375,0,1,1.0,1.0,0,1,0.58251953125,0.58251953125,0,0,correct_all,none,0.8595377604166666,0.58251953125,0.41748046875,0.8595377604166666,0.58251953125,,,1,unanimous,-0.0,0.24736260206398092,unanimous_correct
757,757,1,meningioma,1,0.99609375,0.99609375,0,1,1.0,1.0,0,1,0.970703125,0.970703125,0,0,correct_all,none,0.9889322916666666,0.970703125,0.029296875,0.9889322916666666,0.970703125,,,1,unanimous,-0.0,0.011617476630422202,unanimous_correct
758,758,1,meningioma,1,1.0,1.0,0,1,0.9990234375,0.9990234375,0,1,0.94189453125,0.94189453125,0,0,correct_all,none,0.9803059895833334,0.94189453125,0.05810546875,0.9803059895833334,0.94189453125,,,1,unanimous,-0.0,0.02936180342648749,unanimous_correct
759,759,1,meningioma,1,1.0,1.0,0,1,0.97412109375,0.97412109375,0,1,0.95263671875,0.95263671875,0,0,correct_all,none,0.9755859375,0.95263671875,0.04736328125,0.9755859375,0.95263671875,,,1,unanimous,-0.0,0.016326785826505402,unanimous_correct
760,760,1,meningioma,1,1.0,1.0,0,1,1.0,1.0,0,1,0.998046875,0.998046875,0,0,correct_all,none,0.9993489583333334,0.998046875,0.001953125,0.9993489583333334,0.998046875,,,1,unanimous,-0.0,0.0007353486394061359,unanimous_correct
761,761,1,meningioma,1,0.98193359375,0.98193359375,0,1,0.994140625,0.994140625,0,1,0.9208984375,0.9208984375,0,0,correct_all,none,0.9656575520833334,0.9208984375,0.0732421875,0.9656575520833334,0.9208984375,,,1,unanimous,-0.0,0.0238589765001421,unanimous_correct
762,762,1,meningioma,1,1.0,1.0,0,1,0.994140625,0.994140625,0,1,0.92822265625,0.92822265625,0,0,correct_all,none,0.97412109375,0.92822265625,0.07177734375,0.97412109375,0.92822265625,,,1,unanimous,-0.0,0.03196820741328607,unanimous_correct
763,763,1,meningioma,1,1.0,1.0,0,1,1.0,1.0,0,1,0.900390625,0.900390625,0,0,correct_all,none,0.966796875,0.900390625,0.099609375,0.966796875,0.900390625,,,1,unanimous,-0.0,0.05345332762840127,unanimous_correct
764,764,1,meningioma,1,0.9892578125,0.9892578125,0,1,0.9990234375,0.9990234375,0,0,0.84423828125,0.1353759765625,1,1,one_model_failure,EffNet,0.9441731770833334,0.84423828125,0.15478515625,0.7078857421875,0.1353759765625,0.84423828125,0.1353759765625,2,split_2_1,0.9182958340544896,0.6659102174146281,disagreement
765,765,1,meningioma,1,0.9990234375,0.9990234375,0,1,0.599609375,0.599609375,0,1,0.86572265625,0.86572265625,0,0,correct_all,none,0.8214518229166666,0.599609375,0.3994140625,0.8214518229166666,0.599609375,,,1,unanimous,-0.0,0.16812970658308202,unanimous_correct
766,766,1,meningioma,1,1.0,1.0,0,1,0.998046875,0.998046875,0,1,0.94921875,0.94921875,0,0,correct_all,none,0.982421875,0.94921875,0.05078125,0.982421875,0.94921875,,,1,unanimous,-0.0,0.02470562227593666,unanimous_correct
767,767,1,meningioma,1,1.0,1.0,0,1,0.9990234375,0.9990234375,0,1,0.7294921875,0.7294921875,0,0,correct_all,none,0.9095052083333334,0.7294921875,0.2705078125,0.9095052083333334,0.7294921875,,,1,unanimous,-0.0,0.15442534151099585,unanimous_correct
768,768,1,meningioma,1,0.97607421875,0.97607421875,0,1,0.91259765625,0.91259765625,0,1,0.97802734375,0.97802734375,0,0,correct_all,none,0.95556640625,0.91259765625,0.0654296875,0.95556640625,0.91259765625,,,1,unanimous,-0.0,0.026048861203339158,unanimous_correct
769,769,1,meningioma,1,1.0,1.0,0,1,1.0,1.0,0,1,0.9453125,0.9453125,0,0,correct_all,none,0.9817708333333334,0.9453125,0.0546875,0.9817708333333334,0.9453125,,,1,unanimous,-0.0,0.029432803575073302,unanimous_correct
770,770,1,meningioma,1,1.0,1.0,0,1,1.0,1.0,0,1,0.50439453125,0.50439453125,0,0,correct_all,none,0.8347981770833334,0.50439453125,0.49560546875,0.8347981770833334,0.50439453125,,,1,unanimous,-0.0,0.31249472666661976,unanimous_correct
771,771,1,meningioma,1,1.0,1.0,0,1,1.0,1.0,0,1,0.49658203125,0.49658203125,0,0,correct_all,none,0.8321940104166666,0.49658203125,0.50341796875,0.8321940104166666,0.49658203125,,,1,unanimous,-0.0,0.3186583167539789,unanimous_correct
772,772,1,meningioma,1,1.0,1.0,0,1,0.998046875,0.998046875,0,1,0.99609375,0.99609375,0,0,correct_all,none,0.998046875,0.99609375,0.00390625,0.998046875,0.99609375,,,1,unanimous,-0.0,0.0011124696761627,unanimous_correct
773,773,1,meningioma,1,1.0,1.0,0,1,1.0,1.0,0,1,0.97998046875,0.97998046875,0,0,correct_all,none,0.9933268229166666,0.97998046875,0.02001953125,0.9933268229166666,0.97998046875,,,1,unanimous,-0.0,0.010391587746384254,unanimous_correct
774,774,1,meningioma,1,0.96533203125,0.96533203125,0,1,0.9267578125,0.9267578125,0,1,0.87353515625,0.87353515625,0,0,correct_all,none,0.921875,0.87353515625,0.091796875,0.921875,0.87353515625,,,1,unanimous,-0.0,0.027985937815577178,unanimous_correct
775,775,1,meningioma,1,1.0,1.0,0,1,1.0,1.0,0,1,0.744140625,0.744140625,0,0,correct_all,none,0.9147135416666666,0.744140625,0.255859375,0.9147135416666666,0.744140625,,,1,unanimous,-0.0,0.14625142195231222,unanimous_correct
776,776,1,meningioma,1,0.98388671875,0.98388671875,0,1,0.9658203125,0.9658203125,0,1,0.9541015625,0.9541015625,0,0,correct_all,none,0.9679361979166666,0.9541015625,0.02978515625,0.9679361979166666,0.9541015625,,,1,unanimous,-0.0,0.005205243592112663,unanimous_correct
777,777,1,meningioma,1,0.9892578125,0.9892578125,0,1,0.81640625,0.81640625,0,1,0.6904296875,0.6904296875,0,0,correct_all,none,0.83203125,0.6904296875,0.298828125,0.83203125,0.6904296875,,,1,unanimous,-0.0,0.1658496954181229,unanimous_correct
778,778,1,meningioma,1,1.0,1.0,0,1,1.0,1.0,0,2,0.5341796875,0.4658203125,1,1,one_model_failure,EffNet,0.8447265625,0.5341796875,0.4658203125,0.8219401041666666,0.4658203125,0.5341796875,0.4658203125,2,split_2_1,0.9182958340544896,0.34304917533362295,disagreement
779,779,1,meningioma,1,1.0,1.0,0,1,1.0,1.0,0,1,0.998046875,0.998046875,0,0,correct_all,none,0.9993489583333334,0.998046875,0.001953125,0.9993489583333334,0.998046875,,,1,unanimous,-0.0,0.0008841945773183759,unanimous_correct
780,780,1,meningioma,1,0.94384765625,0.94384765625,0,1,0.625,0.625,0,1,0.939453125,0.939453125,0,0,correct_all,none,0.8361002604166666,0.625,0.31884765625,0.8361002604166666,0.625,,,1,unanimous,-0.0,0.12574586031130885,unanimous_correct
781,781,1,meningioma,1,0.9873046875,0.9873046875,0,1,0.9716796875,0.9716796875,0,1,0.92333984375,0.92333984375,0,0,correct_all,none,0.9607747395833334,0.92333984375,0.06396484375,0.9607747395833334,0.92333984375,,,1,unanimous,-0.0,0.014973521837960496,unanimous_correct
782,782,1,meningioma,1,0.98095703125,0.98095703125,0,1,0.9951171875,0.9951171875,0,1,0.9580078125,0.9580078125,0,0,correct_all,none,0.97802734375,0.9580078125,0.037109375,0.97802734375,0.9580078125,,,1,unanimous,-0.0,0.01755989813552003,unanimous_correct
783,783,1,meningioma,1,0.9990234375,0.9990234375,0,1,0.9970703125,0.9970703125,0,1,0.72802734375,0.72802734375,0,0,correct_all,none,0.9080403645833334,0.72802734375,0.27099609375,0.9080403645833334,0.72802734375,,,1,unanimous,-0.0,0.15107823590493008,unanimous_correct
784,784,1,meningioma,1,0.95361328125,0.95361328125,0,3,0.654296875,0.276123046875,1,0,0.51318359375,0.1424560546875,1,2,two_model_failures,ResNet+EffNet,0.70703125,0.51318359375,0.4404296875,0.4573974609375,0.1424560546875,0.583740234375,0.20928955078125,3,split_1_1_1,1.584962500721156,0.545710628651575,disagreement
785,785,1,meningioma,1,0.9921875,0.9921875,0,1,0.7724609375,0.7724609375,0,1,0.91357421875,0.91357421875,0,0,correct_all,none,0.8927408854166666,0.7724609375,0.2197265625,0.8927408854166666,0.7724609375,,,1,unanimous,-0.0,0.08072309836695352,unanimous_correct
786,786,1,meningioma,1,1.0,1.0,0,1,1.0,1.0,0,1,0.93408203125,0.93408203125,0,0,correct_all,none,0.97802734375,0.93408203125,0.06591796875,0.97802734375,0.93408203125,,,1,unanimous,-0.0,0.035094755019230206,unanimous_correct
787,787,1,meningioma,1,1.0,1.0,0,1,1.0,1.0,0,1,0.95263671875,0.95263671875,0,0,correct_all,none,0.9842122395833334,0.95263671875,0.04736328125,0.9842122395833334,0.95263671875,,,1,unanimous,-0.0,0.023431214638591394,unanimous_correct
788,788,1,meningioma,1,0.99609375,0.99609375,0,0,0.60400390625,0.39599609375,1,1,0.875,0.875,0,1,one_model_failure,ResNet,0.8250325520833334,0.60400390625,0.39208984375,0.7556966145833334,0.39599609375,0.60400390625,0.39599609375,2,split_2_1,0.9182958340544896,0.2861568813903259,disagreement
789,789,1,meningioma,1,0.9990234375,0.9990234375,0,1,0.9931640625,0.9931640625,0,1,0.93408203125,0.93408203125,0,0,correct_all,none,0.9754231770833334,0.93408203125,0.06494140625,0.9754231770833334,0.93408203125,,,1,unanimous,-0.0,0.026508850453057536,unanimous_correct
790,790,1,meningioma,1,0.9990234375,0.9990234375,0,1,0.98193359375,0.98193359375,0,1,0.93115234375,0.93115234375,0,0,correct_all,none,0.970703125,0.93115234375,0.06787109375,0.970703125,0.93115234375,,,1,unanimous,-0.0,0.02494968816887233,unanimous_correct
791,791,1,meningioma,1,0.9970703125,0.9970703125,0,1,1.0,1.0,0,1,0.95166015625,0.95166015625,0,0,correct_all,none,0.98291015625,0.95166015625,0.04833984375,0.98291015625,0.95166015625,,,1,unanimous,-0.0,0.022695643081969585,unanimous_correct
792,792,1,meningioma,3,0.8056640625,0.194091796875,1,1,0.83984375,0.83984375,0,3,0.93505859375,0.064697265625,1,2,two_model_failures,VGG+EffNet,0.8601888020833334,0.8056640625,0.12939453125,0.3662109375,0.064697265625,0.870361328125,0.12939453125,2,split_2_1,0.9182958340544896,0.38435653567886985,disagreement
793,793,1,meningioma,1,0.8359375,0.8359375,0,3,0.7021484375,0.29345703125,1,3,0.86474609375,0.13134765625,1,2,two_model_failures,ResNet+EffNet,0.8009440104166666,0.7021484375,0.16259765625,0.4202473958333333,0.13134765625,0.783447265625,0.21240234375,2,split_2_1,0.9182958340544896,0.2918295318536629,disagreement
794,794,1,meningioma,1,1.0,1.0,0,1,1.0,1.0,0,1,0.958984375,0.958984375,0,0,correct_all,none,0.986328125,0.958984375,0.041015625,0.986328125,0.958984375,,,1,unanimous,-0.0,0.022180285280484616,unanimous_correct
795,795,1,meningioma,1,0.96044921875,0.96044921875,0,1,0.994140625,0.994140625,0,1,0.77294921875,0.77294921875,0,0,correct_all,none,0.9091796875,0.77294921875,0.22119140625,0.9091796875,0.77294921875,,,1,unanimous,-0.0,0.1000850206665454,unanimous_correct
796,796,1,meningioma,1,1.0,1.0,0,1,0.998046875,0.998046875,0,1,0.90380859375,0.90380859375,0,0,correct_all,none,0.96728515625,0.90380859375,0.09619140625,0.96728515625,0.90380859375,,,1,unanimous,-0.0,0.048998997949601,unanimous_correct
797,797,1,meningioma,1,1.0,1.0,0,1,1.0,1.0,0,1,0.9375,0.9375,0,0,correct_all,none,0.9791666666666666,0.9375,0.0625,0.9791666666666666,0.9375,,,1,unanimous,-0.0,0.03344581811282134,unanimous_correct
798,798,1,meningioma,1,0.9873046875,0.9873046875,0,1,1.0,1.0,0,1,0.63134765625,0.63134765625,0,0,correct_all,none,0.8728841145833334,0.63134765625,0.36865234375,0.8728841145833334,0.63134765625,,,1,unanimous,-0.0,0.2084693658619573,unanimous_correct
799,799,1,meningioma,1,1.0,1.0,0,1,1.0,1.0,0,1,1.0,1.0,0,0,correct_all,none,1.0,1.0,0.0,1.0,1.0,,,1,unanimous,-0.0,8.48181860694879e-05,unanimous_correct
800,800,2,notumor,2,1.0,1.0,0,2,1.0,1.0,0,2,1.0,1.0,0,0,correct_all,none,1.0,1.0,0.0,1.0,1.0,,,1,unanimous,-0.0,2.2848576457100162e-05,unanimous_correct
801,801,2,notumor,2,1.0,1.0,0,2,1.0,1.0,0,2,0.998046875,0.998046875,0,0,correct_all,none,0.9993489583333334,0.998046875,0.001953125,0.9993489583333334,0.998046875,,,1,unanimous,-0.0,0.0009306123482184766,unanimous_correct
802,802,2,notumor,2,1.0,1.0,0,2,1.0,1.0,0,2,0.9990234375,0.9990234375,0,0,correct_all,none,0.9996744791666666,0.9990234375,0.0009765625,0.9996744791666666,0.9990234375,,,1,unanimous,-0.0,0.0002444914533715273,unanimous_correct
803,803,2,notumor,2,1.0,1.0,0,2,1.0,1.0,0,2,0.994140625,0.994140625,0,0,correct_all,none,0.998046875,0.994140625,0.005859375,0.998046875,0.994140625,,,1,unanimous,-0.0,0.0021091052711341395,unanimous_correct
804,804,2,notumor,2,1.0,1.0,0,2,1.0,1.0,0,2,1.0,1.0,0,0,correct_all,none,1.0,1.0,0.0,1.0,1.0,,,1,unanimous,-0.0,3.14080418934391e-05,unanimous_correct
805,805,2,notumor,2,1.0,1.0,0,2,1.0,1.0,0,2,0.98388671875,0.98388671875,0,0,correct_all,none,0.99462890625,0.98388671875,0.01611328125,0.99462890625,0.98388671875,,,1,unanimous,-0.0,0.008587540269443361,unanimous_correct
806,806,2,notumor,2,0.9990234375,0.9990234375,0,2,1.0,1.0,0,2,0.9990234375,0.9990234375,0,0,correct_all,none,0.9993489583333334,0.9990234375,0.0009765625,0.9993489583333334,0.9990234375,,,1,unanimous,-0.0,0.0002636529087084406,unanimous_correct
807,807,2,notumor,2,1.0,1.0,0,2,1.0,1.0,0,2,1.0,1.0,0,0,correct_all,none,1.0,1.0,0.0,1.0,1.0,,,1,unanimous,-0.0,0.00018582273038627683,unanimous_correct
808,808,2,notumor,2,1.0,1.0,0,2,1.0,1.0,0,2,1.0,1.0,0,0,correct_all,none,1.0,1.0,0.0,1.0,1.0,,,1,unanimous,-0.0,9.25758356010815e-05,unanimous_correct
809,809,2,notumor,2,1.0,1.0,0,2,1.0,1.0,0,2,1.0,1.0,0,0,correct_all,none,1.0,1.0,0.0,1.0,1.0,,,1,unanimous,-0.0,2.5717997908978024e-06,unanimous_correct
810,810,2,notumor,2,0.9990234375,0.9990234375,0,2,1.0,1.0,0,2,0.97607421875,0.97607421875,0,0,correct_all,none,0.99169921875,0.97607421875,0.02392578125,0.99169921875,0.97607421875,,,1,unanimous,-0.0,0.010679278291659294,unanimous_correct
811,811,2,notumor,2,1.0,1.0,0,2,1.0,1.0,0,2,0.9951171875,0.9951171875,0,0,correct_all,none,0.9983723958333334,0.9951171875,0.0048828125,0.9983723958333334,0.9951171875,,,1,unanimous,-0.0,0.00272371405246611,unanimous_correct
812,812,2,notumor,2,1.0,1.0,0,2,1.0,1.0,0,2,1.0,1.0,0,0,correct_all,none,1.0,1.0,0.0,1.0,1.0,,,1,unanimous,-0.0,5.043761970215219e-05,unanimous_correct
813,813,2,notumor,2,1.0,1.0,0,2,1.0,1.0,0,2,0.97265625,0.97265625,0,0,correct_all,none,0.9908854166666666,0.97265625,0.02734375,0.9908854166666666,0.97265625,,,1,unanimous,-0.0,0.014047624052663452,unanimous_correct
814,814,2,notumor,2,1.0,1.0,0,2,0.9990234375,0.9990234375,0,2,0.97998046875,0.97998046875,0,0,correct_all,none,0.9930013020833334,0.97998046875,0.02001953125,0.9930013020833334,0.97998046875,,,1,unanimous,-0.0,0.009709354474143402,unanimous_correct
815,815,2,notumor,2,1.0,1.0,0,2,1.0,1.0,0,2,0.97314453125,0.97314453125,0,0,correct_all,none,0.9910481770833334,0.97314453125,0.02685546875,0.9910481770833334,0.97314453125,,,1,unanimous,-0.0,0.014091711007968646,unanimous_correct
816,816,2,notumor,2,1.0,1.0,0,2,1.0,1.0,0,2,1.0,1.0,0,0,correct_all,none,1.0,1.0,0.0,1.0,1.0,,,1,unanimous,-0.0,0.00024966585442655906,unanimous_correct
817,817,2,notumor,2,1.0,1.0,0,2,1.0,1.0,0,2,0.9990234375,0.9990234375,0,0,correct_all,none,0.9996744791666666,0.9990234375,0.0009765625,0.9996744791666666,0.9990234375,,,1,unanimous,-0.0,0.0003291204207371292,unanimous_correct
818,818,2,notumor,2,1.0,1.0,0,2,1.0,1.0,0,2,1.0,1.0,0,0,correct_all,none,1.0,1.0,0.0,1.0,1.0,,,1,unanimous,-0.0,3.8706817865605e-05,unanimous_correct
819,819,2,notumor,2,1.0,1.0,0,2,1.0,1.0,0,2,0.9990234375,0.9990234375,0,0,correct_all,none,0.9996744791666666,0.9990234375,0.0009765625,0.9996744791666666,0.9990234375,,,1,unanimous,-0.0,0.0001632857082425141,unanimous_correct
820,820,2,notumor,2,0.990234375,0.990234375,0,2,0.994140625,0.994140625,0,2,0.65283203125,0.65283203125,0,0,correct_all,none,0.8790690104166666,0.65283203125,0.34130859375,0.8790690104166666,0.65283203125,,,1,unanimous,-0.0,0.17881797812483574,unanimous_correct
821,821,2,notumor,2,1.0,1.0,0,2,1.0,1.0,0,2,0.998046875,0.998046875,0,0,correct_all,none,0.9993489583333334,0.998046875,0.001953125,0.9993489583333334,0.998046875,,,1,unanimous,-0.0,0.0008941734585166776,unanimous_correct
822,822,2,notumor,2,1.0,1.0,0,2,1.0,1.0,0,2,0.99609375,0.99609375,0,0,correct_all,none,0.9986979166666666,0.99609375,0.00390625,0.9986979166666666,0.99609375,,,1,unanimous,-0.0,0.0017936210324092563,unanimous_correct
823,823,2,notumor,2,1.0,1.0,0,2,1.0,1.0,0,2,1.0,1.0,0,0,correct_all,none,1.0,1.0,0.0,1.0,1.0,,,1,unanimous,-0.0,4.743319718771813e-05,unanimous_correct
824,824,2,notumor,2,1.0,1.0,0,2,1.0,1.0,0,2,1.0,1.0,0,0,correct_all,none,1.0,1.0,0.0,1.0,1.0,,,1,unanimous,-0.0,5.3642953776812967e-05,unanimous_correct
825,825,2,notumor,2,0.99609375,0.99609375,0,2,0.95166015625,0.95166015625,0,1,0.505859375,0.4853515625,1,1,one_model_failure,EffNet,0.81787109375,0.505859375,0.490234375,0.81103515625,0.4853515625,0.505859375,0.4853515625,2,split_2_1,0.9182958340544896,0.26168429342985666,disagreement
826,826,2,notumor,2,1.0,1.0,0,2,1.0,1.0,0,2,0.994140625,0.994140625,0,0,correct_all,none,0.998046875,0.994140625,0.005859375,0.998046875,0.994140625,,,1,unanimous,-0.0,0.0026241404251590855,unanimous_correct
827,827,2,notumor,2,1.0,1.0,0,2,1.0,1.0,0,2,0.9482421875,0.9482421875,0,0,correct_all,none,0.9827473958333334,0.9482421875,0.0517578125,0.9827473958333334,0.9482421875,,,1,unanimous,-0.0,0.027921180664664105,unanimous_correct
828,828,2,notumor,2,0.9990234375,0.9990234375,0,2,0.9990234375,0.9990234375,0,2,0.990234375,0.990234375,0,0,correct_all,none,0.99609375,0.990234375,0.0087890625,0.99609375,0.990234375,,,1,unanimous,-0.0,0.002995109438131603,unanimous_correct
829,829,2,notumor,2,1.0,1.0,0,2,1.0,1.0,0,2,0.9921875,0.9921875,0,0,correct_all,none,0.9973958333333334,0.9921875,0.0078125,0.9973958333333334,0.9921875,,,1,unanimous,-0.0,0.0043127002603964674,unanimous_correct
830,830,2,notumor,2,1.0,1.0,0,2,1.0,1.0,0,2,1.0,1.0,0,0,correct_all,none,1.0,1.0,0.0,1.0,1.0,,,1,unanimous,-0.0,5.291850059394292e-05,unanimous_correct
831,831,2,notumor,2,1.0,1.0,0,2,1.0,1.0,0,2,1.0,1.0,0,0,correct_all,none,1.0,1.0,0.0,1.0,1.0,,,1,unanimous,-0.0,0.00018630812446399992,unanimous_correct
832,832,2,notumor,2,1.0,1.0,0,2,1.0,1.0,0,2,0.94140625,0.94140625,0,0,correct_all,none,0.98046875,0.94140625,0.05859375,0.98046875,0.94140625,,,1,unanimous,-0.0,0.03069145645224383,unanimous_correct
833,833,2,notumor,2,1.0,1.0,0,2,1.0,1.0,0,2,0.998046875,0.998046875,0,0,correct_all,none,0.9993489583333334,0.998046875,0.001953125,0.9993489583333334,0.998046875,,,1,unanimous,-0.0,0.0008783670404659636,unanimous_correct
834,834,2,notumor,2,1.0,1.0,0,2,1.0,1.0,0,2,0.984375,0.984375,0,0,correct_all,none,0.9947916666666666,0.984375,0.015625,0.9947916666666666,0.984375,,,1,unanimous,-0.0,0.008237340729036167,unanimous_correct
835,835,2,notumor,2,1.0,1.0,0,2,0.9990234375,0.9990234375,0,2,0.9990234375,0.9990234375,0,0,correct_all,none,0.9993489583333334,0.9990234375,0.0009765625,0.9993489583333334,0.9990234375,,,1,unanimous,-0.0,0.00035872342707473845,unanimous_correct
836,836,2,notumor,2,1.0,1.0,0,2,1.0,1.0,0,2,0.99609375,0.99609375,0,0,correct_all,none,0.9986979166666666,0.99609375,0.00390625,0.9986979166666666,0.99609375,,,1,unanimous,-0.0,0.0015869036552564834,unanimous_correct
837,837,2,notumor,2,1.0,1.0,0,2,1.0,1.0,0,2,1.0,1.0,0,0,correct_all,none,1.0,1.0,0.0,1.0,1.0,,,1,unanimous,-0.0,0.00013295842780690565,unanimous_correct
838,838,2,notumor,2,1.0,1.0,0,2,1.0,1.0,0,2,0.9150390625,0.9150390625,0,0,correct_all,none,0.9716796875,0.9150390625,0.0849609375,0.9716796875,0.9150390625,,,1,unanimous,-0.0,0.04540207274444161,unanimous_correct
839,839,2,notumor,2,0.9990234375,0.9990234375,0,2,1.0,1.0,0,2,0.984375,0.984375,0,0,correct_all,none,0.9944661458333334,0.984375,0.015625,0.9944661458333334,0.984375,,,1,unanimous,-0.0,0.006808514761281727,unanimous_correct
840,840,2,notumor,2,1.0,1.0,0,2,1.0,1.0,0,2,0.9990234375,0.9990234375,0,0,correct_all,none,0.9996744791666666,0.9990234375,0.0009765625,0.9996744791666666,0.9990234375,,,1,unanimous,-0.0,0.00027467837219121143,unanimous_correct
841,841,2,notumor,2,1.0,1.0,0,2,1.0,1.0,0,2,1.0,1.0,0,0,correct_all,none,1.0,1.0,0.0,1.0,1.0,,,1,unanimous,-0.0,1.799165031160109e-05,unanimous_correct
842,842,2,notumor,2,1.0,1.0,0,2,1.0,1.0,0,2,1.0,1.0,0,0,correct_all,none,1.0,1.0,0.0,1.0,1.0,,,1,unanimous,-0.0,8.085996281164461e-06,unanimous_correct
843,843,2,notumor,2,1.0,1.0,0,2,1.0,1.0,0,2,0.998046875,0.998046875,0,0,correct_all,none,0.9993489583333334,0.998046875,0.001953125,0.9993489583333334,0.998046875,,,1,unanimous,-0.0,0.0009980052700146007,unanimous_correct
844,844,2,notumor,2,1.0,1.0,0,2,1.0,1.0,0,2,1.0,1.0,0,0,correct_all,none,1.0,1.0,0.0,1.0,1.0,,,1,unanimous,-0.0,4.288880915388787e-05,unanimous_correct
845,845,2,notumor,2,1.0,1.0,0,2,1.0,1.0,0,2,1.0,1.0,0,0,correct_all,none,1.0,1.0,0.0,1.0,1.0,,,1,unanimous,-0.0,0.00010956310463806061,unanimous_correct
846,846,2,notumor,2,1.0,1.0,0,2,1.0,1.0,0,2,1.0,1.0,0,0,correct_all,none,1.0,1.0,0.0,1.0,1.0,,,1,unanimous,-0.0,0.00011838752271702284,unanimous_correct
847,847,2,notumor,2,1.0,1.0,0,2,1.0,1.0,0,2,0.9990234375,0.9990234375,0,0,correct_all,none,0.9996744791666666,0.9990234375,0.0009765625,0.9996744791666666,0.9990234375,,,1,unanimous,-0.0,0.0004513086055740346,unanimous_correct
848,848,2,notumor,2,1.0,1.0,0,2,1.0,1.0,0,2,1.0,1.0,0,0,correct_all,none,1.0,1.0,0.0,1.0,1.0,,,1,unanimous,-0.0,5.346221728106578e-06,unanimous_correct
849,849,2,notumor,2,0.99609375,0.99609375,0,2,0.998046875,0.998046875,0,2,0.78369140625,0.78369140625,0,0,correct_all,none,0.9259440104166666,0.78369140625,0.21435546875,0.9259440104166666,0.78369140625,,,1,unanimous,-0.0,0.11380343742881216,unanimous_correct
850,850,2,notumor,2,1.0,1.0,0,2,1.0,1.0,0,2,0.9990234375,0.9990234375,0,0,correct_all,none,0.9996744791666666,0.9990234375,0.0009765625,0.9996744791666666,0.9990234375,,,1,unanimous,-0.0,0.000590902908091745,unanimous_correct
851,851,2,notumor,2,1.0,1.0,0,2,0.9990234375,0.9990234375,0,2,1.0,1.0,0,0,correct_all,none,0.9996744791666666,0.9990234375,0.0009765625,0.9996744791666666,0.9990234375,,,1,unanimous,-0.0,0.00010184559235644833,unanimous_correct
852,852,2,notumor,2,1.0,1.0,0,2,1.0,1.0,0,2,0.998046875,0.998046875,0,0,correct_all,none,0.9993489583333334,0.998046875,0.001953125,0.9993489583333334,0.998046875,,,1,unanimous,-0.0,0.0008619253130589177,unanimous_correct
853,853,2,notumor,2,1.0,1.0,0,2,1.0,1.0,0,2,0.998046875,0.998046875,0,0,correct_all,none,0.9993489583333334,0.998046875,0.001953125,0.9993489583333334,0.998046875,,,1,unanimous,-0.0,0.001053795793049303,unanimous_correct
854,854,2,notumor,2,1.0,1.0,0,2,1.0,1.0,0,2,1.0,1.0,0,0,correct_all,none,1.0,1.0,0.0,1.0,1.0,,,1,unanimous,-0.0,4.054883334478343e-06,unanimous_correct
855,855,2,notumor,2,0.994140625,0.994140625,0,2,1.0,1.0,0,2,0.9853515625,0.9853515625,0,0,correct_all,none,0.9931640625,0.9853515625,0.0146484375,0.9931640625,0.9853515625,,,1,unanimous,-0.0,0.004731551475845058,unanimous_correct
856,856,2,notumor,2,1.0,1.0,0,2,1.0,1.0,0,2,0.99609375,0.99609375,0,0,correct_all,none,0.9986979166666666,0.99609375,0.00390625,0.9986979166666666,0.99609375,,,1,unanimous,-0.0,0.0021098609415663144,unanimous_correct
857,857,2,notumor,2,0.9912109375,0.9912109375,0,2,0.92578125,0.92578125,0,1,0.53271484375,0.00691986083984375,1,1,one_model_failure,EffNet,0.8165690104166666,0.53271484375,0.45849609375,0.6413040161132812,0.00691986083984375,0.53271484375,0.00691986083984375,2,split_2_1,0.9182958340544896,0.7787638020022786,disagreement
858,858,2,notumor,2,1.0,1.0,0,2,1.0,1.0,0,2,0.9931640625,0.9931640625,0,0,correct_all,none,0.9977213541666666,0.9931640625,0.0068359375,0.9977213541666666,0.9931640625,,,1,unanimous,-0.0,0.003388841587554422,unanimous_correct
859,859,2,notumor,2,0.98388671875,0.98388671875,0,2,0.9951171875,0.9951171875,0,2,0.78662109375,0.78662109375,0,0,correct_all,none,0.921875,0.78662109375,0.20849609375,0.921875,0.78662109375,,,1,unanimous,-0.0,0.09297047175497325,unanimous_correct
860,860,2,notumor,2,1.0,1.0,0,2,1.0,1.0,0,2,1.0,1.0,0,0,correct_all,none,1.0,1.0,0.0,1.0,1.0,,,1,unanimous,-0.0,0.00015046350193810478,unanimous_correct
861,861,2,notumor,2,1.0,1.0,0,2,1.0,1.0,0,2,0.96142578125,0.96142578125,0,0,correct_all,none,0.9871419270833334,0.96142578125,0.03857421875,0.9871419270833334,0.96142578125,,,1,unanimous,-0.0,0.02051587528262387,unanimous_correct
862,862,2,notumor,2,1.0,1.0,0,2,0.994140625,0.994140625,0,2,0.9482421875,0.9482421875,0,0,correct_all,none,0.9807942708333334,0.9482421875,0.0517578125,0.9807942708333334,0.9482421875,,,1,unanimous,-0.0,0.021993105106611455,unanimous_correct
863,863,2,notumor,2,1.0,1.0,0,2,1.0,1.0,0,2,1.0,1.0,0,0,correct_all,none,1.0,1.0,0.0,1.0,1.0,,,1,unanimous,-0.0,4.8843467600723786e-05,unanimous_correct
864,864,2,notumor,2,1.0,1.0,0,2,1.0,1.0,0,2,0.9990234375,0.9990234375,0,0,correct_all,none,0.9996744791666666,0.9990234375,0.0009765625,0.9996744791666666,0.9990234375,,,1,unanimous,-0.0,0.0002714490286531493,unanimous_correct
865,865,2,notumor,2,1.0,1.0,0,2,1.0,1.0,0,2,0.9951171875,0.9951171875,0,0,correct_all,none,0.9983723958333334,0.9951171875,0.0048828125,0.9983723958333334,0.9951171875,,,1,unanimous,-0.0,0.0020828175937450365,unanimous_correct
866,866,2,notumor,2,0.99609375,0.99609375,0,2,0.9970703125,0.9970703125,0,2,0.9970703125,0.9970703125,0,0,correct_all,none,0.9967447916666666,0.99609375,0.0009765625,0.9967447916666666,0.99609375,,,1,unanimous,-0.0,0.0010211831178258898,unanimous_correct
867,867,2,notumor,2,1.0,1.0,0,2,1.0,1.0,0,2,1.0,1.0,0,0,correct_all,none,1.0,1.0,0.0,1.0,1.0,,,1,unanimous,-0.0,1.5637355157226043e-05,unanimous_correct
868,868,2,notumor,2,1.0,1.0,0,2,1.0,1.0,0,2,0.9990234375,0.9990234375,0,0,correct_all,none,0.9996744791666666,0.9990234375,0.0009765625,0.9996744791666666,0.9990234375,,,1,unanimous,-0.0,0.00024294309306096846,unanimous_correct
869,869,2,notumor,2,1.0,1.0,0,2,1.0,1.0,0,2,0.998046875,0.998046875,0,0,correct_all,none,0.9993489583333334,0.998046875,0.001953125,0.9993489583333334,0.998046875,,,1,unanimous,-0.0,0.0009493046968861718,unanimous_correct
870,870,2,notumor,2,1.0,1.0,0,2,1.0,1.0,0,2,0.9970703125,0.9970703125,0,0,correct_all,none,0.9990234375,0.9970703125,0.0029296875,0.9990234375,0.9970703125,,,1,unanimous,-0.0,0.0016188977021614048,unanimous_correct
871,871,2,notumor,2,1.0,1.0,0,2,1.0,1.0,0,2,0.9873046875,0.9873046875,0,0,correct_all,none,0.9957682291666666,0.9873046875,0.0126953125,0.9957682291666666,0.9873046875,,,1,unanimous,-0.0,0.006457214621198207,unanimous_correct
872,872,2,notumor,2,1.0,1.0,0,2,1.0,1.0,0,2,0.97802734375,0.97802734375,0,0,correct_all,none,0.99267578125,0.97802734375,0.02197265625,0.99267578125,0.97802734375,,,1,unanimous,-0.0,0.011304690584145106,unanimous_correct
873,873,2,notumor,2,1.0,1.0,0,2,0.9990234375,0.9990234375,0,2,0.9990234375,0.9990234375,0,0,correct_all,none,0.9993489583333334,0.9990234375,0.0009765625,0.9993489583333334,0.9990234375,,,1,unanimous,-0.0,0.0005278330841649529,unanimous_correct
874,874,2,notumor,2,1.0,1.0,0,2,1.0,1.0,0,2,1.0,1.0,0,0,correct_all,none,1.0,1.0,0.0,1.0,1.0,,,1,unanimous,-0.0,3.244273042962264e-05,unanimous_correct
875,875,2,notumor,2,0.9912109375,0.9912109375,0,2,0.9951171875,0.9951171875,0,1,0.9951171875,0.0015192031860351562,1,1,one_model_failure,EffNet,0.9938151041666666,0.9912109375,0.00390625,0.6626157760620117,0.0015192031860351562,0.9951171875,0.0015192031860351562,2,split_2_1,0.9182958340544896,0.8769593656968004,disagreement
876,876,2,notumor,2,1.0,1.0,0,2,1.0,1.0,0,2,1.0,1.0,0,0,correct_all,none,1.0,1.0,0.0,1.0,1.0,,,1,unanimous,-0.0,6.361689939486659e-05,unanimous_correct
877,877,2,notumor,2,1.0,1.0,0,2,1.0,1.0,0,2,0.998046875,0.998046875,0,0,correct_all,none,0.9993489583333334,0.998046875,0.001953125,0.9993489583333334,0.998046875,,,1,unanimous,-0.0,0.0010775635096002475,unanimous_correct
878,878,2,notumor,2,1.0,1.0,0,2,1.0,1.0,0,2,0.9921875,0.9921875,0,0,correct_all,none,0.9973958333333334,0.9921875,0.0078125,0.9973958333333334,0.9921875,,,1,unanimous,-0.0,0.0034505245073905774,unanimous_correct
879,879,2,notumor,2,1.0,1.0,0,2,1.0,1.0,0,2,1.0,1.0,0,0,correct_all,none,1.0,1.0,0.0,1.0,1.0,,,1,unanimous,-0.0,9.124281931140047e-05,unanimous_correct
880,880,2,notumor,2,1.0,1.0,0,2,1.0,1.0,0,2,0.998046875,0.998046875,0,0,correct_all,none,0.9993489583333334,0.998046875,0.001953125,0.9993489583333334,0.998046875,,,1,unanimous,-0.0,0.0009215649096752775,unanimous_correct
881,881,2,notumor,2,1.0,1.0,0,2,1.0,1.0,0,2,0.98095703125,0.98095703125,0,0,correct_all,none,0.99365234375,0.98095703125,0.01904296875,0.99365234375,0.98095703125,,,1,unanimous,-0.0,0.010153966626970844,unanimous_correct
882,882,2,notumor,2,1.0,1.0,0,2,1.0,1.0,0,2,1.0,1.0,0,0,correct_all,none,1.0,1.0,0.0,1.0,1.0,,,1,unanimous,-0.0,4.9878721591627595e-06,unanimous_correct
883,883,2,notumor,2,1.0,1.0,0,2,0.9990234375,0.9990234375,0,2,0.9970703125,0.9970703125,0,0,correct_all,none,0.9986979166666666,0.9970703125,0.0029296875,0.9986979166666666,0.9970703125,,,1,unanimous,-0.0,0.0013644140044891048,unanimous_correct
884,884,2,notumor,2,1.0,1.0,0,2,1.0,1.0,0,2,0.9970703125,0.9970703125,0,0,correct_all,none,0.9990234375,0.9970703125,0.0029296875,0.9990234375,0.9970703125,,,1,unanimous,-0.0,0.0014235887529440213,unanimous_correct
885,885,2,notumor,2,1.0,1.0,0,2,1.0,1.0,0,2,1.0,1.0,0,0,correct_all,none,1.0,1.0,0.0,1.0,1.0,,,1,unanimous,-0.0,0.00010424128719510551,unanimous_correct
886,886,2,notumor,2,1.0,1.0,0,2,1.0,1.0,0,2,0.9931640625,0.9931640625,0,0,correct_all,none,0.9977213541666666,0.9931640625,0.0068359375,0.9977213541666666,0.9931640625,,,1,unanimous,-0.0,0.0036326696080687323,unanimous_correct
887,887,2,notumor,2,1.0,1.0,0,2,1.0,1.0,0,2,0.9990234375,0.9990234375,0,0,correct_all,none,0.9996744791666666,0.9990234375,0.0009765625,0.9996744791666666,0.9990234375,,,1,unanimous,-0.0,0.00030362463093035717,unanimous_correct
888,888,2,notumor,2,1.0,1.0,0,2,1.0,1.0,0,2,1.0,1.0,0,0,correct_all,none,1.0,1.0,0.0,1.0,1.0,,,1,unanimous,-0.0,6.826823569920908e-05,unanimous_correct
889,889,2,notumor,2,0.998046875,0.998046875,0,2,0.9970703125,0.9970703125,0,2,0.9462890625,0.9462890625,0,0,correct_all,none,0.98046875,0.9462890625,0.0517578125,0.98046875,0.9462890625,,,1,unanimous,-0.0,0.022131260681234277,unanimous_correct
890,890,2,notumor,2,1.0,1.0,0,2,1.0,1.0,0,2,0.98828125,0.98828125,0,0,correct_all,none,0.99609375,0.98828125,0.01171875,0.99609375,0.98828125,,,1,unanimous,-0.0,0.005906713878954951,unanimous_correct
891,891,2,notumor,2,1.0,1.0,0,2,1.0,1.0,0,2,1.0,1.0,0,0,correct_all,none,1.0,1.0,0.0,1.0,1.0,,,1,unanimous,-0.0,7.50635933518465e-05,unanimous_correct
892,892,2,notumor,2,1.0,1.0,0,2,1.0,1.0,0,2,1.0,1.0,0,0,correct_all,none,1.0,1.0,0.0,1.0,1.0,,,1,unanimous,-0.0,5.020438334936753e-05,unanimous_correct
893,893,2,notumor,2,1.0,1.0,0,2,1.0,1.0,0,2,1.0,1.0,0,0,correct_all,none,1.0,1.0,0.0,1.0,1.0,,,1,unanimous,-0.0,3.842080906370617e-05,unanimous_correct
894,894,2,notumor,2,1.0,1.0,0,2,1.0,1.0,0,2,1.0,1.0,0,0,correct_all,none,1.0,1.0,0.0,1.0,1.0,,,1,unanimous,-0.0,7.719796601788506e-06,unanimous_correct
895,895,2,notumor,2,1.0,1.0,0,2,0.9990234375,0.9990234375,0,2,0.97705078125,0.97705078125,0,0,correct_all,none,0.9920247395833334,0.97705078125,0.02294921875,0.9920247395833334,0.97705078125,,,1,unanimous,-0.0,0.010448231848164936,unanimous_correct
896,896,2,notumor,2,1.0,1.0,0,2,1.0,1.0,0,2,1.0,1.0,0,0,correct_all,none,1.0,1.0,0.0,1.0,1.0,,,1,unanimous,-0.0,3.1837851686126084e-05,unanimous_correct
897,897,2,notumor,2,0.9990234375,0.9990234375,0,2,0.9951171875,0.9951171875,0,2,0.9970703125,0.9970703125,0,0,correct_all,none,0.9970703125,0.9951171875,0.00390625,0.9970703125,0.9951171875,,,1,unanimous,-0.0,0.0009509777078698309,unanimous_correct
898,898,2,notumor,2,1.0,1.0,0,2,0.9990234375,0.9990234375,0,2,0.9990234375,0.9990234375,0,0,correct_all,none,0.9993489583333334,0.9990234375,0.0009765625,0.9993489583333334,0.9990234375,,,1,unanimous,-0.0,0.00035672608465781453,unanimous_correct
899,899,2,notumor,2,1.0,1.0,0,2,1.0,1.0,0,2,1.0,1.0,0,0,correct_all,none,1.0,1.0,0.0,1.0,1.0,,,1,unanimous,-0.0,0.0001482013022709723,unanimous_correct
900,900,2,notumor,2,1.0,1.0,0,2,0.998046875,0.998046875,0,2,0.9970703125,0.9970703125,0,0,correct_all,none,0.9983723958333334,0.9970703125,0.0029296875,0.9983723958333334,0.9970703125,,,1,unanimous,-0.0,0.0006548123451916958,unanimous_correct
901,901,2,notumor,2,1.0,1.0,0,2,1.0,1.0,0,2,0.9931640625,0.9931640625,0,0,correct_all,none,0.9977213541666666,0.9931640625,0.0068359375,0.9977213541666666,0.9931640625,,,1,unanimous,-0.0,0.0036068137078289417,unanimous_correct
902,902,2,notumor,2,1.0,1.0,0,2,1.0,1.0,0,2,0.9951171875,0.9951171875,0,0,correct_all,none,0.9983723958333334,0.9951171875,0.0048828125,0.9983723958333334,0.9951171875,,,1,unanimous,-0.0,0.0019574843640704637,unanimous_correct
903,903,2,notumor,2,1.0,1.0,0,2,1.0,1.0,0,2,1.0,1.0,0,0,correct_all,none,1.0,1.0,0.0,1.0,1.0,,,1,unanimous,-0.0,7.319947471747369e-06,unanimous_correct
904,904,2,notumor,2,1.0,1.0,0,2,0.9970703125,0.9970703125,0,2,0.986328125,0.986328125,0,0,correct_all,none,0.9944661458333334,0.986328125,0.013671875,0.9944661458333334,0.986328125,,,1,unanimous,-0.0,0.004856371563841874,unanimous_correct
905,905,2,notumor,2,1.0,1.0,0,2,1.0,1.0,0,2,0.9208984375,0.9208984375,0,0,correct_all,none,0.9736328125,0.9208984375,0.0791015625,0.9736328125,0.9208984375,,,1,unanimous,-0.0,0.042518523358126475,unanimous_correct
906,906,2,notumor,2,1.0,1.0,0,2,1.0,1.0,0,2,0.9873046875,0.9873046875,0,0,correct_all,none,0.9957682291666666,0.9873046875,0.0126953125,0.9957682291666666,0.9873046875,,,1,unanimous,-0.0,0.00588964831659488,unanimous_correct
907,907,2,notumor,2,1.0,1.0,0,2,0.9990234375,0.9990234375,0,2,0.9990234375,0.9990234375,0,0,correct_all,none,0.9993489583333334,0.9990234375,0.0009765625,0.9993489583333334,0.9990234375,,,1,unanimous,-0.0,0.00013640597979437934,unanimous_correct
908,908,2,notumor,2,1.0,1.0,0,2,1.0,1.0,0,2,0.99609375,0.99609375,0,0,correct_all,none,0.9986979166666666,0.99609375,0.00390625,0.9986979166666666,0.99609375,,,1,unanimous,-0.0,0.0016445377013989335,unanimous_correct
909,909,2,notumor,2,1.0,1.0,0,2,1.0,1.0,0,2,0.9990234375,0.9990234375,0,0,correct_all,none,0.9996744791666666,0.9990234375,0.0009765625,0.9996744791666666,0.9990234375,,,1,unanimous,-0.0,0.0002658584871324827,unanimous_correct
910,910,2,notumor,2,1.0,1.0,0,2,1.0,1.0,0,2,0.9990234375,0.9990234375,0,0,correct_all,none,0.9996744791666666,0.9990234375,0.0009765625,0.9996744791666666,0.9990234375,,,1,unanimous,-0.0,0.0002686983958588027,unanimous_correct
911,911,2,notumor,2,1.0,1.0,0,2,1.0,1.0,0,2,1.0,1.0,0,0,correct_all,none,1.0,1.0,0.0,1.0,1.0,,,1,unanimous,-0.0,2.6648578024288908e-05,unanimous_correct
912,912,2,notumor,2,1.0,1.0,0,2,1.0,1.0,0,2,1.0,1.0,0,0,correct_all,none,1.0,1.0,0.0,1.0,1.0,,,1,unanimous,-0.0,9.475857338223103e-05,unanimous_correct
913,913,2,notumor,2,1.0,1.0,0,2,1.0,1.0,0,2,0.9716796875,0.9716796875,0,0,correct_all,none,0.9905598958333334,0.9716796875,0.0283203125,0.9905598958333334,0.9716796875,,,1,unanimous,-0.0,0.01513658966019353,unanimous_correct
914,914,2,notumor,2,1.0,1.0,0,2,1.0,1.0,0,2,1.0,1.0,0,0,correct_all,none,1.0,1.0,0.0,1.0,1.0,,,1,unanimous,-0.0,5.158131495726077e-05,unanimous_correct
915,915,2,notumor,2,0.98828125,0.98828125,0,2,0.99609375,0.99609375,0,1,0.489990234375,0.4794921875,1,1,one_model_failure,EffNet,0.8247884114583334,0.489990234375,0.506103515625,0.8212890625,0.4794921875,0.489990234375,0.4794921875,2,split_2_1,0.9182958340544896,0.30292716667719316,disagreement
916,916,2,notumor,2,0.9990234375,0.9990234375,0,2,0.9990234375,0.9990234375,0,2,0.98828125,0.98828125,0,0,correct_all,none,0.9954427083333334,0.98828125,0.0107421875,0.9954427083333334,0.98828125,,,1,unanimous,-0.0,0.0036612059823614013,unanimous_correct
917,917,2,notumor,2,1.0,1.0,0,2,1.0,1.0,0,2,1.0,1.0,0,0,correct_all,none,1.0,1.0,0.0,1.0,1.0,,,1,unanimous,-0.0,1.2364743239946536e-05,unanimous_correct
918,918,2,notumor,2,1.0,1.0,0,2,1.0,1.0,0,2,0.998046875,0.998046875,0,0,correct_all,none,0.9993489583333334,0.998046875,0.001953125,0.9993489583333334,0.998046875,,,1,unanimous,-0.0,0.0009161352484213462,unanimous_correct
919,919,2,notumor,2,1.0,1.0,0,2,0.9990234375,0.9990234375,0,2,0.966796875,0.966796875,0,0,correct_all,none,0.9886067708333334,0.966796875,0.033203125,0.9886067708333334,0.966796875,,,1,unanimous,-0.0,0.015455622016561837,unanimous_correct
920,920,2,notumor,2,1.0,1.0,0,2,1.0,1.0,0,2,1.0,1.0,0,0,correct_all,none,1.0,1.0,0.0,1.0,1.0,,,1,unanimous,-0.0,9.73990280547113e-05,unanimous_correct
921,921,2,notumor,2,1.0,1.0,0,2,1.0,1.0,0,2,1.0,1.0,0,0,correct_all,none,1.0,1.0,0.0,1.0,1.0,,,1,unanimous,-0.0,3.163393188356672e-05,unanimous_correct
922,922,2,notumor,2,1.0,1.0,0,2,1.0,1.0,0,2,0.9951171875,0.9951171875,0,0,correct_all,none,0.9983723958333334,0.9951171875,0.0048828125,0.9983723958333334,0.9951171875,,,1,unanimous,-0.0,0.0024629349529700258,unanimous_correct
923,923,2,notumor,2,0.9970703125,0.9970703125,0,2,0.998046875,0.998046875,0,2,0.9951171875,0.9951171875,0,0,correct_all,none,0.9967447916666666,0.9951171875,0.0029296875,0.9967447916666666,0.9951171875,,,1,unanimous,-0.0,0.00037060277115851664,unanimous_correct
924,924,2,notumor,2,1.0,1.0,0,2,1.0,1.0,0,2,0.9912109375,0.9912109375,0,0,correct_all,none,0.9970703125,0.9912109375,0.0087890625,0.9970703125,0.9912109375,,,1,unanimous,-0.0,0.003823380002303877,unanimous_correct
925,925,2,notumor,2,1.0,1.0,0,2,1.0,1.0,0,2,1.0,1.0,0,0,correct_all,none,1.0,1.0,0.0,1.0,1.0,,,1,unanimous,-0.0,7.250107770616235e-05,unanimous_correct
926,926,2,notumor,2,0.9990234375,0.9990234375,0,2,0.9990234375,0.9990234375,0,2,0.9970703125,0.9970703125,0,0,correct_all,none,0.9983723958333334,0.9970703125,0.001953125,0.9983723958333334,0.9970703125,,,1,unanimous,-0.0,0.00038833628894137037,unanimous_correct
927,927,2,notumor,2,0.998046875,0.998046875,0,2,0.9970703125,0.9970703125,0,2,0.9951171875,0.9951171875,0,0,correct_all,none,0.9967447916666666,0.9951171875,0.0029296875,0.9967447916666666,0.9951171875,,,1,unanimous,-0.0,0.0003515778579308432,unanimous_correct
928,928,2,notumor,2,1.0,1.0,0,2,1.0,1.0,0,2,0.998046875,0.998046875,0,0,correct_all,none,0.9993489583333334,0.998046875,0.001953125,0.9993489583333334,0.998046875,,,1,unanimous,-0.0,0.0006906571842970558,unanimous_correct
929,929,2,notumor,2,0.99609375,0.99609375,0,2,1.0,1.0,0,2,0.9248046875,0.9248046875,0,0,correct_all,none,0.9736328125,0.9248046875,0.0751953125,0.9736328125,0.9248046875,,,1,unanimous,-0.0,0.035462258758438725,unanimous_correct
930,930,2,notumor,2,1.0,1.0,0,2,1.0,1.0,0,2,1.0,1.0,0,0,correct_all,none,1.0,1.0,0.0,1.0,1.0,,,1,unanimous,-0.0,8.116423663659996e-05,unanimous_correct
931,931,2,notumor,2,0.9970703125,0.9970703125,0,2,1.0,1.0,0,2,0.990234375,0.990234375,0,0,correct_all,none,0.9957682291666666,0.990234375,0.009765625,0.9957682291666666,0.990234375,,,1,unanimous,-0.0,0.0030038076608374722,unanimous_correct
932,932,2,notumor,2,1.0,1.0,0,2,1.0,1.0,0,2,0.998046875,0.998046875,0,0,correct_all,none,0.9993489583333334,0.998046875,0.001953125,0.9993489583333334,0.998046875,,,1,unanimous,-0.0,0.0006284676944867404,unanimous_correct
933,933,2,notumor,2,1.0,1.0,0,2,1.0,1.0,0,2,0.9931640625,0.9931640625,0,0,correct_all,none,0.9977213541666666,0.9931640625,0.0068359375,0.9977213541666666,0.9931640625,,,1,unanimous,-0.0,0.0035598619506493866,unanimous_correct
934,934,2,notumor,2,1.0,1.0,0,2,1.0,1.0,0,2,1.0,1.0,0,0,correct_all,none,1.0,1.0,0.0,1.0,1.0,,,1,unanimous,-0.0,1.3154706949287064e-05,unanimous_correct
935,935,2,notumor,2,0.998046875,0.998046875,0,2,0.92822265625,0.92822265625,0,2,0.5498046875,0.5498046875,0,0,correct_all,none,0.8253580729166666,0.5498046875,0.4482421875,0.8253580729166666,0.5498046875,,,1,unanimous,-0.0,0.23072939486261834,unanimous_correct
936,936,2,notumor,2,1.0,1.0,0,2,1.0,1.0,0,2,1.0,1.0,0,0,correct_all,none,1.0,1.0,0.0,1.0,1.0,,,1,unanimous,-0.0,0.0001848560062223982,unanimous_correct
937,937,2,notumor,2,1.0,1.0,0,2,1.0,1.0,0,2,1.0,1.0,0,0,correct_all,none,1.0,1.0,0.0,1.0,1.0,,,1,unanimous,-0.0,0.00011199786135080575,unanimous_correct
938,938,2,notumor,2,1.0,1.0,0,2,1.0,1.0,0,2,1.0,1.0,0,0,correct_all,none,1.0,1.0,0.0,1.0,1.0,,,1,unanimous,-0.0,2.104075220113542e-05,unanimous_correct
939,939,2,notumor,2,0.998046875,0.998046875,0,2,1.0,1.0,0,2,0.91162109375,0.91162109375,0,0,correct_all,none,0.9698893229166666,0.91162109375,0.08837890625,0.9698893229166666,0.91162109375,,,1,unanimous,-0.0,0.04560676635161137,unanimous_correct
940,940,2,notumor,2,1.0,1.0,0,2,1.0,1.0,0,2,0.9990234375,0.9990234375,0,0,correct_all,none,0.9996744791666666,0.9990234375,0.0009765625,0.9996744791666666,0.9990234375,,,1,unanimous,-0.0,0.00046602516380266296,unanimous_correct
941,941,2,notumor,2,1.0,1.0,0,2,1.0,1.0,0,2,1.0,1.0,0,0,correct_all,none,1.0,1.0,0.0,1.0,1.0,,,1,unanimous,-0.0,1.843283870580747e-05,unanimous_correct
942,942,2,notumor,2,1.0,1.0,0,2,1.0,1.0,0,2,1.0,1.0,0,0,correct_all,none,1.0,1.0,0.0,1.0,1.0,,,1,unanimous,-0.0,1.2056540650602556e-05,unanimous_correct
943,943,2,notumor,2,1.0,1.0,0,2,1.0,1.0,0,2,0.9853515625,0.9853515625,0,0,correct_all,none,0.9951171875,0.9853515625,0.0146484375,0.9951171875,0.9853515625,,,1,unanimous,-0.0,0.007407795018239731,unanimous_correct
944,944,2,notumor,2,1.0,1.0,0,2,1.0,1.0,0,2,1.0,1.0,0,0,correct_all,none,1.0,1.0,0.0,1.0,1.0,,,1,unanimous,-0.0,3.508006002743349e-05,unanimous_correct
945,945,2,notumor,2,0.9990234375,0.9990234375,0,2,0.998046875,0.998046875,0,2,0.998046875,0.998046875,0,0,correct_all,none,0.9983723958333334,0.998046875,0.0009765625,0.9983723958333334,0.998046875,,,1,unanimous,-0.0,0.0002813143951737977,unanimous_correct
946,946,2,notumor,2,1.0,1.0,0,2,1.0,1.0,0,2,0.95703125,0.95703125,0,0,correct_all,none,0.9856770833333334,0.95703125,0.04296875,0.9856770833333334,0.95703125,,,1,unanimous,-0.0,0.02231986523207162,unanimous_correct
947,947,2,notumor,2,1.0,1.0,0,2,1.0,1.0,0,2,1.0,1.0,0,0,correct_all,none,1.0,1.0,0.0,1.0,1.0,,,1,unanimous,-0.0,1.7512369126359623e-05,unanimous_correct
948,948,2,notumor,2,1.0,1.0,0,2,1.0,1.0,0,2,1.0,1.0,0,0,correct_all,none,1.0,1.0,0.0,1.0,1.0,,,1,unanimous,-0.0,3.274714280990254e-05,unanimous_correct
949,949,2,notumor,2,1.0,1.0,0,2,1.0,1.0,0,2,1.0,1.0,0,0,correct_all,none,1.0,1.0,0.0,1.0,1.0,,,1,unanimous,-0.0,7.130680180447442e-05,unanimous_correct
950,950,2,notumor,2,1.0,1.0,0,2,1.0,1.0,0,2,1.0,1.0,0,0,correct_all,none,1.0,1.0,0.0,1.0,1.0,,,1,unanimous,-0.0,3.9350767258602526e-05,unanimous_correct
951,951,2,notumor,2,1.0,1.0,0,2,1.0,1.0,0,2,1.0,1.0,0,0,correct_all,none,1.0,1.0,0.0,1.0,1.0,,,1,unanimous,-0.0,0.00010822545030349869,unanimous_correct
952,952,2,notumor,2,1.0,1.0,0,2,1.0,1.0,0,2,0.9990234375,0.9990234375,0,0,correct_all,none,0.9996744791666666,0.9990234375,0.0009765625,0.9996744791666666,0.9990234375,,,1,unanimous,-0.0,0.0006443928587546825,unanimous_correct
953,953,2,notumor,2,1.0,1.0,0,2,1.0,1.0,0,2,0.9990234375,0.9990234375,0,0,correct_all,none,0.9996744791666666,0.9990234375,0.0009765625,0.9996744791666666,0.9990234375,,,1,unanimous,-0.0,0.0003407875105496481,unanimous_correct
954,954,2,notumor,2,1.0,1.0,0,2,1.0,1.0,0,2,1.0,1.0,0,0,correct_all,none,1.0,1.0,0.0,1.0,1.0,,,1,unanimous,-0.0,0.00011726358627505958,unanimous_correct
955,955,2,notumor,2,1.0,1.0,0,2,0.994140625,0.994140625,0,2,0.990234375,0.990234375,0,0,correct_all,none,0.9947916666666666,0.990234375,0.009765625,0.9947916666666666,0.990234375,,,1,unanimous,-0.0,0.004269935379465475,unanimous_correct
956,956,2,notumor,2,0.9970703125,0.9970703125,0,2,0.9970703125,0.9970703125,0,2,0.9912109375,0.9912109375,0,0,correct_all,none,0.9951171875,0.9912109375,0.005859375,0.9951171875,0.9912109375,,,1,unanimous,-0.0,0.001946368728367301,unanimous_correct
957,957,2,notumor,2,1.0,1.0,0,2,1.0,1.0,0,2,1.0,1.0,0,0,correct_all,none,1.0,1.0,0.0,1.0,1.0,,,1,unanimous,-0.0,3.715539171118224e-05,unanimous_correct
958,958,2,notumor,2,1.0,1.0,0,2,1.0,1.0,0,2,1.0,1.0,0,0,correct_all,none,1.0,1.0,0.0,1.0,1.0,,,1,unanimous,-0.0,2.0221569928994903e-05,unanimous_correct
959,959,2,notumor,2,1.0,1.0,0,2,1.0,1.0,0,2,1.0,1.0,0,0,correct_all,none,1.0,1.0,0.0,1.0,1.0,,,1,unanimous,-0.0,1.126948325252841e-06,unanimous_correct
960,960,2,notumor,2,1.0,1.0,0,2,1.0,1.0,0,2,0.9990234375,0.9990234375,0,0,correct_all,none,0.9996744791666666,0.9990234375,0.0009765625,0.9996744791666666,0.9990234375,,,1,unanimous,-0.0,0.0002855556103450946,unanimous_correct
961,961,2,notumor,2,1.0,1.0,0,2,1.0,1.0,0,2,0.98388671875,0.98388671875,0,0,correct_all,none,0.99462890625,0.98388671875,0.01611328125,0.99462890625,0.98388671875,,,1,unanimous,-0.0,0.00825848825801409,unanimous_correct
962,962,2,notumor,2,1.0,1.0,0,2,1.0,1.0,0,2,1.0,1.0,0,0,correct_all,none,1.0,1.0,0.0,1.0,1.0,,,1,unanimous,-0.0,0.00013324271460840326,unanimous_correct
963,963,2,notumor,2,1.0,1.0,0,2,1.0,1.0,0,2,1.0,1.0,0,0,correct_all,none,1.0,1.0,0.0,1.0,1.0,,,1,unanimous,-0.0,2.4290609797700128e-05,unanimous_correct
964,964,2,notumor,2,1.0,1.0,0,2,1.0,1.0,0,2,1.0,1.0,0,0,correct_all,none,1.0,1.0,0.0,1.0,1.0,,,1,unanimous,-0.0,1.096201262148431e-05,unanimous_correct
965,965,2,notumor,2,1.0,1.0,0,2,1.0,1.0,0,2,0.96337890625,0.96337890625,0,0,correct_all,none,0.98779296875,0.96337890625,0.03662109375,0.98779296875,0.96337890625,,,1,unanimous,-0.0,0.01878882793649611,unanimous_correct
966,966,2,notumor,2,1.0,1.0,0,2,1.0,1.0,0,2,1.0,1.0,0,0,correct_all,none,1.0,1.0,0.0,1.0,1.0,,,1,unanimous,-0.0,3.886323463706356e-05,unanimous_correct
967,967,2,notumor,2,1.0,1.0,0,2,1.0,1.0,0,2,0.9990234375,0.9990234375,0,0,correct_all,none,0.9996744791666666,0.9990234375,0.0009765625,0.9996744791666666,0.9990234375,,,1,unanimous,-0.0,0.00026500755123273117,unanimous_correct
968,968,2,notumor,2,1.0,1.0,0,2,1.0,1.0,0,2,0.998046875,0.998046875,0,0,correct_all,none,0.9993489583333334,0.998046875,0.001953125,0.9993489583333334,0.998046875,,,1,unanimous,-0.0,0.0008669085566298564,unanimous_correct
969,969,2,notumor,2,1.0,1.0,0,2,1.0,1.0,0,2,1.0,1.0,0,0,correct_all,none,1.0,1.0,0.0,1.0,1.0,,,1,unanimous,-0.0,9.758579098483573e-06,unanimous_correct
970,970,2,notumor,2,1.0,1.0,0,2,1.0,1.0,0,2,1.0,1.0,0,0,correct_all,none,1.0,1.0,0.0,1.0,1.0,,,1,unanimous,-0.0,0.0001832331287256149,unanimous_correct
971,971,2,notumor,2,0.994140625,0.994140625,0,2,0.98095703125,0.98095703125,0,2,0.9970703125,0.9970703125,0,0,correct_all,none,0.99072265625,0.98095703125,0.01611328125,0.99072265625,0.98095703125,,,1,unanimous,-0.0,0.0033317215103287473,unanimous_correct
972,972,2,notumor,2,1.0,1.0,0,2,1.0,1.0,0,2,0.994140625,0.994140625,0,0,correct_all,none,0.998046875,0.994140625,0.005859375,0.998046875,0.994140625,,,1,unanimous,-0.0,0.00304734110505734,unanimous_correct
973,973,2,notumor,2,1.0,1.0,0,2,1.0,1.0,0,2,1.0,1.0,0,0,correct_all,none,1.0,1.0,0.0,1.0,1.0,,,1,unanimous,-0.0,2.360666067680625e-05,unanimous_correct
974,974,2,notumor,2,1.0,1.0,0,2,1.0,1.0,0,2,0.94189453125,0.94189453125,0,0,correct_all,none,0.9806315104166666,0.94189453125,0.05810546875,0.9806315104166666,0.94189453125,,,1,unanimous,-0.0,0.03037421994509895,unanimous_correct
975,975,2,notumor,2,1.0,1.0,0,2,1.0,1.0,0,2,0.998046875,0.998046875,0,0,correct_all,none,0.9993489583333334,0.998046875,0.001953125,0.9993489583333334,0.998046875,,,1,unanimous,-0.0,0.0010607832488626553,unanimous_correct
976,976,2,notumor,2,1.0,1.0,0,2,1.0,1.0,0,2,1.0,1.0,0,0,correct_all,none,1.0,1.0,0.0,1.0,1.0,,,1,unanimous,-0.0,1.5517767199734264e-06,unanimous_correct
977,977,2,notumor,2,1.0,1.0,0,2,1.0,1.0,0,2,0.998046875,0.998046875,0,0,correct_all,none,0.9993489583333334,0.998046875,0.001953125,0.9993489583333334,0.998046875,,,1,unanimous,-0.0,0.000992751831879051,unanimous_correct
978,978,2,notumor,2,1.0,1.0,0,2,1.0,1.0,0,2,0.9990234375,0.9990234375,0,0,correct_all,none,0.9996744791666666,0.9990234375,0.0009765625,0.9996744791666666,0.9990234375,,,1,unanimous,-0.0,0.0004021862287529581,unanimous_correct
979,979,2,notumor,2,1.0,1.0,0,2,1.0,1.0,0,2,1.0,1.0,0,0,correct_all,none,1.0,1.0,0.0,1.0,1.0,,,1,unanimous,-0.0,0.00013048733714979863,unanimous_correct
980,980,2,notumor,2,1.0,1.0,0,2,1.0,1.0,0,2,1.0,1.0,0,0,correct_all,none,1.0,1.0,0.0,1.0,1.0,,,1,unanimous,-0.0,3.385787896724706e-05,unanimous_correct
981,981,2,notumor,2,1.0,1.0,0,2,1.0,1.0,0,2,0.998046875,0.998046875,0,0,correct_all,none,0.9993489583333334,0.998046875,0.001953125,0.9993489583333334,0.998046875,,,1,unanimous,-0.0,0.0007632844339394915,unanimous_correct
982,982,2,notumor,2,1.0,1.0,0,2,1.0,1.0,0,2,1.0,1.0,0,0,correct_all,none,1.0,1.0,0.0,1.0,1.0,,,1,unanimous,-0.0,1.5690532490489806e-05,unanimous_correct
983,983,2,notumor,2,1.0,1.0,0,2,1.0,1.0,0,2,1.0,1.0,0,0,correct_all,none,1.0,1.0,0.0,1.0,1.0,,,1,unanimous,-0.0,4.146133558258932e-06,unanimous_correct
984,984,2,notumor,2,0.9853515625,0.9853515625,0,2,0.99609375,0.99609375,0,2,0.85693359375,0.85693359375,0,0,correct_all,none,0.9461263020833334,0.85693359375,0.13916015625,0.9461263020833334,0.85693359375,,,1,unanimous,-0.0,0.05802804692712393,unanimous_correct
985,985,2,notumor,2,1.0,1.0,0,2,1.0,1.0,0,2,1.0,1.0,0,0,correct_all,none,1.0,1.0,0.0,1.0,1.0,,,1,unanimous,-0.0,7.115346543843374e-07,unanimous_correct
986,986,2,notumor,2,1.0,1.0,0,2,1.0,1.0,0,2,1.0,1.0,0,0,correct_all,none,1.0,1.0,0.0,1.0,1.0,,,1,unanimous,-0.0,1.2232326977533442e-05,unanimous_correct
987,987,2,notumor,2,1.0,1.0,0,2,0.998046875,0.998046875,0,2,1.0,1.0,0,0,correct_all,none,0.9993489583333334,0.998046875,0.001953125,0.9993489583333334,0.998046875,,,1,unanimous,-0.0,0.00044685224430283943,unanimous_correct
988,988,2,notumor,2,0.9970703125,0.9970703125,0,2,1.0,1.0,0,2,0.9912109375,0.9912109375,0,0,correct_all,none,0.99609375,0.9912109375,0.0087890625,0.99609375,0.9912109375,,,1,unanimous,-0.0,0.00280874345600296,unanimous_correct
989,989,2,notumor,2,1.0,1.0,0,2,1.0,1.0,0,2,0.98828125,0.98828125,0,0,correct_all,none,0.99609375,0.98828125,0.01171875,0.99609375,0.98828125,,,1,unanimous,-0.0,0.0058267257305068265,unanimous_correct
990,990,2,notumor,2,1.0,1.0,0,2,0.9990234375,0.9990234375,0,2,0.9990234375,0.9990234375,0,0,correct_all,none,0.9993489583333334,0.9990234375,0.0009765625,0.9993489583333334,0.9990234375,,,1,unanimous,-0.0,0.0002876744296703383,unanimous_correct
991,991,2,notumor,2,1.0,1.0,0,2,1.0,1.0,0,2,1.0,1.0,0,0,correct_all,none,1.0,1.0,0.0,1.0,1.0,,,1,unanimous,-0.0,7.216856422572046e-05,unanimous_correct
992,992,2,notumor,2,0.9990234375,0.9990234375,0,2,1.0,1.0,0,2,0.98388671875,0.98388671875,0,0,correct_all,none,0.9943033854166666,0.98388671875,0.01611328125,0.9943033854166666,0.98388671875,,,1,unanimous,-0.0,0.006729320572520084,unanimous_correct
993,993,2,notumor,2,1.0,1.0,0,2,1.0,1.0,0,2,1.0,1.0,0,0,correct_all,none,1.0,1.0,0.0,1.0,1.0,,,1,unanimous,-0.0,4.534234600498093e-06,unanimous_correct
994,994,2,notumor,2,1.0,1.0,0,2,0.9990234375,0.9990234375,0,2,0.9990234375,0.9990234375,0,0,correct_all,none,0.9993489583333334,0.9990234375,0.0009765625,0.9993489583333334,0.9990234375,,,1,unanimous,-0.0,0.00014259850903859238,unanimous_correct
995,995,2,notumor,2,1.0,1.0,0,2,1.0,1.0,0,2,0.9931640625,0.9931640625,0,0,correct_all,none,0.9977213541666666,0.9931640625,0.0068359375,0.9977213541666666,0.9931640625,,,1,unanimous,-0.0,0.0036221460490742513,unanimous_correct
996,996,2,notumor,2,1.0,1.0,0,2,1.0,1.0,0,2,0.96435546875,0.96435546875,0,0,correct_all,none,0.9881184895833334,0.96435546875,0.03564453125,0.9881184895833334,0.96435546875,,,1,unanimous,-0.0,0.019056880888951105,unanimous_correct
997,997,2,notumor,2,1.0,1.0,0,2,1.0,1.0,0,2,1.0,1.0,0,0,correct_all,none,1.0,1.0,0.0,1.0,1.0,,,1,unanimous,-0.0,3.5883837006162576e-05,unanimous_correct
998,998,2,notumor,2,1.0,1.0,0,2,1.0,1.0,0,2,1.0,1.0,0,0,correct_all,none,1.0,1.0,0.0,1.0,1.0,,,1,unanimous,-0.0,0.00020584689840986363,unanimous_correct
999,999,2,notumor,2,1.0,1.0,0,2,1.0,1.0,0,2,1.0,1.0,0,0,correct_all,none,1.0,1.0,0.0,1.0,1.0,,,1,unanimous,-0.0,1.6499094209953538e-05,unanimous_correct
1000,1000,2,notumor,2,1.0,1.0,0,2,1.0,1.0,0,2,0.994140625,0.994140625,0,0,correct_all,none,0.998046875,0.994140625,0.005859375,0.998046875,0.994140625,,,1,unanimous,-0.0,0.0026630186510877944,unanimous_correct
1001,1001,2,notumor,2,1.0,1.0,0,2,0.9990234375,0.9990234375,0,2,1.0,1.0,0,0,correct_all,none,0.9996744791666666,0.9990234375,0.0009765625,0.9996744791666666,0.9990234375,,,1,unanimous,-0.0,0.00023827927251076405,unanimous_correct
1002,1002,2,notumor,2,1.0,1.0,0,2,1.0,1.0,0,2,0.97509765625,0.97509765625,0,0,correct_all,none,0.99169921875,0.97509765625,0.02490234375,0.99169921875,0.97509765625,,,1,unanimous,-0.0,0.012448984891232917,unanimous_correct
1003,1003,2,notumor,2,1.0,1.0,0,2,1.0,1.0,0,2,1.0,1.0,0,0,correct_all,none,1.0,1.0,0.0,1.0,1.0,,,1,unanimous,-0.0,8.949977322057507e-05,unanimous_correct
1004,1004,2,notumor,2,1.0,1.0,0,2,1.0,1.0,0,2,1.0,1.0,0,0,correct_all,none,1.0,1.0,0.0,1.0,1.0,,,1,unanimous,-0.0,7.751294640903975e-06,unanimous_correct
1005,1005,2,notumor,2,1.0,1.0,0,2,1.0,1.0,0,2,0.9892578125,0.9892578125,0,0,correct_all,none,0.9964192708333334,0.9892578125,0.0107421875,0.9964192708333334,0.9892578125,,,1,unanimous,-0.0,0.005649151453794566,unanimous_correct
1006,1006,2,notumor,2,0.9951171875,0.9951171875,0,2,0.9990234375,0.9990234375,0,2,0.986328125,0.986328125,0,0,correct_all,none,0.9934895833333334,0.986328125,0.0126953125,0.9934895833333334,0.986328125,,,1,unanimous,-0.0,0.00336756640788273,unanimous_correct
1007,1007,2,notumor,2,1.0,1.0,0,2,1.0,1.0,0,2,0.9990234375,0.9990234375,0,0,correct_all,none,0.9996744791666666,0.9990234375,0.0009765625,0.9996744791666666,0.9990234375,,,1,unanimous,-0.0,0.000590486713654071,unanimous_correct
1008,1008,2,notumor,2,1.0,1.0,0,2,1.0,1.0,0,2,1.0,1.0,0,0,correct_all,none,1.0,1.0,0.0,1.0,1.0,,,1,unanimous,-0.0,8.477481512094201e-05,unanimous_correct
1009,1009,2,notumor,2,1.0,1.0,0,2,1.0,1.0,0,2,0.9873046875,0.9873046875,0,0,correct_all,none,0.9957682291666666,0.9873046875,0.0126953125,0.9957682291666666,0.9873046875,,,1,unanimous,-0.0,0.006304283766648482,unanimous_correct
1010,1010,2,notumor,2,1.0,1.0,0,2,1.0,1.0,0,2,1.0,1.0,0,0,correct_all,none,1.0,1.0,0.0,1.0,1.0,,,1,unanimous,-0.0,7.86131335232484e-05,unanimous_correct
1011,1011,2,notumor,2,0.986328125,0.986328125,0,2,1.0,1.0,0,2,0.810546875,0.810546875,0,0,correct_all,none,0.9322916666666666,0.810546875,0.189453125,0.9322916666666666,0.810546875,,,1,unanimous,-0.0,0.08869649448705841,unanimous_correct
1012,1012,2,notumor,2,0.9921875,0.9921875,0,2,0.9951171875,0.9951171875,0,2,0.8095703125,0.8095703125,0,0,correct_all,none,0.9322916666666666,0.8095703125,0.185546875,0.9322916666666666,0.8095703125,,,1,unanimous,-0.0,0.08679985737584645,unanimous_correct
1013,1013,2,notumor,2,1.0,1.0,0,2,0.9921875,0.9921875,0,2,0.9931640625,0.9931640625,0,0,correct_all,none,0.9951171875,0.9921875,0.0078125,0.9951171875,0.9921875,,,1,unanimous,-0.0,0.0026143464942167613,unanimous_correct
1014,1014,2,notumor,2,1.0,1.0,0,2,1.0,1.0,0,2,1.0,1.0,0,0,correct_all,none,1.0,1.0,0.0,1.0,1.0,,,1,unanimous,-0.0,5.314562388892847e-05,unanimous_correct
1015,1015,2,notumor,2,1.0,1.0,0,2,1.0,1.0,0,2,0.97900390625,0.97900390625,0,0,correct_all,none,0.9930013020833334,0.97900390625,0.02099609375,0.9930013020833334,0.97900390625,,,1,unanimous,-0.0,0.010609853149557896,unanimous_correct
1016,1016,2,notumor,2,1.0,1.0,0,2,1.0,1.0,0,2,1.0,1.0,0,0,correct_all,none,1.0,1.0,0.0,1.0,1.0,,,1,unanimous,-0.0,7.546732968980634e-05,unanimous_correct
1017,1017,2,notumor,2,1.0,1.0,0,2,1.0,1.0,0,2,0.9990234375,0.9990234375,0,0,correct_all,none,0.9996744791666666,0.9990234375,0.0009765625,0.9996744791666666,0.9990234375,,,1,unanimous,-0.0,0.00031221277200320407,unanimous_correct
1018,1018,2,notumor,2,1.0,1.0,0,2,1.0,1.0,0,2,1.0,1.0,0,0,correct_all,none,1.0,1.0,0.0,1.0,1.0,,,1,unanimous,-0.0,2.519939317549287e-05,unanimous_correct
1019,1019,2,notumor,2,1.0,1.0,0,2,1.0,1.0,0,2,1.0,1.0,0,0,correct_all,none,1.0,1.0,0.0,1.0,1.0,,,1,unanimous,-0.0,2.59669139611407e-05,unanimous_correct
1020,1020,2,notumor,2,1.0,1.0,0,2,1.0,1.0,0,2,0.98291015625,0.98291015625,0,0,correct_all,none,0.9943033854166666,0.98291015625,0.01708984375,0.9943033854166666,0.98291015625,,,1,unanimous,-0.0,0.009303117317177853,unanimous_correct
1021,1021,2,notumor,2,1.0,1.0,0,2,1.0,1.0,0,2,1.0,1.0,0,0,correct_all,none,1.0,1.0,0.0,1.0,1.0,,,1,unanimous,-0.0,3.979791662354708e-05,unanimous_correct
1022,1022,2,notumor,2,1.0,1.0,0,2,1.0,1.0,0,2,1.0,1.0,0,0,correct_all,none,1.0,1.0,0.0,1.0,1.0,,,1,unanimous,-0.0,2.5611513960742674e-07,unanimous_correct
1023,1023,2,notumor,2,1.0,1.0,0,2,1.0,1.0,0,2,0.99609375,0.99609375,0,0,correct_all,none,0.9986979166666666,0.99609375,0.00390625,0.9986979166666666,0.99609375,,,1,unanimous,-0.0,0.0015845180545538719,unanimous_correct
1024,1024,2,notumor,2,1.0,1.0,0,2,1.0,1.0,0,2,1.0,1.0,0,0,correct_all,none,1.0,1.0,0.0,1.0,1.0,,,1,unanimous,-0.0,0.00021246989900541705,unanimous_correct
1025,1025,2,notumor,2,1.0,1.0,0,2,1.0,1.0,0,2,1.0,1.0,0,0,correct_all,none,1.0,1.0,0.0,1.0,1.0,,,1,unanimous,-0.0,7.441874539780048e-05,unanimous_correct
1026,1026,2,notumor,2,1.0,1.0,0,2,1.0,1.0,0,2,1.0,1.0,0,0,correct_all,none,1.0,1.0,0.0,1.0,1.0,,,1,unanimous,-0.0,2.7066748286325333e-05,unanimous_correct
1027,1027,2,notumor,2,0.9990234375,0.9990234375,0,2,1.0,1.0,0,2,0.9951171875,0.9951171875,0,0,correct_all,none,0.998046875,0.9951171875,0.0048828125,0.998046875,0.9951171875,,,1,unanimous,-0.0,0.00176393494097115,unanimous_correct
1028,1028,2,notumor,2,1.0,1.0,0,2,1.0,1.0,0,2,1.0,1.0,0,0,correct_all,none,1.0,1.0,0.0,1.0,1.0,,,1,unanimous,-0.0,5.65401030394434e-05,unanimous_correct
1029,1029,2,notumor,2,1.0,1.0,0,2,1.0,1.0,0,2,0.990234375,0.990234375,0,0,correct_all,none,0.9967447916666666,0.990234375,0.009765625,0.9967447916666666,0.990234375,,,1,unanimous,-0.0,0.005017323367702463,unanimous_correct
1030,1030,2,notumor,2,1.0,1.0,0,2,0.9990234375,0.9990234375,0,2,0.9970703125,0.9970703125,0,0,correct_all,none,0.9986979166666666,0.9970703125,0.0029296875,0.9986979166666666,0.9970703125,,,1,unanimous,-0.0,0.001096981893011299,unanimous_correct
1031,1031,2,notumor,2,1.0,1.0,0,2,1.0,1.0,0,2,0.9990234375,0.9990234375,0,0,correct_all,none,0.9996744791666666,0.9990234375,0.0009765625,0.9996744791666666,0.9990234375,,,1,unanimous,-0.0,0.0004625552443848612,unanimous_correct
1032,1032,2,notumor,2,1.0,1.0,0,2,1.0,1.0,0,2,1.0,1.0,0,0,correct_all,none,1.0,1.0,0.0,1.0,1.0,,,1,unanimous,-0.0,3.581170462705534e-05,unanimous_correct
1033,1033,2,notumor,2,1.0,1.0,0,2,1.0,1.0,0,2,0.9970703125,0.9970703125,0,0,correct_all,none,0.9990234375,0.9970703125,0.0029296875,0.9990234375,0.9970703125,,,1,unanimous,-0.0,0.0017129600088901156,unanimous_correct
1034,1034,2,notumor,2,0.998046875,0.998046875,0,2,0.998046875,0.998046875,0,2,0.99609375,0.99609375,0,0,correct_all,none,0.9973958333333334,0.99609375,0.001953125,0.9973958333333334,0.99609375,,,1,unanimous,-0.0,0.0009140086414256912,unanimous_correct
1035,1035,2,notumor,2,1.0,1.0,0,2,1.0,1.0,0,2,0.9990234375,0.9990234375,0,0,correct_all,none,0.9996744791666666,0.9990234375,0.0009765625,0.9996744791666666,0.9990234375,,,1,unanimous,-0.0,0.0006101801948929265,unanimous_correct
1036,1036,2,notumor,2,1.0,1.0,0,2,1.0,1.0,0,2,0.9970703125,0.9970703125,0,0,correct_all,none,0.9990234375,0.9970703125,0.0029296875,0.9990234375,0.9970703125,,,1,unanimous,-0.0,0.0009703577207195464,unanimous_correct
1037,1037,2,notumor,2,1.0,1.0,0,2,1.0,1.0,0,2,1.0,1.0,0,0,correct_all,none,1.0,1.0,0.0,1.0,1.0,,,1,unanimous,-0.0,2.0001710548145238e-05,unanimous_correct
1038,1038,2,notumor,2,1.0,1.0,0,2,1.0,1.0,0,2,1.0,1.0,0,0,correct_all,none,1.0,1.0,0.0,1.0,1.0,,,1,unanimous,-0.0,8.367705720822312e-06,unanimous_correct
1039,1039,2,notumor,2,1.0,1.0,0,2,1.0,1.0,0,2,0.9892578125,0.9892578125,0,0,correct_all,none,0.9964192708333334,0.9892578125,0.0107421875,0.9964192708333334,0.9892578125,,,1,unanimous,-0.0,0.005552987604356435,unanimous_correct
1040,1040,2,notumor,2,0.98095703125,0.98095703125,0,2,0.97265625,0.97265625,0,1,0.397216796875,0.204833984375,1,1,one_model_failure,EffNet,0.7836100260416666,0.397216796875,0.583740234375,0.719482421875,0.204833984375,0.397216796875,0.204833984375,2,split_2_1,0.9182958340544896,0.5124622072782593,disagreement
1041,1041,2,notumor,2,1.0,1.0,0,2,1.0,1.0,0,2,1.0,1.0,0,0,correct_all,none,1.0,1.0,0.0,1.0,1.0,,,1,unanimous,-0.0,0.00021688022979684282,unanimous_correct
1042,1042,2,notumor,2,1.0,1.0,0,2,1.0,1.0,0,2,1.0,1.0,0,0,correct_all,none,1.0,1.0,0.0,1.0,1.0,,,1,unanimous,-0.0,3.0481511410795773e-05,unanimous_correct
1043,1043,2,notumor,2,1.0,1.0,0,2,1.0,1.0,0,2,1.0,1.0,0,0,correct_all,none,1.0,1.0,0.0,1.0,1.0,,,1,unanimous,-0.0,1.191608876164769e-05,unanimous_correct
1044,1044,2,notumor,2,1.0,1.0,0,2,1.0,1.0,0,2,0.994140625,0.994140625,0,0,correct_all,none,0.998046875,0.994140625,0.005859375,0.998046875,0.994140625,,,1,unanimous,-0.0,0.0029089385528510807,unanimous_correct
1045,1045,2,notumor,2,1.0,1.0,0,2,0.9951171875,0.9951171875,0,2,0.9716796875,0.9716796875,0,0,correct_all,none,0.9889322916666666,0.9716796875,0.0283203125,0.9889322916666666,0.9716796875,,,1,unanimous,-0.0,0.011185274812895343,unanimous_correct
1046,1046,2,notumor,2,1.0,1.0,0,2,1.0,1.0,0,2,1.0,1.0,0,0,correct_all,none,1.0,1.0,0.0,1.0,1.0,,,1,unanimous,-0.0,1.6028274258543464e-05,unanimous_correct
1047,1047,2,notumor,2,1.0,1.0,0,2,1.0,1.0,0,2,1.0,1.0,0,0,correct_all,none,1.0,1.0,0.0,1.0,1.0,,,1,unanimous,-0.0,2.5527623521583555e-05,unanimous_correct
1048,1048,2,notumor,2,1.0,1.0,0,2,1.0,1.0,0,2,0.99609375,0.99609375,0,0,correct_all,none,0.9986979166666666,0.99609375,0.00390625,0.9986979166666666,0.99609375,,,1,unanimous,-0.0,0.0020888368701657,unanimous_correct
1049,1049,2,notumor,2,1.0,1.0,0,2,1.0,1.0,0,2,1.0,1.0,0,0,correct_all,none,1.0,1.0,0.0,1.0,1.0,,,1,unanimous,-0.0,1.5935140022583076e-06,unanimous_correct
1050,1050,2,notumor,2,0.984375,0.984375,0,2,0.99609375,0.99609375,0,2,0.998046875,0.998046875,0,0,correct_all,none,0.9928385416666666,0.984375,0.013671875,0.9928385416666666,0.984375,,,1,unanimous,-0.0,0.004013713880492979,unanimous_correct
1051,1051,2,notumor,2,1.0,1.0,0,2,1.0,1.0,0,2,1.0,1.0,0,0,correct_all,none,1.0,1.0,0.0,1.0,1.0,,,1,unanimous,-0.0,0.00011231312311711823,unanimous_correct
1052,1052,2,notumor,2,1.0,1.0,0,2,1.0,1.0,0,2,1.0,1.0,0,0,correct_all,none,1.0,1.0,0.0,1.0,1.0,,,1,unanimous,-0.0,0.00013816084214375666,unanimous_correct
1053,1053,2,notumor,2,1.0,1.0,0,2,1.0,1.0,0,2,0.9970703125,0.9970703125,0,0,correct_all,none,0.9990234375,0.9970703125,0.0029296875,0.9990234375,0.9970703125,,,1,unanimous,-0.0,0.0010122502316149817,unanimous_correct
1054,1054,2,notumor,2,1.0,1.0,0,2,1.0,1.0,0,2,1.0,1.0,0,0,correct_all,none,1.0,1.0,0.0,1.0,1.0,,,1,unanimous,-0.0,7.71288687673869e-05,unanimous_correct
1055,1055,2,notumor,2,1.0,1.0,0,2,0.9990234375,0.9990234375,0,2,0.998046875,0.998046875,0,0,correct_all,none,0.9990234375,0.998046875,0.001953125,0.9990234375,0.998046875,,,1,unanimous,-0.0,0.0006815960509196292,unanimous_correct
1056,1056,2,notumor,2,1.0,1.0,0,2,1.0,1.0,0,2,0.9970703125,0.9970703125,0,0,correct_all,none,0.9990234375,0.9970703125,0.0029296875,0.9990234375,0.9970703125,,,1,unanimous,-0.0,0.0012933233590235634,unanimous_correct
1057,1057,2,notumor,2,1.0,1.0,0,2,1.0,1.0,0,2,0.9990234375,0.9990234375,0,0,correct_all,none,0.9996744791666666,0.9990234375,0.0009765625,0.9996744791666666,0.9990234375,,,1,unanimous,-0.0,0.000261023058003745,unanimous_correct
1058,1058,2,notumor,2,1.0,1.0,0,2,1.0,1.0,0,2,1.0,1.0,0,0,correct_all,none,1.0,1.0,0.0,1.0,1.0,,,1,unanimous,-0.0,3.362793821201751e-05,unanimous_correct
1059,1059,2,notumor,2,1.0,1.0,0,2,1.0,1.0,0,2,1.0,1.0,0,0,correct_all,none,1.0,1.0,0.0,1.0,1.0,,,1,unanimous,-0.0,1.4702994108355594e-05,unanimous_correct
1060,1060,2,notumor,2,1.0,1.0,0,2,1.0,1.0,0,2,0.9970703125,0.9970703125,0,0,correct_all,none,0.9990234375,0.9970703125,0.0029296875,0.9990234375,0.9970703125,,,1,unanimous,-0.0,0.0015123358380973728,unanimous_correct
1061,1061,2,notumor,2,1.0,1.0,0,2,1.0,1.0,0,2,1.0,1.0,0,0,correct_all,none,1.0,1.0,0.0,1.0,1.0,,,1,unanimous,-0.0,0.0002382205481987654,unanimous_correct
1062,1062,2,notumor,2,1.0,1.0,0,2,1.0,1.0,0,2,1.0,1.0,0,0,correct_all,none,1.0,1.0,0.0,1.0,1.0,,,1,unanimous,-0.0,1.9477295116097416e-05,unanimous_correct
1063,1063,2,notumor,2,1.0,1.0,0,2,1.0,1.0,0,2,0.9921875,0.9921875,0,0,correct_all,none,0.9973958333333334,0.9921875,0.0078125,0.9973958333333334,0.9921875,,,1,unanimous,-0.0,0.0038609412445191928,unanimous_correct
1064,1064,2,notumor,2,0.9970703125,0.9970703125,0,2,0.9990234375,0.9990234375,0,2,0.9951171875,0.9951171875,0,0,correct_all,none,0.9970703125,0.9951171875,0.00390625,0.9970703125,0.9951171875,,,1,unanimous,-0.0,0.000547039575815797,unanimous_correct
1065,1065,2,notumor,2,1.0,1.0,0,2,1.0,1.0,0,2,1.0,1.0,0,0,correct_all,none,1.0,1.0,0.0,1.0,1.0,,,1,unanimous,-0.0,3.913455444083063e-06,unanimous_correct
1066,1066,2,notumor,2,1.0,1.0,0,2,1.0,1.0,0,2,0.99609375,0.99609375,0,0,correct_all,none,0.9986979166666666,0.99609375,0.00390625,0.9986979166666666,0.99609375,,,1,unanimous,-0.0,0.0018591292043027355,unanimous_correct
1067,1067,2,notumor,2,1.0,1.0,0,2,0.9990234375,0.9990234375,0,2,0.998046875,0.998046875,0,0,correct_all,none,0.9990234375,0.998046875,0.001953125,0.9990234375,0.998046875,,,1,unanimous,-0.0,0.0005636969738572594,unanimous_correct
1068,1068,2,notumor,2,1.0,1.0,0,2,1.0,1.0,0,2,1.0,1.0,0,0,correct_all,none,1.0,1.0,0.0,1.0,1.0,,,1,unanimous,-0.0,2.169506415210297e-05,unanimous_correct
1069,1069,2,notumor,2,1.0,1.0,0,2,1.0,1.0,0,2,1.0,1.0,0,0,correct_all,none,1.0,1.0,0.0,1.0,1.0,,,1,unanimous,-0.0,6.600184586452417e-06,unanimous_correct
1070,1070,2,notumor,2,1.0,1.0,0,2,1.0,1.0,0,2,0.93701171875,0.93701171875,0,0,correct_all,none,0.97900390625,0.93701171875,0.06298828125,0.97900390625,0.93701171875,,,1,unanimous,-0.0,0.03342948336547487,unanimous_correct
1071,1071,2,notumor,2,1.0,1.0,0,2,0.9990234375,0.9990234375,0,2,1.0,1.0,0,0,correct_all,none,0.9996744791666666,0.9990234375,0.0009765625,0.9996744791666666,0.9990234375,,,1,unanimous,-0.0,0.00028356052272733925,unanimous_correct
1072,1072,2,notumor,2,1.0,1.0,0,2,1.0,1.0,0,2,0.94384765625,0.94384765625,0,0,correct_all,none,0.9812825520833334,0.94384765625,0.05615234375,0.9812825520833334,0.94384765625,,,1,unanimous,-0.0,0.03006893216084866,unanimous_correct
1073,1073,2,notumor,2,1.0,1.0,0,2,1.0,1.0,0,2,0.9990234375,0.9990234375,0,0,correct_all,none,0.9996744791666666,0.9990234375,0.0009765625,0.9996744791666666,0.9990234375,,,1,unanimous,-0.0,0.0004282645175316302,unanimous_correct
1074,1074,2,notumor,2,1.0,1.0,0,2,1.0,1.0,0,2,0.998046875,0.998046875,0,0,correct_all,none,0.9993489583333334,0.998046875,0.001953125,0.9993489583333334,0.998046875,,,1,unanimous,-0.0,0.0006349853291783359,unanimous_correct
1075,1075,2,notumor,2,0.99609375,0.99609375,0,2,0.9970703125,0.9970703125,0,2,0.80615234375,0.80615234375,0,0,correct_all,none,0.93310546875,0.80615234375,0.19091796875,0.93310546875,0.80615234375,,,1,unanimous,-0.0,0.09736717335646566,unanimous_correct
1076,1076,2,notumor,2,1.0,1.0,0,2,1.0,1.0,0,2,0.9951171875,0.9951171875,0,0,correct_all,none,0.9983723958333334,0.9951171875,0.0048828125,0.9983723958333334,0.9951171875,,,1,unanimous,-0.0,0.002170745153752082,unanimous_correct
1077,1077,2,notumor,2,1.0,1.0,0,2,1.0,1.0,0,2,0.9853515625,0.9853515625,0,0,correct_all,none,0.9951171875,0.9853515625,0.0146484375,0.9951171875,0.9853515625,,,1,unanimous,-0.0,0.0074876546556321005,unanimous_correct
1078,1078,2,notumor,2,1.0,1.0,0,2,1.0,1.0,0,2,1.0,1.0,0,0,correct_all,none,1.0,1.0,0.0,1.0,1.0,,,1,unanimous,-0.0,1.4917135112891612e-05,unanimous_correct
1079,1079,2,notumor,2,1.0,1.0,0,2,1.0,1.0,0,2,1.0,1.0,0,0,correct_all,none,1.0,1.0,0.0,1.0,1.0,,,1,unanimous,-0.0,8.852461777192062e-05,unanimous_correct
1080,1080,2,notumor,2,1.0,1.0,0,2,1.0,1.0,0,2,1.0,1.0,0,0,correct_all,none,1.0,1.0,0.0,1.0,1.0,,,1,unanimous,-0.0,0.00017526266901760567,unanimous_correct
1081,1081,2,notumor,2,0.984375,0.984375,0,2,0.9990234375,0.9990234375,0,2,0.84765625,0.84765625,0,0,correct_all,none,0.9436848958333334,0.84765625,0.1513671875,0.9436848958333334,0.84765625,,,1,unanimous,-0.0,0.06697834358838556,unanimous_correct
1082,1082,2,notumor,2,1.0,1.0,0,2,1.0,1.0,0,2,0.99609375,0.99609375,0,0,correct_all,none,0.9986979166666666,0.99609375,0.00390625,0.9986979166666666,0.99609375,,,1,unanimous,-0.0,0.00190256566104886,unanimous_correct
1083,1083,2,notumor,2,1.0,1.0,0,2,1.0,1.0,0,2,0.9990234375,0.9990234375,0,0,correct_all,none,0.9996744791666666,0.9990234375,0.0009765625,0.9996744791666666,0.9990234375,,,1,unanimous,-0.0,0.00015671689321318906,unanimous_correct
1084,1084,2,notumor,2,1.0,1.0,0,2,1.0,1.0,0,2,0.9892578125,0.9892578125,0,0,correct_all,none,0.9964192708333334,0.9892578125,0.0107421875,0.9964192708333334,0.9892578125,,,1,unanimous,-0.0,0.00472956296977526,unanimous_correct
1085,1085,2,notumor,2,1.0,1.0,0,2,1.0,1.0,0,2,1.0,1.0,0,0,correct_all,none,1.0,1.0,0.0,1.0,1.0,,,1,unanimous,-0.0,0.00015469134453819635,unanimous_correct
1086,1086,2,notumor,2,1.0,1.0,0,2,1.0,1.0,0,2,1.0,1.0,0,0,correct_all,none,1.0,1.0,0.0,1.0,1.0,,,1,unanimous,-0.0,0.00015574306766631858,unanimous_correct
1087,1087,2,notumor,2,1.0,1.0,0,2,1.0,1.0,0,2,1.0,1.0,0,0,correct_all,none,1.0,1.0,0.0,1.0,1.0,,,1,unanimous,-0.0,0.00013677862034492012,unanimous_correct
1088,1088,2,notumor,2,1.0,1.0,0,2,1.0,1.0,0,2,1.0,1.0,0,0,correct_all,none,1.0,1.0,0.0,1.0,1.0,,,1,unanimous,-0.0,3.2861355320070536e-06,unanimous_correct
1089,1089,2,notumor,2,1.0,1.0,0,2,1.0,1.0,0,2,0.9990234375,0.9990234375,0,0,correct_all,none,0.9996744791666666,0.9990234375,0.0009765625,0.9996744791666666,0.9990234375,,,1,unanimous,-0.0,8.346245722435676e-05,unanimous_correct
1090,1090,2,notumor,2,1.0,1.0,0,2,1.0,1.0,0,2,1.0,1.0,0,0,correct_all,none,1.0,1.0,0.0,1.0,1.0,,,1,unanimous,-0.0,1.55464133747387e-05,unanimous_correct
1091,1091,2,notumor,2,1.0,1.0,0,2,1.0,1.0,0,2,0.9912109375,0.9912109375,0,0,correct_all,none,0.9970703125,0.9912109375,0.0087890625,0.9970703125,0.9912109375,,,1,unanimous,-0.0,0.004525018297323231,unanimous_correct
1092,1092,2,notumor,2,1.0,1.0,0,2,0.9990234375,0.9990234375,0,2,1.0,1.0,0,0,correct_all,none,0.9996744791666666,0.9990234375,0.0009765625,0.9996744791666666,0.9990234375,,,1,unanimous,-0.0,0.00021113856052408595,unanimous_correct
1093,1093,2,notumor,2,1.0,1.0,0,2,1.0,1.0,0,2,0.998046875,0.998046875,0,0,correct_all,none,0.9993489583333334,0.998046875,0.001953125,0.9993489583333334,0.998046875,,,1,unanimous,-0.0,0.001014838440279245,unanimous_correct
1094,1094,2,notumor,2,1.0,1.0,0,2,1.0,1.0,0,2,1.0,1.0,0,0,correct_all,none,1.0,1.0,0.0,1.0,1.0,,,1,unanimous,-0.0,3.706397547638396e-05,unanimous_correct
1095,1095,2,notumor,2,1.0,1.0,0,2,0.9931640625,0.9931640625,0,2,0.7724609375,0.7724609375,0,0,correct_all,none,0.921875,0.7724609375,0.2275390625,0.921875,0.7724609375,,,1,unanimous,-0.0,0.11899392791350089,unanimous_correct
1096,1096,2,notumor,2,1.0,1.0,0,2,1.0,1.0,0,2,1.0,1.0,0,0,correct_all,none,1.0,1.0,0.0,1.0,1.0,,,1,unanimous,-0.0,1.843433361844554e-05,unanimous_correct
1097,1097,2,notumor,2,1.0,1.0,0,2,1.0,1.0,0,2,0.9990234375,0.9990234375,0,0,correct_all,none,0.9996744791666666,0.9990234375,0.0009765625,0.9996744791666666,0.9990234375,,,1,unanimous,-0.0,0.00047131582418116855,unanimous_correct
1098,1098,2,notumor,2,1.0,1.0,0,2,1.0,1.0,0,2,1.0,1.0,0,0,correct_all,none,1.0,1.0,0.0,1.0,1.0,,,1,unanimous,-0.0,4.4292212778944125e-05,unanimous_correct
1099,1099,2,notumor,2,1.0,1.0,0,2,1.0,1.0,0,2,1.0,1.0,0,0,correct_all,none,1.0,1.0,0.0,1.0,1.0,,,1,unanimous,-0.0,2.26724687591009e-05,unanimous_correct
1100,1100,2,notumor,2,1.0,1.0,0,2,1.0,1.0,0,2,1.0,1.0,0,0,correct_all,none,1.0,1.0,0.0,1.0,1.0,,,1,unanimous,-0.0,7.109616051708171e-05,unanimous_correct
1101,1101,2,notumor,2,1.0,1.0,0,2,1.0,1.0,0,2,0.9990234375,0.9990234375,0,0,correct_all,none,0.9996744791666666,0.9990234375,0.0009765625,0.9996744791666666,0.9990234375,,,1,unanimous,-0.0,0.00030483063120742126,unanimous_correct
1102,1102,2,notumor,2,1.0,1.0,0,2,1.0,1.0,0,2,0.9970703125,0.9970703125,0,0,correct_all,none,0.9990234375,0.9970703125,0.0029296875,0.9990234375,0.9970703125,,,1,unanimous,-0.0,0.0014740212984998106,unanimous_correct
1103,1103,2,notumor,2,1.0,1.0,0,2,1.0,1.0,0,2,0.98291015625,0.98291015625,0,0,correct_all,none,0.9943033854166666,0.98291015625,0.01708984375,0.9943033854166666,0.98291015625,,,1,unanimous,-0.0,0.009169743525486843,unanimous_correct
1104,1104,2,notumor,2,0.9990234375,0.9990234375,0,2,1.0,1.0,0,2,0.990234375,0.990234375,0,0,correct_all,none,0.9964192708333334,0.990234375,0.009765625,0.9964192708333334,0.990234375,,,1,unanimous,-0.0,0.0034817491996612104,unanimous_correct
1105,1105,2,notumor,2,0.9990234375,0.9990234375,0,2,0.9990234375,0.9990234375,0,2,0.9892578125,0.9892578125,0,0,correct_all,none,0.9957682291666666,0.9892578125,0.009765625,0.9957682291666666,0.9892578125,,,1,unanimous,-0.0,0.00361127182920315,unanimous_correct
1106,1106,2,notumor,2,1.0,1.0,0,2,1.0,1.0,0,2,1.0,1.0,0,0,correct_all,none,1.0,1.0,0.0,1.0,1.0,,,1,unanimous,-0.0,0.000191381450527911,unanimous_correct
1107,1107,2,notumor,2,1.0,1.0,0,2,1.0,1.0,0,2,1.0,1.0,0,0,correct_all,none,1.0,1.0,0.0,1.0,1.0,,,1,unanimous,-0.0,6.674433959123608e-05,unanimous_correct
1108,1108,2,notumor,2,1.0,1.0,0,2,1.0,1.0,0,2,1.0,1.0,0,0,correct_all,none,1.0,1.0,0.0,1.0,1.0,,,1,unanimous,-0.0,6.120140606336326e-05,unanimous_correct
1109,1109,2,notumor,2,1.0,1.0,0,2,1.0,1.0,0,2,0.998046875,0.998046875,0,0,correct_all,none,0.9993489583333334,0.998046875,0.001953125,0.9993489583333334,0.998046875,,,1,unanimous,-0.0,0.0008354658544951991,unanimous_correct
1110,1110,2,notumor,2,1.0,1.0,0,2,1.0,1.0,0,2,0.9951171875,0.9951171875,0,0,correct_all,none,0.9983723958333334,0.9951171875,0.0048828125,0.9983723958333334,0.9951171875,,,1,unanimous,-0.0,0.0020816119201189642,unanimous_correct
1111,1111,2,notumor,2,0.98828125,0.98828125,0,2,1.0,1.0,0,2,0.7880859375,0.7880859375,0,0,correct_all,none,0.9254557291666666,0.7880859375,0.2119140625,0.9254557291666666,0.7880859375,,,1,unanimous,-0.0,0.10298076832171632,unanimous_correct
1112,1112,2,notumor,2,1.0,1.0,0,2,1.0,1.0,0,2,1.0,1.0,0,0,correct_all,none,1.0,1.0,0.0,1.0,1.0,,,1,unanimous,-0.0,9.143448993078891e-05,unanimous_correct
1113,1113,2,notumor,2,1.0,1.0,0,2,1.0,1.0,0,2,1.0,1.0,0,0,correct_all,none,1.0,1.0,0.0,1.0,1.0,,,1,unanimous,-0.0,7.223985172161997e-06,unanimous_correct
1114,1114,2,notumor,2,0.9892578125,0.9892578125,0,2,0.9951171875,0.9951171875,0,2,0.5869140625,0.5869140625,0,0,correct_all,none,0.8570963541666666,0.5869140625,0.408203125,0.8570963541666666,0.5869140625,,,1,unanimous,-0.0,0.2231057660335376,unanimous_correct
1115,1115,2,notumor,2,1.0,1.0,0,2,1.0,1.0,0,2,1.0,1.0,0,0,correct_all,none,1.0,1.0,0.0,1.0,1.0,,,1,unanimous,-0.0,2.6944591873760172e-05,unanimous_correct
1116,1116,2,notumor,2,1.0,1.0,0,2,1.0,1.0,0,2,0.9921875,0.9921875,0,0,correct_all,none,0.9973958333333334,0.9921875,0.0078125,0.9973958333333334,0.9921875,,,1,unanimous,-0.0,0.004170730975619721,unanimous_correct
1117,1117,2,notumor,2,1.0,1.0,0,2,1.0,1.0,0,2,1.0,1.0,0,0,correct_all,none,1.0,1.0,0.0,1.0,1.0,,,1,unanimous,-0.0,2.2993498399507878e-05,unanimous_correct
1118,1118,2,notumor,2,0.998046875,0.998046875,0,2,0.9990234375,0.9990234375,0,2,0.93408203125,0.93408203125,0,0,correct_all,none,0.97705078125,0.93408203125,0.06494140625,0.97705078125,0.93408203125,,,1,unanimous,-0.0,0.031292435340323776,unanimous_correct
1119,1119,2,notumor,2,1.0,1.0,0,2,1.0,1.0,0,2,1.0,1.0,0,0,correct_all,none,1.0,1.0,0.0,1.0,1.0,,,1,unanimous,-0.0,8.48930591058688e-05,unanimous_correct
1120,1120,2,notumor,2,1.0,1.0,0,2,1.0,1.0,0,2,1.0,1.0,0,0,correct_all,none,1.0,1.0,0.0,1.0,1.0,,,1,unanimous,-0.0,8.421322481324482e-05,unanimous_correct
1121,1121,2,notumor,2,1.0,1.0,0,2,1.0,1.0,0,2,0.9951171875,0.9951171875,0,0,correct_all,none,0.9983723958333334,0.9951171875,0.0048828125,0.9983723958333334,0.9951171875,,,1,unanimous,-0.0,0.002241213096576846,unanimous_correct
1122,1122,2,notumor,2,1.0,1.0,0,2,1.0,1.0,0,2,1.0,1.0,0,0,correct_all,none,1.0,1.0,0.0,1.0,1.0,,,1,unanimous,-0.0,9.25650499383258e-06,unanimous_correct
1123,1123,2,notumor,2,1.0,1.0,0,2,1.0,1.0,0,2,0.9892578125,0.9892578125,0,0,correct_all,none,0.9964192708333334,0.9892578125,0.0107421875,0.9964192708333334,0.9892578125,,,1,unanimous,-0.0,0.005338996061959825,unanimous_correct
1124,1124,2,notumor,2,1.0,1.0,0,2,1.0,1.0,0,2,0.986328125,0.986328125,0,0,correct_all,none,0.9954427083333334,0.986328125,0.013671875,0.9954427083333334,0.986328125,,,1,unanimous,-0.0,0.007070067714026178,unanimous_correct
1125,1125,2,notumor,2,1.0,1.0,0,2,1.0,1.0,0,2,1.0,1.0,0,0,correct_all,none,1.0,1.0,0.0,1.0,1.0,,,1,unanimous,-0.0,3.0071852288955506e-05,unanimous_correct
1126,1126,2,notumor,2,1.0,1.0,0,2,1.0,1.0,0,2,0.990234375,0.990234375,0,0,correct_all,none,0.9967447916666666,0.990234375,0.009765625,0.9967447916666666,0.990234375,,,1,unanimous,-0.0,0.005129728948001962,unanimous_correct
1127,1127,2,notumor,2,1.0,1.0,0,2,1.0,1.0,0,2,1.0,1.0,0,0,correct_all,none,1.0,1.0,0.0,1.0,1.0,,,1,unanimous,-0.0,1.0529945233814242e-05,unanimous_correct
1128,1128,2,notumor,2,1.0,1.0,0,2,1.0,1.0,0,2,0.998046875,0.998046875,0,0,correct_all,none,0.9993489583333334,0.998046875,0.001953125,0.9993489583333334,0.998046875,,,1,unanimous,-0.0,0.0008590123536290403,unanimous_correct
1129,1129,2,notumor,2,0.9990234375,0.9990234375,0,2,0.998046875,0.998046875,0,2,0.9931640625,0.9931640625,0,0,correct_all,none,0.9967447916666666,0.9931640625,0.005859375,0.9967447916666666,0.9931640625,,,1,unanimous,-0.0,0.0019003417540618128,unanimous_correct
1130,1130,2,notumor,2,1.0,1.0,0,2,1.0,1.0,0,2,0.9970703125,0.9970703125,0,0,correct_all,none,0.9990234375,0.9970703125,0.0029296875,0.9990234375,0.9970703125,,,1,unanimous,-0.0,0.0017630310435609153,unanimous_correct
1131,1131,2,notumor,2,1.0,1.0,0,2,1.0,1.0,0,2,0.9892578125,0.9892578125,0,0,correct_all,none,0.9964192708333334,0.9892578125,0.0107421875,0.9964192708333334,0.9892578125,,,1,unanimous,-0.0,0.005467052680219457,unanimous_correct
1132,1132,2,notumor,2,1.0,1.0,0,2,1.0,1.0,0,2,1.0,1.0,0,0,correct_all,none,1.0,1.0,0.0,1.0,1.0,,,1,unanimous,-0.0,2.6861125786191886e-05,unanimous_correct
1133,1133,2,notumor,2,1.0,1.0,0,2,1.0,1.0,0,2,0.998046875,0.998046875,0,0,correct_all,none,0.9993489583333334,0.998046875,0.001953125,0.9993489583333334,0.998046875,,,1,unanimous,-0.0,0.0007628661762832797,unanimous_correct
1134,1134,2,notumor,2,1.0,1.0,0,2,1.0,1.0,0,2,1.0,1.0,0,0,correct_all,none,1.0,1.0,0.0,1.0,1.0,,,1,unanimous,-0.0,8.8016926133969e-05,unanimous_correct
1135,1135,2,notumor,2,1.0,1.0,0,2,1.0,1.0,0,2,0.998046875,0.998046875,0,0,correct_all,none,0.9993489583333334,0.998046875,0.001953125,0.9993489583333334,0.998046875,,,1,unanimous,-0.0,0.0009873682738857801,unanimous_correct
1136,1136,2,notumor,2,1.0,1.0,0,2,1.0,1.0,0,2,1.0,1.0,0,0,correct_all,none,1.0,1.0,0.0,1.0,1.0,,,1,unanimous,-0.0,4.885985820025484e-06,unanimous_correct
1137,1137,2,notumor,2,1.0,1.0,0,2,1.0,1.0,0,2,0.9990234375,0.9990234375,0,0,correct_all,none,0.9996744791666666,0.9990234375,0.0009765625,0.9996744791666666,0.9990234375,,,1,unanimous,-0.0,0.0002157227763982389,unanimous_correct
1138,1138,2,notumor,2,1.0,1.0,0,2,1.0,1.0,0,2,1.0,1.0,0,0,correct_all,none,1.0,1.0,0.0,1.0,1.0,,,1,unanimous,-0.0,2.7197341698059567e-05,unanimous_correct
1139,1139,2,notumor,2,1.0,1.0,0,2,1.0,1.0,0,2,0.9990234375,0.9990234375,0,0,correct_all,none,0.9996744791666666,0.9990234375,0.0009765625,0.9996744791666666,0.9990234375,,,1,unanimous,-0.0,0.00047368588114818236,unanimous_correct
1140,1140,2,notumor,2,1.0,1.0,0,2,1.0,1.0,0,2,0.9970703125,0.9970703125,0,0,correct_all,none,0.9990234375,0.9970703125,0.0029296875,0.9990234375,0.9970703125,,,1,unanimous,-0.0,0.0011924834393883307,unanimous_correct
1141,1141,2,notumor,2,0.998046875,0.998046875,0,2,1.0,1.0,0,2,0.9931640625,0.9931640625,0,0,correct_all,none,0.9970703125,0.9931640625,0.0068359375,0.9970703125,0.9931640625,,,1,unanimous,-0.0,0.002457121818912344,unanimous_correct
1142,1142,2,notumor,2,1.0,1.0,0,2,1.0,1.0,0,2,0.994140625,0.994140625,0,0,correct_all,none,0.998046875,0.994140625,0.005859375,0.998046875,0.994140625,,,1,unanimous,-0.0,0.0027270677069946916,unanimous_correct
1143,1143,2,notumor,2,1.0,1.0,0,2,1.0,1.0,0,2,0.994140625,0.994140625,0,0,correct_all,none,0.998046875,0.994140625,0.005859375,0.998046875,0.994140625,,,1,unanimous,-0.0,0.0024182359020043336,unanimous_correct
1144,1144,2,notumor,2,0.9912109375,0.9912109375,0,2,0.9990234375,0.9990234375,0,2,0.77978515625,0.77978515625,0,0,correct_all,none,0.92333984375,0.77978515625,0.21923828125,0.92333984375,0.77978515625,,,1,unanimous,-0.0,0.11011195211959507,unanimous_correct
1145,1145,2,notumor,2,1.0,1.0,0,2,1.0,1.0,0,2,1.0,1.0,0,0,correct_all,none,1.0,1.0,0.0,1.0,1.0,,,1,unanimous,-0.0,1.8740594162354246e-05,unanimous_correct
1146,1146,2,notumor,2,1.0,1.0,0,2,1.0,1.0,0,2,1.0,1.0,0,0,correct_all,none,1.0,1.0,0.0,1.0,1.0,,,1,unanimous,-0.0,1.429774627199036e-05,unanimous_correct
1147,1147,2,notumor,2,1.0,1.0,0,2,1.0,1.0,0,2,0.9990234375,0.9990234375,0,0,correct_all,none,0.9996744791666666,0.9990234375,0.0009765625,0.9996744791666666,0.9990234375,,,1,unanimous,-0.0,0.0005400242532101196,unanimous_correct
1148,1148,2,notumor,2,1.0,1.0,0,2,0.9990234375,0.9990234375,0,2,0.97802734375,0.97802734375,0,0,correct_all,none,0.9923502604166666,0.97802734375,0.02197265625,0.9923502604166666,0.97802734375,,,1,unanimous,-0.0,0.010235283168217264,unanimous_correct
1149,1149,2,notumor,2,1.0,1.0,0,2,1.0,1.0,0,2,0.998046875,0.998046875,0,0,correct_all,none,0.9993489583333334,0.998046875,0.001953125,0.9993489583333334,0.998046875,,,1,unanimous,-0.0,0.0006974163065232358,unanimous_correct
1150,1150,2,notumor,2,1.0,1.0,0,2,1.0,1.0,0,2,1.0,1.0,0,0,correct_all,none,1.0,1.0,0.0,1.0,1.0,,,1,unanimous,-0.0,5.0242333365417015e-05,unanimous_correct
1151,1151,2,notumor,2,1.0,1.0,0,2,0.9990234375,0.9990234375,0,2,1.0,1.0,0,0,correct_all,none,0.9996744791666666,0.9990234375,0.0009765625,0.9996744791666666,0.9990234375,,,1,unanimous,-0.0,0.0001443017020605333,unanimous_correct
1152,1152,2,notumor,2,1.0,1.0,0,2,1.0,1.0,0,2,1.0,1.0,0,0,correct_all,none,1.0,1.0,0.0,1.0,1.0,,,1,unanimous,-0.0,1.5847493999360284e-05,unanimous_correct
1153,1153,2,notumor,2,1.0,1.0,0,2,1.0,1.0,0,2,1.0,1.0,0,0,correct_all,none,1.0,1.0,0.0,1.0,1.0,,,1,unanimous,-0.0,0.00012202342845198241,unanimous_correct
1154,1154,2,notumor,2,0.9990234375,0.9990234375,0,2,1.0,1.0,0,2,0.984375,0.984375,0,0,correct_all,none,0.9944661458333334,0.984375,0.015625,0.9944661458333334,0.984375,,,1,unanimous,-0.0,0.005783957164278916,unanimous_correct
1155,1155,2,notumor,2,1.0,1.0,0,2,1.0,1.0,0,2,1.0,1.0,0,0,correct_all,none,1.0,1.0,0.0,1.0,1.0,,,1,unanimous,-0.0,3.496787312620405e-05,unanimous_correct
1156,1156,2,notumor,2,1.0,1.0,0,2,1.0,1.0,0,2,0.9931640625,0.9931640625,0,0,correct_all,none,0.9977213541666666,0.9931640625,0.0068359375,0.9977213541666666,0.9931640625,,,1,unanimous,-0.0,0.0032144109878702795,unanimous_correct
1157,1157,2,notumor,2,1.0,1.0,0,2,1.0,1.0,0,2,0.9208984375,0.9208984375,0,0,correct_all,none,0.9736328125,0.9208984375,0.0791015625,0.9736328125,0.9208984375,,,1,unanimous,-0.0,0.04239928762194273,unanimous_correct
1158,1158,2,notumor,2,1.0,1.0,0,2,1.0,1.0,0,2,1.0,1.0,0,0,correct_all,none,1.0,1.0,0.0,1.0,1.0,,,1,unanimous,-0.0,0.00011692592116259492,unanimous_correct
1159,1159,2,notumor,2,1.0,1.0,0,2,1.0,1.0,0,2,1.0,1.0,0,0,correct_all,none,1.0,1.0,0.0,1.0,1.0,,,1,unanimous,-0.0,0.00023912012786171666,unanimous_correct
1160,1160,2,notumor,2,1.0,1.0,0,2,1.0,1.0,0,2,1.0,1.0,0,0,correct_all,none,1.0,1.0,0.0,1.0,1.0,,,1,unanimous,-0.0,2.7121737339838125e-05,unanimous_correct
1161,1161,2,notumor,2,1.0,1.0,0,2,1.0,1.0,0,2,0.98828125,0.98828125,0,0,correct_all,none,0.99609375,0.98828125,0.01171875,0.99609375,0.98828125,,,1,unanimous,-0.0,0.005550227929712409,unanimous_correct
1162,1162,2,notumor,2,1.0,1.0,0,2,1.0,1.0,0,2,1.0,1.0,0,0,correct_all,none,1.0,1.0,0.0,1.0,1.0,,,1,unanimous,-0.0,3.2695684574551897e-05,unanimous_correct
1163,1163,2,notumor,2,1.0,1.0,0,2,1.0,1.0,0,2,0.98095703125,0.98095703125,0,0,correct_all,none,0.99365234375,0.98095703125,0.01904296875,0.99365234375,0.98095703125,,,1,unanimous,-0.0,0.010179962680042579,unanimous_correct
1164,1164,2,notumor,2,1.0,1.0,0,2,1.0,1.0,0,2,0.9990234375,0.9990234375,0,0,correct_all,none,0.9996744791666666,0.9990234375,0.0009765625,0.9996744791666666,0.9990234375,,,1,unanimous,-0.0,0.00042565264498919345,unanimous_correct
1165,1165,2,notumor,2,1.0,1.0,0,2,1.0,1.0,0,2,1.0,1.0,0,0,correct_all,none,1.0,1.0,0.0,1.0,1.0,,,1,unanimous,-0.0,1.087335948459391e-06,unanimous_correct
1166,1166,2,notumor,2,1.0,1.0,0,2,0.9990234375,0.9990234375,0,2,0.970703125,0.970703125,0,0,correct_all,none,0.9899088541666666,0.970703125,0.029296875,0.9899088541666666,0.970703125,,,1,unanimous,-0.0,0.013820146369619452,unanimous_correct
1167,1167,2,notumor,2,1.0,1.0,0,2,1.0,1.0,0,2,1.0,1.0,0,0,correct_all,none,1.0,1.0,0.0,1.0,1.0,,,1,unanimous,-0.0,1.3297455388100931e-05,unanimous_correct
1168,1168,2,notumor,2,1.0,1.0,0,2,1.0,1.0,0,2,1.0,1.0,0,0,correct_all,none,1.0,1.0,0.0,1.0,1.0,,,1,unanimous,-0.0,2.2742701681665754e-05,unanimous_correct
1169,1169,2,notumor,2,1.0,1.0,0,2,1.0,1.0,0,2,0.998046875,0.998046875,0,0,correct_all,none,0.9993489583333334,0.998046875,0.001953125,0.9993489583333334,0.998046875,,,1,unanimous,-0.0,0.0009234777754328887,unanimous_correct
1170,1170,2,notumor,2,1.0,1.0,0,2,0.9990234375,0.9990234375,0,2,0.95068359375,0.95068359375,0,0,correct_all,none,0.9832356770833334,0.95068359375,0.04931640625,0.9832356770833334,0.95068359375,,,1,unanimous,-0.0,0.025608945129618685,unanimous_correct
1171,1171,2,notumor,2,1.0,1.0,0,2,1.0,1.0,0,2,1.0,1.0,0,0,correct_all,none,1.0,1.0,0.0,1.0,1.0,,,1,unanimous,-0.0,4.5081971613813586e-05,unanimous_correct
1172,1172,2,notumor,2,1.0,1.0,0,2,1.0,1.0,0,2,1.0,1.0,0,0,correct_all,none,1.0,1.0,0.0,1.0,1.0,,,1,unanimous,-0.0,6.9201396502623774e-06,unanimous_correct
1173,1173,2,notumor,2,1.0,1.0,0,2,1.0,1.0,0,2,1.0,1.0,0,0,correct_all,none,1.0,1.0,0.0,1.0,1.0,,,1,unanimous,-0.0,0.00012196931956397292,unanimous_correct
1174,1174,2,notumor,2,0.9990234375,0.9990234375,0,2,1.0,1.0,0,2,0.9990234375,0.9990234375,0,0,correct_all,none,0.9993489583333334,0.9990234375,0.0009765625,0.9993489583333334,0.9990234375,,,1,unanimous,-0.0,0.00031309208805697323,unanimous_correct
1175,1175,2,notumor,1,0.568359375,0.32666015625,1,2,0.7138671875,0.7138671875,0,2,0.90234375,0.90234375,0,1,one_model_failure,VGG,0.7281901041666666,0.568359375,0.333984375,0.6476236979166666,0.32666015625,0.568359375,0.32666015625,2,split_2_1,0.9182958340544896,0.19300636387074466,disagreement
1176,1176,2,notumor,2,1.0,1.0,0,2,1.0,1.0,0,2,1.0,1.0,0,0,correct_all,none,1.0,1.0,0.0,1.0,1.0,,,1,unanimous,-0.0,0.0001344508310861588,unanimous_correct
1177,1177,2,notumor,2,0.9990234375,0.9990234375,0,2,1.0,1.0,0,2,0.97802734375,0.97802734375,0,0,correct_all,none,0.9923502604166666,0.97802734375,0.02197265625,0.9923502604166666,0.97802734375,,,1,unanimous,-0.0,0.009672648873731989,unanimous_correct
1178,1178,2,notumor,2,1.0,1.0,0,2,0.9990234375,0.9990234375,0,2,0.98095703125,0.98095703125,0,0,correct_all,none,0.9933268229166666,0.98095703125,0.01904296875,0.9933268229166666,0.98095703125,,,1,unanimous,-0.0,0.009233915230033217,unanimous_correct
1179,1179,2,notumor,2,1.0,1.0,0,2,1.0,1.0,0,2,0.9931640625,0.9931640625,0,0,correct_all,none,0.9977213541666666,0.9931640625,0.0068359375,0.9977213541666666,0.9931640625,,,1,unanimous,-0.0,0.0028528803748825333,unanimous_correct
1180,1180,2,notumor,2,1.0,1.0,0,2,1.0,1.0,0,2,1.0,1.0,0,0,correct_all,none,1.0,1.0,0.0,1.0,1.0,,,1,unanimous,-0.0,0.0002152278300076656,unanimous_correct
1181,1181,2,notumor,2,1.0,1.0,0,2,1.0,1.0,0,2,0.9912109375,0.9912109375,0,0,correct_all,none,0.9970703125,0.9912109375,0.0087890625,0.9970703125,0.9912109375,,,1,unanimous,-0.0,0.004525620468662492,unanimous_correct
1182,1182,2,notumor,2,1.0,1.0,0,2,1.0,1.0,0,2,0.9912109375,0.9912109375,0,0,correct_all,none,0.9970703125,0.9912109375,0.0087890625,0.9970703125,0.9912109375,,,1,unanimous,-0.0,0.004345645194252977,unanimous_correct
1183,1183,2,notumor,2,1.0,1.0,0,2,1.0,1.0,0,2,1.0,1.0,0,0,correct_all,none,1.0,1.0,0.0,1.0,1.0,,,1,unanimous,-0.0,0.0001089660900548729,unanimous_correct
1184,1184,2,notumor,2,1.0,1.0,0,2,1.0,1.0,0,2,0.9990234375,0.9990234375,0,0,correct_all,none,0.9996744791666666,0.9990234375,0.0009765625,0.9996744791666666,0.9990234375,,,1,unanimous,-0.0,0.0003316914770369137,unanimous_correct
1185,1185,2,notumor,2,0.9990234375,0.9990234375,0,2,1.0,1.0,0,2,0.97705078125,0.97705078125,0,0,correct_all,none,0.9920247395833334,0.97705078125,0.02294921875,0.9920247395833334,0.97705078125,,,1,unanimous,-0.0,0.01089329678575815,unanimous_correct
1186,1186,2,notumor,2,1.0,1.0,0,2,1.0,1.0,0,2,1.0,1.0,0,0,correct_all,none,1.0,1.0,0.0,1.0,1.0,,,1,unanimous,-0.0,5.55437009823154e-05,unanimous_correct
1187,1187,2,notumor,2,1.0,1.0,0,2,1.0,1.0,0,2,0.98291015625,0.98291015625,0,0,correct_all,none,0.9943033854166666,0.98291015625,0.01708984375,0.9943033854166666,0.98291015625,,,1,unanimous,-0.0,0.009013876462331379,unanimous_correct
1188,1188,2,notumor,2,1.0,1.0,0,2,1.0,1.0,0,2,0.994140625,0.994140625,0,0,correct_all,none,0.998046875,0.994140625,0.005859375,0.998046875,0.994140625,,,1,unanimous,-0.0,0.0022029089042921966,unanimous_correct
1189,1189,2,notumor,2,0.9990234375,0.9990234375,0,2,0.9912109375,0.9912109375,0,2,0.83984375,0.83984375,0,0,correct_all,none,0.943359375,0.83984375,0.1591796875,0.943359375,0.83984375,,,1,unanimous,-0.0,0.08360863627854875,unanimous_correct
1190,1190,2,notumor,2,1.0,1.0,0,2,1.0,1.0,0,2,1.0,1.0,0,0,correct_all,none,1.0,1.0,0.0,1.0,1.0,,,1,unanimous,-0.0,0.00017814555782541606,unanimous_correct
1191,1191,2,notumor,2,1.0,1.0,0,2,1.0,1.0,0,2,1.0,1.0,0,0,correct_all,none,1.0,1.0,0.0,1.0,1.0,,,1,unanimous,-0.0,6.160071389053857e-06,unanimous_correct
1192,1192,2,notumor,2,0.966796875,0.966796875,0,2,0.9990234375,0.9990234375,0,2,0.619140625,0.619140625,0,0,correct_all,none,0.8616536458333334,0.619140625,0.3798828125,0.8616536458333334,0.619140625,,,1,unanimous,-0.0,0.2072848042053636,unanimous_correct
1193,1193,2,notumor,2,1.0,1.0,0,2,1.0,1.0,0,2,1.0,1.0,0,0,correct_all,none,1.0,1.0,0.0,1.0,1.0,,,1,unanimous,-0.0,5.341179755919659e-05,unanimous_correct
1194,1194,2,notumor,2,0.9951171875,0.9951171875,0,2,0.9990234375,0.9990234375,0,2,0.90869140625,0.90869140625,0,0,correct_all,none,0.9676106770833334,0.90869140625,0.09033203125,0.9676106770833334,0.90869140625,,,1,unanimous,-0.0,0.04560475997380109,unanimous_correct
1195,1195,2,notumor,2,1.0,1.0,0,2,1.0,1.0,0,2,0.9990234375,0.9990234375,0,0,correct_all,none,0.9996744791666666,0.9990234375,0.0009765625,0.9996744791666666,0.9990234375,,,1,unanimous,-0.0,0.0002757134603184521,unanimous_correct
1196,1196,2,notumor,2,0.939453125,0.939453125,0,2,0.96044921875,0.96044921875,0,2,0.7265625,0.7265625,0,0,correct_all,none,0.87548828125,0.7265625,0.23388671875,0.87548828125,0.7265625,,,1,unanimous,-0.0,0.07230642133108423,unanimous_correct
1197,1197,2,notumor,2,1.0,1.0,0,2,1.0,1.0,0,2,1.0,1.0,0,0,correct_all,none,1.0,1.0,0.0,1.0,1.0,,,1,unanimous,-0.0,9.945297350781747e-06,unanimous_correct
1198,1198,2,notumor,2,1.0,1.0,0,2,1.0,1.0,0,2,0.9990234375,0.9990234375,0,0,correct_all,none,0.9996744791666666,0.9990234375,0.0009765625,0.9996744791666666,0.9990234375,,,1,unanimous,-0.0,0.00033380084725381787,unanimous_correct
1199,1199,2,notumor,2,1.0,1.0,0,2,1.0,1.0,0,2,1.0,1.0,0,0,correct_all,none,1.0,1.0,0.0,1.0,1.0,,,1,unanimous,-0.0,0.00015581911036584707,unanimous_correct
1200,1200,3,pituitary,3,1.0,1.0,0,3,1.0,1.0,0,3,0.9921875,0.9921875,0,0,correct_all,none,0.9973958333333334,0.9921875,0.0078125,0.9973958333333334,0.9921875,,,1,unanimous,-0.0,0.003982700490991867,unanimous_correct
1201,1201,3,pituitary,3,1.0,1.0,0,3,1.0,1.0,0,3,0.9990234375,0.9990234375,0,0,correct_all,none,0.9996744791666666,0.9990234375,0.0009765625,0.9996744791666666,0.9990234375,,,1,unanimous,-0.0,0.00038428550534750977,unanimous_correct
1202,1202,3,pituitary,3,1.0,1.0,0,3,1.0,1.0,0,3,0.9951171875,0.9951171875,0,0,correct_all,none,0.9983723958333334,0.9951171875,0.0048828125,0.9983723958333334,0.9951171875,,,1,unanimous,-0.0,0.0020457616809987575,unanimous_correct
1203,1203,3,pituitary,3,1.0,1.0,0,3,1.0,1.0,0,3,0.998046875,0.998046875,0,0,correct_all,none,0.9993489583333334,0.998046875,0.001953125,0.9993489583333334,0.998046875,,,1,unanimous,-0.0,0.0009690433697025908,unanimous_correct
1204,1204,3,pituitary,3,1.0,1.0,0,3,1.0,1.0,0,3,0.9970703125,0.9970703125,0,0,correct_all,none,0.9990234375,0.9970703125,0.0029296875,0.9990234375,0.9970703125,,,1,unanimous,-0.0,0.0015423090377985043,unanimous_correct
1205,1205,3,pituitary,3,1.0,1.0,0,3,0.9990234375,0.9990234375,0,3,0.9990234375,0.9990234375,0,0,correct_all,none,0.9993489583333334,0.9990234375,0.0009765625,0.9993489583333334,0.9990234375,,,1,unanimous,-0.0,0.0005614726383236426,unanimous_correct
1206,1206,3,pituitary,3,1.0,1.0,0,3,1.0,1.0,0,3,0.9990234375,0.9990234375,0,0,correct_all,none,0.9996744791666666,0.9990234375,0.0009765625,0.9996744791666666,0.9990234375,,,1,unanimous,-0.0,0.0002254264008321621,unanimous_correct
1207,1207,3,pituitary,3,1.0,1.0,0,3,0.998046875,0.998046875,0,3,0.89111328125,0.89111328125,0,0,correct_all,none,0.9630533854166666,0.89111328125,0.10888671875,0.9630533854166666,0.89111328125,,,1,unanimous,-0.0,0.05861084129780075,unanimous_correct
1208,1208,3,pituitary,3,1.0,1.0,0,3,1.0,1.0,0,3,0.998046875,0.998046875,0,0,correct_all,none,0.9993489583333334,0.998046875,0.001953125,0.9993489583333334,0.998046875,,,1,unanimous,-0.0,0.0011638409850960336,unanimous_correct
1209,1209,3,pituitary,3,1.0,1.0,0,3,1.0,1.0,0,3,0.998046875,0.998046875,0,0,correct_all,none,0.9993489583333334,0.998046875,0.001953125,0.9993489583333334,0.998046875,,,1,unanimous,-0.0,0.0011004603487919321,unanimous_correct
1210,1210,3,pituitary,3,1.0,1.0,0,3,0.9990234375,0.9990234375,0,3,1.0,1.0,0,0,correct_all,none,0.9996744791666666,0.9990234375,0.0009765625,0.9996744791666666,0.9990234375,,,1,unanimous,-0.0,0.00018801326217277427,unanimous_correct
1211,1211,3,pituitary,3,0.9990234375,0.9990234375,0,3,1.0,1.0,0,3,0.99609375,0.99609375,0,0,correct_all,none,0.9983723958333334,0.99609375,0.00390625,0.9983723958333334,0.99609375,,,1,unanimous,-0.0,0.0011112574769527976,unanimous_correct
1212,1212,3,pituitary,3,1.0,1.0,0,3,1.0,1.0,0,3,0.994140625,0.994140625,0,0,correct_all,none,0.998046875,0.994140625,0.005859375,0.998046875,0.994140625,,,1,unanimous,-0.0,0.002947012883177797,unanimous_correct
1213,1213,3,pituitary,3,1.0,1.0,0,3,1.0,1.0,0,3,0.9912109375,0.9912109375,0,0,correct_all,none,0.9970703125,0.9912109375,0.0087890625,0.9970703125,0.9912109375,,,1,unanimous,-0.0,0.004547329030460012,unanimous_correct
1214,1214,3,pituitary,3,1.0,1.0,0,3,1.0,1.0,0,3,1.0,1.0,0,0,correct_all,none,1.0,1.0,0.0,1.0,1.0,,,1,unanimous,-0.0,0.00016682851093359269,unanimous_correct
1215,1215,3,pituitary,3,1.0,1.0,0,3,1.0,1.0,0,3,1.0,1.0,0,0,correct_all,none,1.0,1.0,0.0,1.0,1.0,,,1,unanimous,-0.0,4.171328306501617e-05,unanimous_correct
1216,1216,3,pituitary,3,1.0,1.0,0,3,1.0,1.0,0,3,0.97314453125,0.97314453125,0,0,correct_all,none,0.9910481770833334,0.97314453125,0.02685546875,0.9910481770833334,0.97314453125,,,1,unanimous,-0.0,0.014031652223259083,unanimous_correct
1217,1217,3,pituitary,3,0.98291015625,0.98291015625,0,3,0.9951171875,0.9951171875,0,3,0.916015625,0.916015625,0,0,correct_all,none,0.9646809895833334,0.916015625,0.0791015625,0.9646809895833334,0.916015625,,,1,unanimous,-0.0,0.024840105640297983,unanimous_correct
1218,1218,3,pituitary,3,1.0,1.0,0,3,1.0,1.0,0,3,0.9921875,0.9921875,0,0,correct_all,none,0.9973958333333334,0.9921875,0.0078125,0.9973958333333334,0.9921875,,,1,unanimous,-0.0,0.004303710575222015,unanimous_correct
1219,1219,3,pituitary,3,1.0,1.0,0,3,0.9990234375,0.9990234375,0,3,0.9892578125,0.9892578125,0,0,correct_all,none,0.99609375,0.9892578125,0.0107421875,0.99609375,0.9892578125,,,1,unanimous,-0.0,0.005000854958202027,unanimous_correct
1220,1220,3,pituitary,3,0.99609375,0.99609375,0,3,0.92333984375,0.92333984375,0,3,0.9697265625,0.9697265625,0,0,correct_all,none,0.9630533854166666,0.92333984375,0.07275390625,0.9630533854166666,0.92333984375,,,1,unanimous,-0.0,0.04459034448725241,unanimous_correct
1221,1221,3,pituitary,3,1.0,1.0,0,3,1.0,1.0,0,3,1.0,1.0,0,0,correct_all,none,1.0,1.0,0.0,1.0,1.0,,,1,unanimous,-0.0,0.00010434360376189162,unanimous_correct
1222,1222,3,pituitary,3,0.9560546875,0.9560546875,0,3,0.994140625,0.994140625,0,3,0.94970703125,0.94970703125,0,0,correct_all,none,0.9666341145833334,0.94970703125,0.04443359375,0.9666341145833334,0.94970703125,,,1,unanimous,-0.0,0.013616166208985925,unanimous_correct
1223,1223,3,pituitary,3,1.0,1.0,0,3,1.0,1.0,0,3,0.9990234375,0.9990234375,0,0,correct_all,none,0.9996744791666666,0.9990234375,0.0009765625,0.9996744791666666,0.9990234375,,,1,unanimous,-0.0,0.00037195474154057663,unanimous_correct
1224,1224,3,pituitary,3,1.0,1.0,0,3,1.0,1.0,0,3,0.9716796875,0.9716796875,0,0,correct_all,none,0.9905598958333334,0.9716796875,0.0283203125,0.9905598958333334,0.9716796875,,,1,unanimous,-0.0,0.014399046727890816,unanimous_correct
1225,1225,3,pituitary,3,1.0,1.0,0,3,1.0,1.0,0,3,0.95361328125,0.95361328125,0,0,correct_all,none,0.9845377604166666,0.95361328125,0.04638671875,0.9845377604166666,0.95361328125,,,1,unanimous,-0.0,0.024965641975853353,unanimous_correct
1226,1226,3,pituitary,3,1.0,1.0,0,3,0.92822265625,0.92822265625,0,3,0.9892578125,0.9892578125,0,0,correct_all,none,0.9724934895833334,0.92822265625,0.07177734375,0.9724934895833334,0.92822265625,,,1,unanimous,-0.0,0.03757264234679192,unanimous_correct
1227,1227,3,pituitary,3,1.0,1.0,0,3,1.0,1.0,0,3,0.9970703125,0.9970703125,0,0,correct_all,none,0.9990234375,0.9970703125,0.0029296875,0.9990234375,0.9970703125,,,1,unanimous,-0.0,0.0015487056461098627,unanimous_correct
1228,1228,3,pituitary,3,1.0,1.0,0,3,1.0,1.0,0,3,0.99609375,0.99609375,0,0,correct_all,none,0.9986979166666666,0.99609375,0.00390625,0.9986979166666666,0.99609375,,,1,unanimous,-0.0,0.0011299103086948366,unanimous_correct
1229,1229,3,pituitary,3,1.0,1.0,0,3,1.0,1.0,0,3,0.998046875,0.998046875,0,0,correct_all,none,0.9993489583333334,0.998046875,0.001953125,0.9993489583333334,0.998046875,,,1,unanimous,-0.0,0.0006907571970157867,unanimous_correct
1230,1230,3,pituitary,3,0.98828125,0.98828125,0,3,1.0,1.0,0,3,0.97607421875,0.97607421875,0,0,correct_all,none,0.9881184895833334,0.97607421875,0.02392578125,0.9881184895833334,0.97607421875,,,1,unanimous,-0.0,0.00818138523484048,unanimous_correct
1231,1231,3,pituitary,3,1.0,1.0,0,3,1.0,1.0,0,3,0.9990234375,0.9990234375,0,0,correct_all,none,0.9996744791666666,0.9990234375,0.0009765625,0.9996744791666666,0.9990234375,,,1,unanimous,-0.0,0.00032896558543666146,unanimous_correct
1232,1232,3,pituitary,3,1.0,1.0,0,3,0.998046875,0.998046875,0,3,0.99609375,0.99609375,0,0,correct_all,none,0.998046875,0.99609375,0.00390625,0.998046875,0.99609375,,,1,unanimous,-0.0,0.0021591674828106144,unanimous_correct
1233,1233,3,pituitary,3,0.998046875,0.998046875,0,3,1.0,1.0,0,3,0.966796875,0.966796875,0,0,correct_all,none,0.98828125,0.966796875,0.033203125,0.98828125,0.966796875,,,1,unanimous,-0.0,0.01489730659278829,unanimous_correct
1234,1234,3,pituitary,3,0.9931640625,0.9931640625,0,3,0.99609375,0.99609375,0,3,0.79736328125,0.79736328125,0,0,correct_all,none,0.9288736979166666,0.79736328125,0.19873046875,0.9288736979166666,0.79736328125,,,1,unanimous,-0.0,0.09563050913697424,unanimous_correct
1235,1235,3,pituitary,3,1.0,1.0,0,3,1.0,1.0,0,3,0.99609375,0.99609375,0,0,correct_all,none,0.9986979166666666,0.99609375,0.00390625,0.9986979166666666,0.99609375,,,1,unanimous,-0.0,0.0018346438384293923,unanimous_correct
1236,1236,3,pituitary,3,0.998046875,0.998046875,0,3,0.990234375,0.990234375,0,3,0.99609375,0.99609375,0,0,correct_all,none,0.9947916666666666,0.990234375,0.0078125,0.9947916666666666,0.990234375,,,1,unanimous,-0.0,0.0026818720282216907,unanimous_correct
1237,1237,3,pituitary,3,1.0,1.0,0,3,0.9990234375,0.9990234375,0,3,0.984375,0.984375,0,0,correct_all,none,0.9944661458333334,0.984375,0.015625,0.9944661458333334,0.984375,,,1,unanimous,-0.0,0.006827571767805303,unanimous_correct
1238,1238,3,pituitary,3,1.0,1.0,0,3,1.0,1.0,0,3,0.998046875,0.998046875,0,0,correct_all,none,0.9993489583333334,0.998046875,0.001953125,0.9993489583333334,0.998046875,,,1,unanimous,-0.0,0.0008571684613996227,unanimous_correct
1239,1239,3,pituitary,3,0.98095703125,0.98095703125,0,3,0.91845703125,0.91845703125,0,0,0.4775390625,0.453125,1,1,one_model_failure,EffNet,0.7923177083333334,0.4775390625,0.50341796875,0.7841796875,0.453125,0.4775390625,0.453125,2,split_2_1,0.9182958340544896,0.2490860582067308,disagreement
1240,1240,3,pituitary,3,1.0,1.0,0,3,1.0,1.0,0,3,1.0,1.0,0,0,correct_all,none,1.0,1.0,0.0,1.0,1.0,,,1,unanimous,-0.0,3.70529273171355e-05,unanimous_correct
1241,1241,3,pituitary,3,1.0,1.0,0,3,1.0,1.0,0,3,0.998046875,0.998046875,0,0,correct_all,none,0.9993489583333334,0.998046875,0.001953125,0.9993489583333334,0.998046875,,,1,unanimous,-0.0,0.0009429118302283082,unanimous_correct
1242,1242,3,pituitary,3,1.0,1.0,0,3,1.0,1.0,0,3,0.998046875,0.998046875,0,0,correct_all,none,0.9993489583333334,0.998046875,0.001953125,0.9993489583333334,0.998046875,,,1,unanimous,-0.0,0.0011282646418355313,unanimous_correct
1243,1243,3,pituitary,3,1.0,1.0,0,3,1.0,1.0,0,3,0.99609375,0.99609375,0,0,correct_all,none,0.9986979166666666,0.99609375,0.00390625,0.9986979166666666,0.99609375,,,1,unanimous,-0.0,0.0022322609446017074,unanimous_correct
1244,1244,3,pituitary,3,1.0,1.0,0,3,1.0,1.0,0,3,0.9951171875,0.9951171875,0,0,correct_all,none,0.9983723958333334,0.9951171875,0.0048828125,0.9983723958333334,0.9951171875,,,1,unanimous,-0.0,0.0027924115539882874,unanimous_correct
1245,1245,3,pituitary,3,1.0,1.0,0,3,1.0,1.0,0,3,0.9990234375,0.9990234375,0,0,correct_all,none,0.9996744791666666,0.9990234375,0.0009765625,0.9996744791666666,0.9990234375,,,1,unanimous,-0.0,0.000503774648777741,unanimous_correct
1246,1246,3,pituitary,3,0.9921875,0.9921875,0,3,0.9990234375,0.9990234375,0,3,0.89990234375,0.89990234375,0,0,correct_all,none,0.9637044270833334,0.89990234375,0.09912109375,0.9637044270833334,0.89990234375,,,1,unanimous,-0.0,0.04263881278066933,unanimous_correct
1247,1247,3,pituitary,3,1.0,1.0,0,3,1.0,1.0,0,3,0.99609375,0.99609375,0,0,correct_all,none,0.9986979166666666,0.99609375,0.00390625,0.9986979166666666,0.99609375,,,1,unanimous,-0.0,0.0020197556840775305,unanimous_correct
1248,1248,3,pituitary,3,1.0,1.0,0,3,1.0,1.0,0,3,0.994140625,0.994140625,0,0,correct_all,none,0.998046875,0.994140625,0.005859375,0.998046875,0.994140625,,,1,unanimous,-0.0,0.0027298167520134996,unanimous_correct
1249,1249,3,pituitary,3,1.0,1.0,0,3,1.0,1.0,0,3,0.9912109375,0.9912109375,0,0,correct_all,none,0.9970703125,0.9912109375,0.0087890625,0.9970703125,0.9912109375,,,1,unanimous,-0.0,0.0040891180261357005,unanimous_correct
1250,1250,3,pituitary,3,1.0,1.0,0,3,1.0,1.0,0,3,0.994140625,0.994140625,0,0,correct_all,none,0.998046875,0.994140625,0.005859375,0.998046875,0.994140625,,,1,unanimous,-0.0,0.0026186210556046648,unanimous_correct
1251,1251,3,pituitary,3,1.0,1.0,0,3,1.0,1.0,0,3,0.990234375,0.990234375,0,0,correct_all,none,0.9967447916666666,0.990234375,0.009765625,0.9967447916666666,0.990234375,,,1,unanimous,-0.0,0.004885727202606636,unanimous_correct
1252,1252,3,pituitary,3,1.0,1.0,0,3,1.0,1.0,0,3,0.9990234375,0.9990234375,0,0,correct_all,none,0.9996744791666666,0.9990234375,0.0009765625,0.9996744791666666,0.9990234375,,,1,unanimous,-0.0,0.00026317340900867915,unanimous_correct
1253,1253,3,pituitary,3,1.0,1.0,0,3,1.0,1.0,0,3,0.98828125,0.98828125,0,0,correct_all,none,0.99609375,0.98828125,0.01171875,0.99609375,0.98828125,,,1,unanimous,-0.0,0.00593234134595998,unanimous_correct
1254,1254,3,pituitary,3,1.0,1.0,0,3,1.0,1.0,0,3,0.84765625,0.84765625,0,0,correct_all,none,0.94921875,0.84765625,0.15234375,0.94921875,0.84765625,,,1,unanimous,-0.0,0.08397367663816105,unanimous_correct
1255,1255,3,pituitary,3,1.0,1.0,0,3,1.0,1.0,0,3,0.9951171875,0.9951171875,0,0,correct_all,none,0.9983723958333334,0.9951171875,0.0048828125,0.9983723958333334,0.9951171875,,,1,unanimous,-0.0,0.002453822996485399,unanimous_correct
1256,1256,3,pituitary,3,1.0,1.0,0,3,1.0,1.0,0,3,1.0,1.0,0,0,correct_all,none,1.0,1.0,0.0,1.0,1.0,,,1,unanimous,-0.0,0.0001292334357118237,unanimous_correct
1257,1257,3,pituitary,3,1.0,1.0,0,3,1.0,1.0,0,3,0.9931640625,0.9931640625,0,0,correct_all,none,0.9977213541666666,0.9931640625,0.0068359375,0.9977213541666666,0.9931640625,,,1,unanimous,-0.0,0.0031521365763980715,unanimous_correct
1258,1258,3,pituitary,3,1.0,1.0,0,3,1.0,1.0,0,3,0.958984375,0.958984375,0,0,correct_all,none,0.986328125,0.958984375,0.041015625,0.986328125,0.958984375,,,1,unanimous,-0.0,0.021488314893797905,unanimous_correct
1259,1259,3,pituitary,3,1.0,1.0,0,3,0.99609375,0.99609375,0,3,0.95703125,0.95703125,0,0,correct_all,none,0.984375,0.95703125,0.04296875,0.984375,0.95703125,,,1,unanimous,-0.0,0.018509087257153375,unanimous_correct
1260,1260,3,pituitary,3,1.0,1.0,0,3,1.0,1.0,0,3,0.99609375,0.99609375,0,0,correct_all,none,0.9986979166666666,0.99609375,0.00390625,0.9986979166666666,0.99609375,,,1,unanimous,-0.0,0.0018293596017787926,unanimous_correct
1261,1261,3,pituitary,3,1.0,1.0,0,3,0.9990234375,0.9990234375,0,3,0.93603515625,0.93603515625,0,0,correct_all,none,0.9783528645833334,0.93603515625,0.06396484375,0.9783528645833334,0.93603515625,,,1,unanimous,-0.0,0.03180488077453929,unanimous_correct
1262,1262,3,pituitary,3,1.0,1.0,0,3,1.0,1.0,0,3,0.9990234375,0.9990234375,0,0,correct_all,none,0.9996744791666666,0.9990234375,0.0009765625,0.9996744791666666,0.9990234375,,,1,unanimous,-0.0,0.00039451577187735176,unanimous_correct
1263,1263,3,pituitary,3,1.0,1.0,0,3,0.9951171875,0.9951171875,0,3,0.89501953125,0.89501953125,0,0,correct_all,none,0.96337890625,0.89501953125,0.10498046875,0.96337890625,0.89501953125,,,1,unanimous,-0.0,0.053696313240901294,unanimous_correct
1264,1264,3,pituitary,3,1.0,1.0,0,3,1.0,1.0,0,3,0.994140625,0.994140625,0,0,correct_all,none,0.998046875,0.994140625,0.005859375,0.998046875,0.994140625,,,1,unanimous,-0.0,0.002899704697459631,unanimous_correct
1265,1265,3,pituitary,3,1.0,1.0,0,3,1.0,1.0,0,3,0.9892578125,0.9892578125,0,0,correct_all,none,0.9964192708333334,0.9892578125,0.0107421875,0.9964192708333334,0.9892578125,,,1,unanimous,-0.0,0.005595023097817939,unanimous_correct
1266,1266,3,pituitary,3,1.0,1.0,0,3,1.0,1.0,0,3,0.99609375,0.99609375,0,0,correct_all,none,0.9986979166666666,0.99609375,0.00390625,0.9986979166666666,0.99609375,,,1,unanimous,-0.0,0.001597861966355845,unanimous_correct
1267,1267,3,pituitary,3,1.0,1.0,0,3,1.0,1.0,0,3,0.99609375,0.99609375,0,0,correct_all,none,0.9986979166666666,0.99609375,0.00390625,0.9986979166666666,0.99609375,,,1,unanimous,-0.0,0.0014701255240460401,unanimous_correct
1268,1268,3,pituitary,3,1.0,1.0,0,3,1.0,1.0,0,3,0.9990234375,0.9990234375,0,0,correct_all,none,0.9996744791666666,0.9990234375,0.0009765625,0.9996744791666666,0.9990234375,,,1,unanimous,-0.0,0.0003742836253363738,unanimous_correct
1269,1269,3,pituitary,3,1.0,1.0,0,3,1.0,1.0,0,3,0.94384765625,0.94384765625,0,0,correct_all,none,0.9812825520833334,0.94384765625,0.05615234375,0.9812825520833334,0.94384765625,,,1,unanimous,-0.0,0.029784593523773897,unanimous_correct
1270,1270,3,pituitary,3,1.0,1.0,0,3,1.0,1.0,0,3,0.998046875,0.998046875,0,0,correct_all,none,0.9993489583333334,0.998046875,0.001953125,0.9993489583333334,0.998046875,,,1,unanimous,-0.0,0.00052668882318661,unanimous_correct
1271,1271,3,pituitary,3,1.0,1.0,0,3,0.97802734375,0.97802734375,0,3,0.9892578125,0.9892578125,0,0,correct_all,none,0.9890950520833334,0.97802734375,0.02197265625,0.9890950520833334,0.97802734375,,,1,unanimous,-0.0,0.0071667362270240315,unanimous_correct
1272,1272,3,pituitary,3,1.0,1.0,0,3,1.0,1.0,0,3,0.98291015625,0.98291015625,0,0,correct_all,none,0.9943033854166666,0.98291015625,0.01708984375,0.9943033854166666,0.98291015625,,,1,unanimous,-0.0,0.00887587163731414,unanimous_correct
1273,1273,3,pituitary,3,1.0,1.0,0,3,1.0,1.0,0,3,0.98193359375,0.98193359375,0,0,correct_all,none,0.9939778645833334,0.98193359375,0.01806640625,0.9939778645833334,0.98193359375,,,1,unanimous,-0.0,0.00907591346645091,unanimous_correct
1274,1274,3,pituitary,3,1.0,1.0,0,3,1.0,1.0,0,3,0.998046875,0.998046875,0,0,correct_all,none,0.9993489583333334,0.998046875,0.001953125,0.9993489583333334,0.998046875,,,1,unanimous,-0.0,0.0008872231904172995,unanimous_correct
1275,1275,3,pituitary,3,0.998046875,0.998046875,0,3,1.0,1.0,0,3,0.9560546875,0.9560546875,0,0,correct_all,none,0.9847005208333334,0.9560546875,0.0439453125,0.9847005208333334,0.9560546875,,,1,unanimous,-0.0,0.019273146388492493,unanimous_correct
1276,1276,3,pituitary,3,1.0,1.0,0,3,1.0,1.0,0,3,0.9990234375,0.9990234375,0,0,correct_all,none,0.9996744791666666,0.9990234375,0.0009765625,0.9996744791666666,0.9990234375,,,1,unanimous,-0.0,0.00032628061844652617,unanimous_correct
1277,1277,3,pituitary,3,1.0,1.0,0,3,1.0,1.0,0,3,0.99609375,0.99609375,0,0,correct_all,none,0.9986979166666666,0.99609375,0.00390625,0.9986979166666666,0.99609375,,,1,unanimous,-0.0,0.001924218029749833,unanimous_correct
1278,1278,3,pituitary,3,1.0,1.0,0,3,1.0,1.0,0,3,0.9990234375,0.9990234375,0,0,correct_all,none,0.9996744791666666,0.9990234375,0.0009765625,0.9996744791666666,0.9990234375,,,1,unanimous,-0.0,0.0005024805803844259,unanimous_correct
1279,1279,3,pituitary,3,1.0,1.0,0,3,0.994140625,0.994140625,0,3,0.9990234375,0.9990234375,0,0,correct_all,none,0.9977213541666666,0.994140625,0.005859375,0.9977213541666666,0.994140625,,,1,unanimous,-0.0,0.002796463560739825,unanimous_correct
1280,1280,3,pituitary,3,1.0,1.0,0,3,1.0,1.0,0,3,0.9892578125,0.9892578125,0,0,correct_all,none,0.9964192708333334,0.9892578125,0.0107421875,0.9964192708333334,0.9892578125,,,1,unanimous,-0.0,0.0043044890082217235,unanimous_correct
1281,1281,3,pituitary,3,1.0,1.0,0,3,1.0,1.0,0,3,0.9990234375,0.9990234375,0,0,correct_all,none,0.9996744791666666,0.9990234375,0.0009765625,0.9996744791666666,0.9990234375,,,1,unanimous,-0.0,0.00023331132264057565,unanimous_correct
1282,1282,3,pituitary,3,1.0,1.0,0,3,1.0,1.0,0,3,0.9541015625,0.9541015625,0,0,correct_all,none,0.9847005208333334,0.9541015625,0.0458984375,0.9847005208333334,0.9541015625,,,1,unanimous,-0.0,0.024157537653279257,unanimous_correct
1283,1283,3,pituitary,3,1.0,1.0,0,3,1.0,1.0,0,3,0.994140625,0.994140625,0,0,correct_all,none,0.998046875,0.994140625,0.005859375,0.998046875,0.994140625,,,1,unanimous,-0.0,0.0031945573435028796,unanimous_correct
1284,1284,3,pituitary,3,1.0,1.0,0,3,1.0,1.0,0,3,0.9970703125,0.9970703125,0,0,correct_all,none,0.9990234375,0.9970703125,0.0029296875,0.9990234375,0.9970703125,,,1,unanimous,-0.0,0.001237248528565136,unanimous_correct
1285,1285,3,pituitary,3,1.0,1.0,0,3,1.0,1.0,0,3,0.998046875,0.998046875,0,0,correct_all,none,0.9993489583333334,0.998046875,0.001953125,0.9993489583333334,0.998046875,,,1,unanimous,-0.0,0.0012438334996759358,unanimous_correct
1286,1286,3,pituitary,3,0.994140625,0.994140625,0,3,1.0,1.0,0,3,0.93701171875,0.93701171875,0,0,correct_all,none,0.97705078125,0.93701171875,0.06298828125,0.97705078125,0.93701171875,,,1,unanimous,-0.0,0.028061901441419262,unanimous_correct
1287,1287,3,pituitary,3,1.0,1.0,0,3,1.0,1.0,0,3,0.9970703125,0.9970703125,0,0,correct_all,none,0.9990234375,0.9970703125,0.0029296875,0.9990234375,0.9970703125,,,1,unanimous,-0.0,0.001406986916342931,unanimous_correct
1288,1288,3,pituitary,3,1.0,1.0,0,3,1.0,1.0,0,3,0.9921875,0.9921875,0,0,correct_all,none,0.9973958333333334,0.9921875,0.0078125,0.9973958333333334,0.9921875,,,1,unanimous,-0.0,0.0036768593813340245,unanimous_correct
1289,1289,3,pituitary,3,1.0,1.0,0,3,1.0,1.0,0,3,1.0,1.0,0,0,correct_all,none,1.0,1.0,0.0,1.0,1.0,,,1,unanimous,-0.0,6.528604525089527e-05,unanimous_correct
1290,1290,3,pituitary,3,1.0,1.0,0,3,0.9990234375,0.9990234375,0,3,0.9970703125,0.9970703125,0,0,correct_all,none,0.9986979166666666,0.9970703125,0.0029296875,0.9986979166666666,0.9970703125,,,1,unanimous,-0.0,0.0011283811590600736,unanimous_correct
1291,1291,3,pituitary,3,1.0,1.0,0,3,1.0,1.0,0,3,0.9970703125,0.9970703125,0,0,correct_all,none,0.9990234375,0.9970703125,0.0029296875,0.9990234375,0.9970703125,,,1,unanimous,-0.0,0.001302326592363217,unanimous_correct
1292,1292,3,pituitary,3,1.0,1.0,0,3,1.0,1.0,0,3,0.9990234375,0.9990234375,0,0,correct_all,none,0.9996744791666666,0.9990234375,0.0009765625,0.9996744791666666,0.9990234375,,,1,unanimous,-0.0,0.000683584594454373,unanimous_correct
1293,1293,3,pituitary,3,1.0,1.0,0,3,1.0,1.0,0,3,0.9990234375,0.9990234375,0,0,correct_all,none,0.9996744791666666,0.9990234375,0.0009765625,0.9996744791666666,0.9990234375,,,1,unanimous,-0.0,0.0004386937646208384,unanimous_correct
1294,1294,3,pituitary,3,1.0,1.0,0,3,1.0,1.0,0,3,0.9970703125,0.9970703125,0,0,correct_all,none,0.9990234375,0.9970703125,0.0029296875,0.9990234375,0.9970703125,,,1,unanimous,-0.0,0.001384379455541953,unanimous_correct
1295,1295,3,pituitary,3,1.0,1.0,0,3,1.0,1.0,0,3,0.9970703125,0.9970703125,0,0,correct_all,none,0.9990234375,0.9970703125,0.0029296875,0.9990234375,0.9970703125,,,1,unanimous,-0.0,0.0013090722997534977,unanimous_correct
1296,1296,3,pituitary,3,1.0,1.0,0,3,1.0,1.0,0,3,0.9990234375,0.9990234375,0,0,correct_all,none,0.9996744791666666,0.9990234375,0.0009765625,0.9996744791666666,0.9990234375,,,1,unanimous,-0.0,0.0005095387827890969,unanimous_correct
1297,1297,3,pituitary,3,1.0,1.0,0,3,1.0,1.0,0,3,0.9931640625,0.9931640625,0,0,correct_all,none,0.9977213541666666,0.9931640625,0.0068359375,0.9977213541666666,0.9931640625,,,1,unanimous,-0.0,0.003236086276830214,unanimous_correct
1298,1298,3,pituitary,3,0.998046875,0.998046875,0,3,1.0,1.0,0,3,0.9990234375,0.9990234375,0,0,correct_all,none,0.9990234375,0.998046875,0.001953125,0.9990234375,0.998046875,,,1,unanimous,-0.0,0.0007462144762132722,unanimous_correct
1299,1299,3,pituitary,3,1.0,1.0,0,3,1.0,1.0,0,3,1.0,1.0,0,0,correct_all,none,1.0,1.0,0.0,1.0,1.0,,,1,unanimous,-0.0,1.0048117378967192e-05,unanimous_correct
1300,1300,3,pituitary,3,1.0,1.0,0,3,1.0,1.0,0,3,0.9853515625,0.9853515625,0,0,correct_all,none,0.9951171875,0.9853515625,0.0146484375,0.9951171875,0.9853515625,,,1,unanimous,-0.0,0.0070413348979824555,unanimous_correct
1301,1301,3,pituitary,3,1.0,1.0,0,3,1.0,1.0,0,3,0.9970703125,0.9970703125,0,0,correct_all,none,0.9990234375,0.9970703125,0.0029296875,0.9990234375,0.9970703125,,,1,unanimous,-0.0,0.0015926385081026471,unanimous_correct
1302,1302,3,pituitary,3,1.0,1.0,0,3,0.998046875,0.998046875,0,3,0.9990234375,0.9990234375,0,0,correct_all,none,0.9990234375,0.998046875,0.001953125,0.9990234375,0.998046875,,,1,unanimous,-0.0,0.0005512518592206417,unanimous_correct
1303,1303,3,pituitary,3,1.0,1.0,0,3,1.0,1.0,0,3,0.87890625,0.87890625,0,0,correct_all,none,0.9596354166666666,0.87890625,0.12109375,0.9596354166666666,0.87890625,,,1,unanimous,-0.0,0.06481201864473551,unanimous_correct
1304,1304,3,pituitary,3,1.0,1.0,0,3,1.0,1.0,0,3,0.9990234375,0.9990234375,0,0,correct_all,none,0.9996744791666666,0.9990234375,0.0009765625,0.9996744791666666,0.9990234375,,,1,unanimous,-0.0,0.0006651147845993383,unanimous_correct
1305,1305,3,pituitary,3,0.998046875,0.998046875,0,3,0.990234375,0.990234375,0,3,0.80712890625,0.80712890625,0,0,correct_all,none,0.9318033854166666,0.80712890625,0.19091796875,0.9318033854166666,0.80712890625,,,1,unanimous,-0.0,0.09233017107488317,unanimous_correct
1306,1306,3,pituitary,3,1.0,1.0,0,3,0.92919921875,0.92919921875,0,3,0.99609375,0.99609375,0,0,correct_all,none,0.97509765625,0.92919921875,0.07080078125,0.97509765625,0.92919921875,,,1,unanimous,-0.0,0.03293835305479459,unanimous_correct
1307,1307,3,pituitary,3,0.98828125,0.98828125,0,3,0.89990234375,0.89990234375,0,3,0.79833984375,0.79833984375,0,0,correct_all,none,0.8955078125,0.79833984375,0.18994140625,0.8955078125,0.79833984375,,,1,unanimous,-0.0,0.06221700705564781,unanimous_correct
1308,1308,3,pituitary,3,1.0,1.0,0,3,1.0,1.0,0,3,0.990234375,0.990234375,0,0,correct_all,none,0.9967447916666666,0.990234375,0.009765625,0.9967447916666666,0.990234375,,,1,unanimous,-0.0,0.004904736028068613,unanimous_correct
1309,1309,3,pituitary,3,1.0,1.0,0,3,1.0,1.0,0,3,0.998046875,0.998046875,0,0,correct_all,none,0.9993489583333334,0.998046875,0.001953125,0.9993489583333334,0.998046875,,,1,unanimous,-0.0,0.0008480000754180657,unanimous_correct
1310,1310,3,pituitary,3,1.0,1.0,0,3,1.0,1.0,0,3,0.97998046875,0.97998046875,0,0,correct_all,none,0.9933268229166666,0.97998046875,0.02001953125,0.9933268229166666,0.97998046875,,,1,unanimous,-0.0,0.010412951821279347,unanimous_correct
1311,1311,3,pituitary,3,0.9951171875,0.9951171875,0,3,0.96337890625,0.96337890625,0,3,0.56591796875,0.56591796875,0,0,correct_all,none,0.8414713541666666,0.56591796875,0.42919921875,0.8414713541666666,0.56591796875,,,1,unanimous,-0.0,0.21137897470313088,unanimous_correct
1312,1312,3,pituitary,3,0.9990234375,0.9990234375,0,3,0.98828125,0.98828125,0,3,0.99609375,0.99609375,0,0,correct_all,none,0.9944661458333334,0.98828125,0.0107421875,0.9944661458333334,0.98828125,,,1,unanimous,-0.0,0.004718150787797033,unanimous_correct
1313,1313,3,pituitary,3,1.0,1.0,0,3,1.0,1.0,0,3,0.9990234375,0.9990234375,0,0,correct_all,none,0.9996744791666666,0.9990234375,0.0009765625,0.9996744791666666,0.9990234375,,,1,unanimous,-0.0,0.00036490064738218175,unanimous_correct
1314,1314,3,pituitary,3,1.0,1.0,0,3,1.0,1.0,0,3,1.0,1.0,0,0,correct_all,none,1.0,1.0,0.0,1.0,1.0,,,1,unanimous,-0.0,5.949119783940919e-05,unanimous_correct
1315,1315,3,pituitary,3,1.0,1.0,0,3,1.0,1.0,0,3,1.0,1.0,0,0,correct_all,none,1.0,1.0,0.0,1.0,1.0,,,1,unanimous,-0.0,8.283757657412752e-05,unanimous_correct
1316,1316,3,pituitary,3,1.0,1.0,0,3,1.0,1.0,0,3,0.9697265625,0.9697265625,0,0,correct_all,none,0.9899088541666666,0.9697265625,0.0302734375,0.9899088541666666,0.9697265625,,,1,unanimous,-0.0,0.0160796657294785,unanimous_correct
1317,1317,3,pituitary,3,1.0,1.0,0,3,1.0,1.0,0,3,0.998046875,0.998046875,0,0,correct_all,none,0.9993489583333334,0.998046875,0.001953125,0.9993489583333334,0.998046875,,,1,unanimous,-0.0,0.0008327682527225055,unanimous_correct
1318,1318,3,pituitary,3,1.0,1.0,0,3,1.0,1.0,0,3,0.9990234375,0.9990234375,0,0,correct_all,none,0.9996744791666666,0.9990234375,0.0009765625,0.9996744791666666,0.9990234375,,,1,unanimous,-0.0,0.0005159522568590341,unanimous_correct
1319,1319,3,pituitary,3,0.9677734375,0.9677734375,0,3,0.77587890625,0.77587890625,0,3,0.5849609375,0.5849609375,0,0,correct_all,none,0.7762044270833334,0.5849609375,0.3828125,0.7762044270833334,0.5849609375,,,1,unanimous,-0.0,0.11672331587393325,unanimous_correct
1320,1320,3,pituitary,3,1.0,1.0,0,3,1.0,1.0,0,3,0.99609375,0.99609375,0,0,correct_all,none,0.9986979166666666,0.99609375,0.00390625,0.9986979166666666,0.99609375,,,1,unanimous,-0.0,0.001695615002337324,unanimous_correct
1321,1321,3,pituitary,3,1.0,1.0,0,3,1.0,1.0,0,3,0.9990234375,0.9990234375,0,0,correct_all,none,0.9996744791666666,0.9990234375,0.0009765625,0.9996744791666666,0.9990234375,,,1,unanimous,-0.0,0.0006916205112589271,unanimous_correct
1322,1322,3,pituitary,3,0.9970703125,0.9970703125,0,3,0.66015625,0.66015625,0,1,0.78564453125,0.1983642578125,1,1,one_model_failure,EffNet,0.8142903645833334,0.66015625,0.3369140625,0.6185302734375,0.1983642578125,0.78564453125,0.1983642578125,2,split_2_1,0.9182958340544896,0.4019188574115571,disagreement
1323,1323,3,pituitary,3,0.998046875,0.998046875,0,3,0.9970703125,0.9970703125,0,3,0.86328125,0.86328125,0,0,correct_all,none,0.9527994791666666,0.86328125,0.134765625,0.9527994791666666,0.86328125,,,1,unanimous,-0.0,0.06733192945349148,unanimous_correct
1324,1324,3,pituitary,3,1.0,1.0,0,3,1.0,1.0,0,3,0.9990234375,0.9990234375,0,0,correct_all,none,0.9996744791666666,0.9990234375,0.0009765625,0.9996744791666666,0.9990234375,,,1,unanimous,-0.0,0.0004344561440954666,unanimous_correct
1325,1325,3,pituitary,3,1.0,1.0,0,3,1.0,1.0,0,3,0.998046875,0.998046875,0,0,correct_all,none,0.9993489583333334,0.998046875,0.001953125,0.9993489583333334,0.998046875,,,1,unanimous,-0.0,0.0011492917244347277,unanimous_correct
1326,1326,3,pituitary,3,1.0,1.0,0,3,1.0,1.0,0,3,0.97705078125,0.97705078125,0,0,correct_all,none,0.9923502604166666,0.97705078125,0.02294921875,0.9923502604166666,0.97705078125,,,1,unanimous,-0.0,0.010805242341814833,unanimous_correct
1327,1327,3,pituitary,3,1.0,1.0,0,3,1.0,1.0,0,3,0.99609375,0.99609375,0,0,correct_all,none,0.9986979166666666,0.99609375,0.00390625,0.9986979166666666,0.99609375,,,1,unanimous,-0.0,0.0019588582379526497,unanimous_correct
1328,1328,3,pituitary,3,1.0,1.0,0,3,0.9990234375,0.9990234375,0,3,0.97412109375,0.97412109375,0,0,correct_all,none,0.9910481770833334,0.97412109375,0.02587890625,0.9910481770833334,0.97412109375,,,1,unanimous,-0.0,0.012274629861088113,unanimous_correct
1329,1329,3,pituitary,3,1.0,1.0,0,3,1.0,1.0,0,3,1.0,1.0,0,0,correct_all,none,1.0,1.0,0.0,1.0,1.0,,,1,unanimous,-0.0,0.0001371956843912211,unanimous_correct
1330,1330,3,pituitary,3,1.0,1.0,0,3,1.0,1.0,0,3,0.9970703125,0.9970703125,0,0,correct_all,none,0.9990234375,0.9970703125,0.0029296875,0.9990234375,0.9970703125,,,1,unanimous,-0.0,0.001669168043623893,unanimous_correct
1331,1331,3,pituitary,3,1.0,1.0,0,3,0.9990234375,0.9990234375,0,3,0.9990234375,0.9990234375,0,0,correct_all,none,0.9993489583333334,0.9990234375,0.0009765625,0.9993489583333334,0.9990234375,,,1,unanimous,-0.0,0.00036388304808545983,unanimous_correct
1332,1332,3,pituitary,3,1.0,1.0,0,3,0.9990234375,0.9990234375,0,3,0.9990234375,0.9990234375,0,0,correct_all,none,0.9993489583333334,0.9990234375,0.0009765625,0.9993489583333334,0.9990234375,,,1,unanimous,-0.0,0.0004540632858608829,unanimous_correct
1333,1333,3,pituitary,3,0.98388671875,0.98388671875,0,3,0.998046875,0.998046875,0,3,0.6845703125,0.6845703125,0,0,correct_all,none,0.8888346354166666,0.6845703125,0.3134765625,0.8888346354166666,0.6845703125,,,1,unanimous,-0.0,0.15683228573163394,unanimous_correct
1334,1334,3,pituitary,3,0.9970703125,0.9970703125,0,3,1.0,1.0,0,3,0.9873046875,0.9873046875,0,0,correct_all,none,0.9947916666666666,0.9873046875,0.0126953125,0.9947916666666666,0.9873046875,,,1,unanimous,-0.0,0.00528191806804746,unanimous_correct
1335,1335,3,pituitary,3,0.9970703125,0.9970703125,0,3,1.0,1.0,0,3,0.9931640625,0.9931640625,0,0,correct_all,none,0.9967447916666666,0.9931640625,0.0068359375,0.9967447916666666,0.9931640625,,,1,unanimous,-0.0,0.0026300858842749353,unanimous_correct
1336,1336,3,pituitary,3,0.9921875,0.9921875,0,3,0.97509765625,0.97509765625,0,3,0.98291015625,0.98291015625,0,0,correct_all,none,0.9833984375,0.97509765625,0.01708984375,0.9833984375,0.97509765625,,,1,unanimous,-0.0,0.004183740741757119,unanimous_correct
1337,1337,3,pituitary,3,1.0,1.0,0,3,1.0,1.0,0,3,0.9892578125,0.9892578125,0,0,correct_all,none,0.9964192708333334,0.9892578125,0.0107421875,0.9964192708333334,0.9892578125,,,1,unanimous,-0.0,0.005859949541366333,unanimous_correct
1338,1338,3,pituitary,3,1.0,1.0,0,3,1.0,1.0,0,3,1.0,1.0,0,0,correct_all,none,1.0,1.0,0.0,1.0,1.0,,,1,unanimous,-0.0,9.03535109053078e-05,unanimous_correct
1339,1339,3,pituitary,3,0.9990234375,0.9990234375,0,3,1.0,1.0,0,3,0.998046875,0.998046875,0,0,correct_all,none,0.9990234375,0.998046875,0.001953125,0.9990234375,0.998046875,,,1,unanimous,-0.0,0.0007907965195742533,unanimous_correct
1340,1340,3,pituitary,3,0.9990234375,0.9990234375,0,3,1.0,1.0,0,3,0.9951171875,0.9951171875,0,0,correct_all,none,0.998046875,0.9951171875,0.0048828125,0.998046875,0.9951171875,,,1,unanimous,-0.0,0.0020224514163984138,unanimous_correct
1341,1341,3,pituitary,3,1.0,1.0,0,3,1.0,1.0,0,3,0.9208984375,0.9208984375,0,0,correct_all,none,0.9736328125,0.9208984375,0.0791015625,0.9736328125,0.9208984375,,,1,unanimous,-0.0,0.04194544741235695,unanimous_correct
1342,1342,3,pituitary,3,1.0,1.0,0,3,0.998046875,0.998046875,0,3,0.994140625,0.994140625,0,0,correct_all,none,0.9973958333333334,0.994140625,0.005859375,0.9973958333333334,0.994140625,,,1,unanimous,-0.0,0.002287173814917883,unanimous_correct
1343,1343,3,pituitary,3,1.0,1.0,0,3,1.0,1.0,0,3,0.9990234375,0.9990234375,0,0,correct_all,none,0.9996744791666666,0.9990234375,0.0009765625,0.9996744791666666,0.9990234375,,,1,unanimous,-0.0,0.0006036666222739183,unanimous_correct
1344,1344,3,pituitary,3,1.0,1.0,0,3,1.0,1.0,0,3,0.9990234375,0.9990234375,0,0,correct_all,none,0.9996744791666666,0.9990234375,0.0009765625,0.9996744791666666,0.9990234375,,,1,unanimous,-0.0,0.0005234897459934574,unanimous_correct
1345,1345,3,pituitary,3,1.0,1.0,0,3,1.0,1.0,0,3,0.9990234375,0.9990234375,0,0,correct_all,none,0.9996744791666666,0.9990234375,0.0009765625,0.9996744791666666,0.9990234375,,,1,unanimous,-0.0,0.0007158826977826166,unanimous_correct
1346,1346,3,pituitary,3,1.0,1.0,0,3,1.0,1.0,0,3,0.998046875,0.998046875,0,0,correct_all,none,0.9993489583333334,0.998046875,0.001953125,0.9993489583333334,0.998046875,,,1,unanimous,-0.0,0.0008082884601718077,unanimous_correct
1347,1347,3,pituitary,3,1.0,1.0,0,3,1.0,1.0,0,3,1.0,1.0,0,0,correct_all,none,1.0,1.0,0.0,1.0,1.0,,,1,unanimous,-0.0,0.00015165475294831804,unanimous_correct
1348,1348,3,pituitary,3,1.0,1.0,0,3,1.0,1.0,0,3,0.9951171875,0.9951171875,0,0,correct_all,none,0.9983723958333334,0.9951171875,0.0048828125,0.9983723958333334,0.9951171875,,,1,unanimous,-0.0,0.002434574568020511,unanimous_correct
1349,1349,3,pituitary,3,1.0,1.0,0,3,1.0,1.0,0,3,0.9990234375,0.9990234375,0,0,correct_all,none,0.9996744791666666,0.9990234375,0.0009765625,0.9996744791666666,0.9990234375,,,1,unanimous,-0.0,0.0003859383243687768,unanimous_correct
1350,1350,3,pituitary,3,1.0,1.0,0,3,1.0,1.0,0,3,0.9990234375,0.9990234375,0,0,correct_all,none,0.9996744791666666,0.9990234375,0.0009765625,0.9996744791666666,0.9990234375,,,1,unanimous,-0.0,0.000394717783889653,unanimous_correct
1351,1351,3,pituitary,3,1.0,1.0,0,3,1.0,1.0,0,3,1.0,1.0,0,0,correct_all,none,1.0,1.0,0.0,1.0,1.0,,,1,unanimous,-0.0,0.00024167277765901147,unanimous_correct
1352,1352,3,pituitary,3,1.0,1.0,0,3,1.0,1.0,0,3,0.9990234375,0.9990234375,0,0,correct_all,none,0.9996744791666666,0.9990234375,0.0009765625,0.9996744791666666,0.9990234375,,,1,unanimous,-0.0,0.00035275895585899905,unanimous_correct
1353,1353,3,pituitary,3,1.0,1.0,0,3,1.0,1.0,0,3,0.8583984375,0.8583984375,0,0,correct_all,none,0.9527994791666666,0.8583984375,0.1416015625,0.9527994791666666,0.8583984375,,,1,unanimous,-0.0,0.07746436549863847,unanimous_correct
1354,1354,3,pituitary,3,1.0,1.0,0,3,1.0,1.0,0,3,0.98193359375,0.98193359375,0,0,correct_all,none,0.9939778645833334,0.98193359375,0.01806640625,0.9939778645833334,0.98193359375,,,1,unanimous,-0.0,0.009048204981979564,unanimous_correct
1355,1355,3,pituitary,3,1.0,1.0,0,3,1.0,1.0,0,3,0.998046875,0.998046875,0,0,correct_all,none,0.9993489583333334,0.998046875,0.001953125,0.9993489583333334,0.998046875,,,1,unanimous,-0.0,0.0011619195555946822,unanimous_correct
1356,1356,3,pituitary,3,1.0,1.0,0,3,0.9990234375,0.9990234375,0,3,0.89111328125,0.89111328125,0,0,correct_all,none,0.96337890625,0.89111328125,0.10888671875,0.96337890625,0.89111328125,,,1,unanimous,-0.0,0.056815503803353234,unanimous_correct
1357,1357,3,pituitary,3,1.0,1.0,0,3,1.0,1.0,0,3,0.994140625,0.994140625,0,0,correct_all,none,0.998046875,0.994140625,0.005859375,0.998046875,0.994140625,,,1,unanimous,-0.0,0.0027193467370572807,unanimous_correct
1358,1358,3,pituitary,3,1.0,1.0,0,3,0.9970703125,0.9970703125,0,3,0.998046875,0.998046875,0,0,correct_all,none,0.9983723958333334,0.9970703125,0.0029296875,0.9983723958333334,0.9970703125,,,1,unanimous,-0.0,0.0009821922507992076,unanimous_correct
1359,1359,3,pituitary,3,0.9990234375,0.9990234375,0,3,1.0,1.0,0,3,0.99609375,0.99609375,0,0,correct_all,none,0.9983723958333334,0.99609375,0.00390625,0.9983723958333334,0.99609375,,,1,unanimous,-0.0,0.001311655560295541,unanimous_correct
1360,1360,3,pituitary,3,1.0,1.0,0,3,1.0,1.0,0,3,0.9951171875,0.9951171875,0,0,correct_all,none,0.9983723958333334,0.9951171875,0.0048828125,0.9983723958333334,0.9951171875,,,1,unanimous,-0.0,0.0026784669023857677,unanimous_correct
1361,1361,3,pituitary,3,1.0,1.0,0,3,1.0,1.0,0,3,0.99609375,0.99609375,0,0,correct_all,none,0.9986979166666666,0.99609375,0.00390625,0.9986979166666666,0.99609375,,,1,unanimous,-0.0,0.001998342731771338,unanimous_correct
1362,1362,3,pituitary,3,1.0,1.0,0,3,1.0,1.0,0,3,0.9990234375,0.9990234375,0,0,correct_all,none,0.9996744791666666,0.9990234375,0.0009765625,0.9996744791666666,0.9990234375,,,1,unanimous,-0.0,0.0005357185006274086,unanimous_correct
1363,1363,3,pituitary,3,1.0,1.0,0,3,1.0,1.0,0,3,1.0,1.0,0,0,correct_all,none,1.0,1.0,0.0,1.0,1.0,,,1,unanimous,-0.0,7.003679049259704e-05,unanimous_correct
1364,1364,3,pituitary,3,1.0,1.0,0,3,1.0,1.0,0,3,0.994140625,0.994140625,0,0,correct_all,none,0.998046875,0.994140625,0.005859375,0.998046875,0.994140625,,,1,unanimous,-0.0,0.002754082028222426,unanimous_correct
1365,1365,3,pituitary,3,1.0,1.0,0,3,1.0,1.0,0,3,0.9912109375,0.9912109375,0,0,correct_all,none,0.9970703125,0.9912109375,0.0087890625,0.9970703125,0.9912109375,,,1,unanimous,-0.0,0.004505737962671803,unanimous_correct
1366,1366,3,pituitary,3,0.9931640625,0.9931640625,0,3,0.9990234375,0.9990234375,0,3,0.83447265625,0.83447265625,0,0,correct_all,none,0.9422200520833334,0.83447265625,0.16455078125,0.9422200520833334,0.83447265625,,,1,unanimous,-0.0,0.08333559898399207,unanimous_correct
1367,1367,3,pituitary,3,1.0,1.0,0,3,1.0,1.0,0,3,0.99609375,0.99609375,0,0,correct_all,none,0.9986979166666666,0.99609375,0.00390625,0.9986979166666666,0.99609375,,,1,unanimous,-0.0,0.002111474434841526,unanimous_correct
1368,1368,3,pituitary,3,0.9990234375,0.9990234375,0,3,1.0,1.0,0,3,0.97314453125,0.97314453125,0,0,correct_all,none,0.99072265625,0.97314453125,0.02685546875,0.99072265625,0.97314453125,,,1,unanimous,-0.0,0.01284755720098038,unanimous_correct
1369,1369,3,pituitary,3,1.0,1.0,0,3,1.0,1.0,0,3,1.0,1.0,0,0,correct_all,none,1.0,1.0,0.0,1.0,1.0,,,1,unanimous,-0.0,0.0002199494318592826,unanimous_correct
1370,1370,3,pituitary,3,1.0,1.0,0,3,1.0,1.0,0,3,1.0,1.0,0,0,correct_all,none,1.0,1.0,0.0,1.0,1.0,,,1,unanimous,-0.0,1.8534730101879272e-05,unanimous_correct
1371,1371,3,pituitary,3,0.9990234375,0.9990234375,0,3,1.0,1.0,0,3,0.986328125,0.986328125,0,0,correct_all,none,0.9951171875,0.986328125,0.013671875,0.9951171875,0.986328125,,,1,unanimous,-0.0,0.006023321812724573,unanimous_correct
1372,1372,3,pituitary,3,1.0,1.0,0,3,0.998046875,0.998046875,0,3,0.89892578125,0.89892578125,0,0,correct_all,none,0.9656575520833334,0.89892578125,0.10107421875,0.9656575520833334,0.89892578125,,,1,unanimous,-0.0,0.051274186718660464,unanimous_correct
1373,1373,3,pituitary,3,1.0,1.0,0,3,1.0,1.0,0,3,0.96533203125,0.96533203125,0,0,correct_all,none,0.9884440104166666,0.96533203125,0.03466796875,0.9884440104166666,0.96533203125,,,1,unanimous,-0.0,0.01767689200568981,unanimous_correct
1374,1374,3,pituitary,3,1.0,1.0,0,3,1.0,1.0,0,3,0.998046875,0.998046875,0,0,correct_all,none,0.9993489583333334,0.998046875,0.001953125,0.9993489583333334,0.998046875,,,1,unanimous,-0.0,0.0010291949494791262,unanimous_correct
1375,1375,3,pituitary,3,1.0,1.0,0,3,0.998046875,0.998046875,0,3,0.84912109375,0.84912109375,0,0,correct_all,none,0.9490559895833334,0.84912109375,0.15087890625,0.9490559895833334,0.84912109375,,,1,unanimous,-0.0,0.07917626122041063,unanimous_correct
1376,1376,3,pituitary,3,1.0,1.0,0,3,1.0,1.0,0,3,0.98095703125,0.98095703125,0,0,correct_all,none,0.99365234375,0.98095703125,0.01904296875,0.99365234375,0.98095703125,,,1,unanimous,-0.0,0.009846866638369721,unanimous_correct
1377,1377,3,pituitary,3,1.0,1.0,0,3,1.0,1.0,0,3,0.970703125,0.970703125,0,0,correct_all,none,0.990234375,0.970703125,0.029296875,0.990234375,0.970703125,,,1,unanimous,-0.0,0.015774179025705187,unanimous_correct
1378,1378,3,pituitary,3,0.89453125,0.89453125,0,3,0.9951171875,0.9951171875,0,0,0.68017578125,0.08251953125,1,1,one_model_failure,EffNet,0.8566080729166666,0.68017578125,0.31494140625,0.6573893229166666,0.08251953125,0.68017578125,0.08251953125,2,split_2_1,0.9182958340544896,0.659863192510849,disagreement
1379,1379,3,pituitary,3,1.0,1.0,0,3,1.0,1.0,0,3,0.99609375,0.99609375,0,0,correct_all,none,0.9986979166666666,0.99609375,0.00390625,0.9986979166666666,0.99609375,,,1,unanimous,-0.0,0.0021528544999674885,unanimous_correct
1380,1380,3,pituitary,3,1.0,1.0,0,3,1.0,1.0,0,3,0.9990234375,0.9990234375,0,0,correct_all,none,0.9996744791666666,0.9990234375,0.0009765625,0.9996744791666666,0.9990234375,,,1,unanimous,-0.0,0.00039441596550825273,unanimous_correct
1381,1381,3,pituitary,3,0.9990234375,0.9990234375,0,3,0.92919921875,0.92919921875,0,3,0.873046875,0.873046875,0,0,correct_all,none,0.9337565104166666,0.873046875,0.1259765625,0.9337565104166666,0.873046875,,,1,unanimous,-0.0,0.08644143635089785,unanimous_correct
1382,1382,3,pituitary,3,1.0,1.0,0,3,1.0,1.0,0,3,0.9990234375,0.9990234375,0,0,correct_all,none,0.9996744791666666,0.9990234375,0.0009765625,0.9996744791666666,0.9990234375,,,1,unanimous,-0.0,0.00027889738533908763,unanimous_correct
1383,1383,3,pituitary,3,1.0,1.0,0,3,1.0,1.0,0,3,0.99609375,0.99609375,0,0,correct_all,none,0.9986979166666666,0.99609375,0.00390625,0.9986979166666666,0.99609375,,,1,unanimous,-0.0,0.0018455768463237262,unanimous_correct
1384,1384,3,pituitary,3,1.0,1.0,0,3,1.0,1.0,0,3,0.998046875,0.998046875,0,0,correct_all,none,0.9993489583333334,0.998046875,0.001953125,0.9993489583333334,0.998046875,,,1,unanimous,-0.0,0.0010999764308647995,unanimous_correct
1385,1385,3,pituitary,3,1.0,1.0,0,3,0.998046875,0.998046875,0,3,0.96875,0.96875,0,0,correct_all,none,0.9889322916666666,0.96875,0.03125,0.9889322916666666,0.96875,,,1,unanimous,-0.0,0.014198609716978602,unanimous_correct
1386,1386,3,pituitary,3,1.0,1.0,0,3,1.0,1.0,0,3,0.98828125,0.98828125,0,0,correct_all,none,0.99609375,0.98828125,0.01171875,0.99609375,0.98828125,,,1,unanimous,-0.0,0.005901744082221362,unanimous_correct
1387,1387,3,pituitary,3,1.0,1.0,0,3,1.0,1.0,0,3,1.0,1.0,0,0,correct_all,none,1.0,1.0,0.0,1.0,1.0,,,1,unanimous,-0.0,8.424712283169183e-05,unanimous_correct
1388,1388,3,pituitary,3,0.994140625,0.994140625,0,3,1.0,1.0,0,3,0.96435546875,0.96435546875,0,0,correct_all,none,0.9861653645833334,0.96435546875,0.03564453125,0.9861653645833334,0.96435546875,,,1,unanimous,-0.0,0.014197893709155501,unanimous_correct
1389,1389,3,pituitary,3,1.0,1.0,0,3,0.9990234375,0.9990234375,0,3,0.986328125,0.986328125,0,0,correct_all,none,0.9951171875,0.986328125,0.013671875,0.9951171875,0.986328125,,,1,unanimous,-0.0,0.005613639201063773,unanimous_correct
1390,1390,3,pituitary,3,1.0,1.0,0,3,1.0,1.0,0,3,1.0,1.0,0,0,correct_all,none,1.0,1.0,0.0,1.0,1.0,,,1,unanimous,-0.0,7.522639111279413e-05,unanimous_correct
1391,1391,3,pituitary,3,0.998046875,0.998046875,0,3,1.0,1.0,0,3,0.986328125,0.986328125,0,0,correct_all,none,0.9947916666666666,0.986328125,0.013671875,0.9947916666666666,0.986328125,,,1,unanimous,-0.0,0.005371596352503644,unanimous_correct
1392,1392,3,pituitary,3,1.0,1.0,0,3,1.0,1.0,0,3,0.9970703125,0.9970703125,0,0,correct_all,none,0.9990234375,0.9970703125,0.0029296875,0.9990234375,0.9970703125,,,1,unanimous,-0.0,0.0014676391144921863,unanimous_correct
1393,1393,3,pituitary,3,0.9970703125,0.9970703125,0,3,0.931640625,0.931640625,0,3,0.984375,0.984375,0,0,correct_all,none,0.9710286458333334,0.931640625,0.0654296875,0.9710286458333334,0.931640625,,,1,unanimous,-0.0,0.02320935552405662,unanimous_correct
1394,1394,3,pituitary,3,1.0,1.0,0,3,1.0,1.0,0,3,0.9951171875,0.9951171875,0,0,correct_all,none,0.9983723958333334,0.9951171875,0.0048828125,0.9983723958333334,0.9951171875,,,1,unanimous,-0.0,0.0026486760575389207,unanimous_correct
1395,1395,3,pituitary,3,1.0,1.0,0,3,1.0,1.0,0,3,0.939453125,0.939453125,0,0,correct_all,none,0.9798177083333334,0.939453125,0.060546875,0.9798177083333334,0.939453125,,,1,unanimous,-0.0,0.03234113113730949,unanimous_correct
1396,1396,3,pituitary,3,1.0,1.0,0,3,1.0,1.0,0,3,0.9912109375,0.9912109375,0,0,correct_all,none,0.9970703125,0.9912109375,0.0087890625,0.9970703125,0.9912109375,,,1,unanimous,-0.0,0.004528167804423947,unanimous_correct
1397,1397,3,pituitary,3,1.0,1.0,0,3,0.9990234375,0.9990234375,0,3,1.0,1.0,0,0,correct_all,none,0.9996744791666666,0.9990234375,0.0009765625,0.9996744791666666,0.9990234375,,,1,unanimous,-0.0,0.000312653472658441,unanimous_correct
1398,1398,3,pituitary,3,0.9990234375,0.9990234375,0,3,1.0,1.0,0,3,0.91650390625,0.91650390625,0,0,correct_all,none,0.9718424479166666,0.91650390625,0.08349609375,0.9718424479166666,0.91650390625,,,1,unanimous,-0.0,0.041907577637723015,unanimous_correct
1399,1399,3,pituitary,3,1.0,1.0,0,3,1.0,1.0,0,3,0.9951171875,0.9951171875,0,0,correct_all,none,0.9983723958333334,0.9951171875,0.0048828125,0.9983723958333334,0.9951171875,,,1,unanimous,-0.0,0.0022518500673299174,unanimous_correct
1400,1400,3,pituitary,3,1.0,1.0,0,3,1.0,1.0,0,3,0.998046875,0.998046875,0,0,correct_all,none,0.9993489583333334,0.998046875,0.001953125,0.9993489583333334,0.998046875,,,1,unanimous,-0.0,0.0009410800201323172,unanimous_correct
1401,1401,3,pituitary,3,1.0,1.0,0,3,1.0,1.0,0,3,0.9990234375,0.9990234375,0,0,correct_all,none,0.9996744791666666,0.9990234375,0.0009765625,0.9996744791666666,0.9990234375,,,1,unanimous,-0.0,0.0005638036913625981,unanimous_correct
1402,1402,3,pituitary,3,1.0,1.0,0,3,1.0,1.0,0,3,1.0,1.0,0,0,correct_all,none,1.0,1.0,0.0,1.0,1.0,,,1,unanimous,-0.0,7.078425016274377e-05,unanimous_correct
1403,1403,3,pituitary,3,1.0,1.0,0,3,1.0,1.0,0,3,0.9970703125,0.9970703125,0,0,correct_all,none,0.9990234375,0.9970703125,0.0029296875,0.9990234375,0.9970703125,,,1,unanimous,-0.0,0.0014287505122767448,unanimous_correct
1404,1404,3,pituitary,3,1.0,1.0,0,3,1.0,1.0,0,3,0.97265625,0.97265625,0,0,correct_all,none,0.9908854166666666,0.97265625,0.02734375,0.9908854166666666,0.97265625,,,1,unanimous,-0.0,0.014444833222144779,unanimous_correct
1405,1405,3,pituitary,3,1.0,1.0,0,3,1.0,1.0,0,3,1.0,1.0,0,0,correct_all,none,1.0,1.0,0.0,1.0,1.0,,,1,unanimous,-0.0,4.120781544722941e-05,unanimous_correct
1406,1406,3,pituitary,3,1.0,1.0,0,3,1.0,1.0,0,3,0.9892578125,0.9892578125,0,0,correct_all,none,0.9964192708333334,0.9892578125,0.0107421875,0.9964192708333334,0.9892578125,,,1,unanimous,-0.0,0.004975131350183813,unanimous_correct
1407,1407,3,pituitary,3,1.0,1.0,0,3,1.0,1.0,0,3,0.97705078125,0.97705078125,0,0,correct_all,none,0.9923502604166666,0.97705078125,0.02294921875,0.9923502604166666,0.97705078125,,,1,unanimous,-0.0,0.012316014897933096,unanimous_correct
1408,1408,3,pituitary,3,1.0,1.0,0,3,1.0,1.0,0,3,0.998046875,0.998046875,0,0,correct_all,none,0.9993489583333334,0.998046875,0.001953125,0.9993489583333334,0.998046875,,,1,unanimous,-0.0,0.0012216509575064833,unanimous_correct
1409,1409,3,pituitary,3,1.0,1.0,0,3,1.0,1.0,0,3,0.9970703125,0.9970703125,0,0,correct_all,none,0.9990234375,0.9970703125,0.0029296875,0.9990234375,0.9970703125,,,1,unanimous,-0.0,0.0015356267622065461,unanimous_correct
1410,1410,3,pituitary,3,1.0,1.0,0,3,0.93115234375,0.93115234375,0,3,0.71044921875,0.71044921875,0,0,correct_all,none,0.8805338541666666,0.71044921875,0.28955078125,0.8805338541666666,0.71044921875,,,1,unanimous,-0.0,0.1560115218100408,unanimous_correct
1411,1411,3,pituitary,3,1.0,1.0,0,3,1.0,1.0,0,3,0.9951171875,0.9951171875,0,0,correct_all,none,0.9983723958333334,0.9951171875,0.0048828125,0.9983723958333334,0.9951171875,,,1,unanimous,-0.0,0.002290941534614937,unanimous_correct
1412,1412,3,pituitary,3,1.0,1.0,0,3,1.0,1.0,0,3,0.9990234375,0.9990234375,0,0,correct_all,none,0.9996744791666666,0.9990234375,0.0009765625,0.9996744791666666,0.9990234375,,,1,unanimous,-0.0,0.0005182778974524302,unanimous_correct
1413,1413,3,pituitary,3,0.99609375,0.99609375,0,3,0.9560546875,0.9560546875,0,3,0.95361328125,0.95361328125,0,0,correct_all,none,0.9685872395833334,0.95361328125,0.04248046875,0.9685872395833334,0.95361328125,,,1,unanimous,-0.0,0.015594057314336551,unanimous_correct
1414,1414,3,pituitary,3,1.0,1.0,0,3,1.0,1.0,0,3,0.98193359375,0.98193359375,0,0,correct_all,none,0.9939778645833334,0.98193359375,0.01806640625,0.9939778645833334,0.98193359375,,,1,unanimous,-0.0,0.009401828745905186,unanimous_correct
1415,1415,3,pituitary,3,0.9990234375,0.9990234375,0,3,0.9990234375,0.9990234375,0,3,0.9951171875,0.9951171875,0,0,correct_all,none,0.9977213541666666,0.9951171875,0.00390625,0.9977213541666666,0.9951171875,,,1,unanimous,-0.0,0.0015335187610548313,unanimous_correct
1416,1416,3,pituitary,3,1.0,1.0,0,3,0.9970703125,0.9970703125,0,3,0.8662109375,0.8662109375,0,0,correct_all,none,0.9544270833333334,0.8662109375,0.1337890625,0.9544270833333334,0.8662109375,,,1,unanimous,-0.0,0.0694071534256733,unanimous_correct
1417,1417,3,pituitary,3,1.0,1.0,0,3,1.0,1.0,0,3,0.98291015625,0.98291015625,0,0,correct_all,none,0.9943033854166666,0.98291015625,0.01708984375,0.9943033854166666,0.98291015625,,,1,unanimous,-0.0,0.009071516201104711,unanimous_correct
1418,1418,3,pituitary,3,1.0,1.0,0,3,0.998046875,0.998046875,0,3,0.9677734375,0.9677734375,0,0,correct_all,none,0.9886067708333334,0.9677734375,0.0322265625,0.9886067708333334,0.9677734375,,,1,unanimous,-0.0,0.01468252055979219,unanimous_correct
1419,1419,3,pituitary,3,1.0,1.0,0,3,1.0,1.0,0,3,0.9990234375,0.9990234375,0,0,correct_all,none,0.9996744791666666,0.9990234375,0.0009765625,0.9996744791666666,0.9990234375,,,1,unanimous,-0.0,0.0002981105756415395,unanimous_correct
1420,1420,3,pituitary,3,1.0,1.0,0,3,1.0,1.0,0,3,1.0,1.0,0,0,correct_all,none,1.0,1.0,0.0,1.0,1.0,,,1,unanimous,-0.0,0.00011151513477461808,unanimous_correct
1421,1421,3,pituitary,3,1.0,1.0,0,3,1.0,1.0,0,3,0.9990234375,0.9990234375,0,0,correct_all,none,0.9996744791666666,0.9990234375,0.0009765625,0.9996744791666666,0.9990234375,,,1,unanimous,-0.0,0.0002378771071427769,unanimous_correct
1422,1422,3,pituitary,3,1.0,1.0,0,3,1.0,1.0,0,3,0.998046875,0.998046875,0,0,correct_all,none,0.9993489583333334,0.998046875,0.001953125,0.9993489583333334,0.998046875,,,1,unanimous,-0.0,0.0008725903948814135,unanimous_correct
1423,1423,3,pituitary,3,1.0,1.0,0,3,1.0,1.0,0,3,0.8759765625,0.8759765625,0,0,correct_all,none,0.9586588541666666,0.8759765625,0.1240234375,0.9586588541666666,0.8759765625,,,1,unanimous,-0.0,0.06636450491644166,unanimous_correct
1424,1424,3,pituitary,3,1.0,1.0,0,3,1.0,1.0,0,3,1.0,1.0,0,0,correct_all,none,1.0,1.0,0.0,1.0,1.0,,,1,unanimous,-0.0,0.00012178449469117149,unanimous_correct
1425,1425,3,pituitary,3,1.0,1.0,0,3,1.0,1.0,0,3,0.9990234375,0.9990234375,0,0,correct_all,none,0.9996744791666666,0.9990234375,0.0009765625,0.9996744791666666,0.9990234375,,,1,unanimous,-0.0,0.0005739321387272537,unanimous_correct
1426,1426,3,pituitary,3,1.0,1.0,0,3,1.0,1.0,0,3,0.998046875,0.998046875,0,0,correct_all,none,0.9993489583333334,0.998046875,0.001953125,0.9993489583333334,0.998046875,,,1,unanimous,-0.0,0.0012027675124723324,unanimous_correct
1427,1427,3,pituitary,3,0.990234375,0.990234375,0,3,0.92822265625,0.92822265625,0,3,0.8251953125,0.8251953125,0,0,correct_all,none,0.91455078125,0.8251953125,0.1650390625,0.91455078125,0.8251953125,,,1,unanimous,-0.0,0.05511300188490614,unanimous_correct
1428,1428,3,pituitary,3,1.0,1.0,0,3,0.998046875,0.998046875,0,3,0.9951171875,0.9951171875,0,0,correct_all,none,0.9977213541666666,0.9951171875,0.0048828125,0.9977213541666666,0.9951171875,,,1,unanimous,-0.0,0.001292471899983754,unanimous_correct
1429,1429,3,pituitary,3,1.0,1.0,0,3,1.0,1.0,0,3,1.0,1.0,0,0,correct_all,none,1.0,1.0,0.0,1.0,1.0,,,1,unanimous,-0.0,0.00021181329548900863,unanimous_correct
1430,1430,3,pituitary,3,1.0,1.0,0,3,1.0,1.0,0,3,0.994140625,0.994140625,0,0,correct_all,none,0.998046875,0.994140625,0.005859375,0.998046875,0.994140625,,,1,unanimous,-0.0,0.003026022340909436,unanimous_correct
1431,1431,3,pituitary,3,1.0,1.0,0,3,1.0,1.0,0,3,0.97412109375,0.97412109375,0,0,correct_all,none,0.9913736979166666,0.97412109375,0.02587890625,0.9913736979166666,0.97412109375,,,1,unanimous,-0.0,0.0128861461075927,unanimous_correct
1432,1432,3,pituitary,3,1.0,1.0,0,3,1.0,1.0,0,3,0.9990234375,0.9990234375,0,0,correct_all,none,0.9996744791666666,0.9990234375,0.0009765625,0.9996744791666666,0.9990234375,,,1,unanimous,-0.0,0.0006290129688646699,unanimous_correct
1433,1433,3,pituitary,3,1.0,1.0,0,3,1.0,1.0,0,3,0.9990234375,0.9990234375,0,0,correct_all,none,0.9996744791666666,0.9990234375,0.0009765625,0.9996744791666666,0.9990234375,,,1,unanimous,-0.0,0.00023116932070445717,unanimous_correct
1434,1434,3,pituitary,3,1.0,1.0,0,3,1.0,1.0,0,3,0.9951171875,0.9951171875,0,0,correct_all,none,0.9983723958333334,0.9951171875,0.0048828125,0.9983723958333334,0.9951171875,,,1,unanimous,-0.0,0.002520683311656946,unanimous_correct
1435,1435,3,pituitary,3,1.0,1.0,0,3,1.0,1.0,0,3,0.984375,0.984375,0,0,correct_all,none,0.9947916666666666,0.984375,0.015625,0.9947916666666666,0.984375,,,1,unanimous,-0.0,0.00732413021009045,unanimous_correct
1436,1436,3,pituitary,3,1.0,1.0,0,3,0.9990234375,0.9990234375,0,3,0.9150390625,0.9150390625,0,0,correct_all,none,0.9713541666666666,0.9150390625,0.0849609375,0.9713541666666666,0.9150390625,,,1,unanimous,-0.0,0.04354250760762016,unanimous_correct
1437,1437,3,pituitary,3,1.0,1.0,0,3,1.0,1.0,0,3,1.0,1.0,0,0,correct_all,none,1.0,1.0,0.0,1.0,1.0,,,1,unanimous,-0.0,0.00023160575474746523,unanimous_correct
1438,1438,3,pituitary,3,1.0,1.0,0,3,1.0,1.0,0,3,0.97802734375,0.97802734375,0,0,correct_all,none,0.99267578125,0.97802734375,0.02197265625,0.99267578125,0.97802734375,,,1,unanimous,-0.0,0.010556008121518655,unanimous_correct
1439,1439,3,pituitary,3,1.0,1.0,0,3,1.0,1.0,0,3,0.998046875,0.998046875,0,0,correct_all,none,0.9993489583333334,0.998046875,0.001953125,0.9993489583333334,0.998046875,,,1,unanimous,-0.0,0.0006355545062917446,unanimous_correct
1440,1440,3,pituitary,3,1.0,1.0,0,3,1.0,1.0,0,3,0.95068359375,0.95068359375,0,0,correct_all,none,0.9835611979166666,0.95068359375,0.04931640625,0.9835611979166666,0.95068359375,,,1,unanimous,-0.0,0.025505972850697514,unanimous_correct
1441,1441,3,pituitary,3,1.0,1.0,0,3,1.0,1.0,0,3,0.994140625,0.994140625,0,0,correct_all,none,0.998046875,0.994140625,0.005859375,0.998046875,0.994140625,,,1,unanimous,-0.0,0.002685807544733996,unanimous_correct
1442,1442,3,pituitary,3,1.0,1.0,0,3,1.0,1.0,0,3,0.9990234375,0.9990234375,0,0,correct_all,none,0.9996744791666666,0.9990234375,0.0009765625,0.9996744791666666,0.9990234375,,,1,unanimous,-0.0,0.0003275685702426108,unanimous_correct
1443,1443,3,pituitary,3,1.0,1.0,0,3,1.0,1.0,0,3,0.9990234375,0.9990234375,0,0,correct_all,none,0.9996744791666666,0.9990234375,0.0009765625,0.9996744791666666,0.9990234375,,,1,unanimous,-0.0,0.0003138392306162403,unanimous_correct
1444,1444,3,pituitary,3,1.0,1.0,0,3,1.0,1.0,0,3,0.9560546875,0.9560546875,0,0,correct_all,none,0.9853515625,0.9560546875,0.0439453125,0.9853515625,0.9560546875,,,1,unanimous,-0.0,0.02321653901906015,unanimous_correct
1445,1445,3,pituitary,0,0.5322265625,0.465087890625,1,3,0.857421875,0.857421875,0,3,0.94384765625,0.94384765625,0,1,one_model_failure,VGG,0.77783203125,0.5322265625,0.41162109375,0.7554524739583334,0.465087890625,0.5322265625,0.465087890625,2,split_2_1,0.9182958340544896,0.18445450001969388,disagreement
1446,1446,3,pituitary,3,0.9970703125,0.9970703125,0,3,1.0,1.0,0,3,0.9990234375,0.9990234375,0,0,correct_all,none,0.9986979166666666,0.9970703125,0.0029296875,0.9986979166666666,0.9970703125,,,1,unanimous,-0.0,0.0011394263256956586,unanimous_correct
1447,1447,3,pituitary,3,1.0,1.0,0,3,0.9951171875,0.9951171875,0,3,0.9990234375,0.9990234375,0,0,correct_all,none,0.998046875,0.9951171875,0.0048828125,0.998046875,0.9951171875,,,1,unanimous,-0.0,0.002206956507780314,unanimous_correct
1448,1448,3,pituitary,3,0.9990234375,0.9990234375,0,3,0.9912109375,0.9912109375,0,0,0.60791015625,0.36474609375,1,1,one_model_failure,EffNet,0.8660481770833334,0.60791015625,0.39111328125,0.7849934895833334,0.36474609375,0.60791015625,0.36474609375,2,split_2_1,0.9182958340544896,0.4074133052327454,disagreement
1449,1449,3,pituitary,3,0.673828125,0.673828125,0,3,0.994140625,0.994140625,0,1,0.73095703125,0.066650390625,1,1,one_model_failure,EffNet,0.7996419270833334,0.673828125,0.3203125,0.5782063802083334,0.066650390625,0.73095703125,0.066650390625,2,split_2_1,0.9182958340544896,0.5480630419416307,disagreement
1450,1450,3,pituitary,3,0.9990234375,0.9990234375,0,3,1.0,1.0,0,3,0.994140625,0.994140625,0,0,correct_all,none,0.9977213541666666,0.994140625,0.005859375,0.9977213541666666,0.994140625,,,1,unanimous,-0.0,0.0022448456982170177,unanimous_correct
1451,1451,3,pituitary,3,1.0,1.0,0,3,1.0,1.0,0,3,1.0,1.0,0,0,correct_all,none,1.0,1.0,0.0,1.0,1.0,,,1,unanimous,-0.0,0.0001908374383513445,unanimous_correct
1452,1452,3,pituitary,3,1.0,1.0,0,3,1.0,1.0,0,3,0.99609375,0.99609375,0,0,correct_all,none,0.9986979166666666,0.99609375,0.00390625,0.9986979166666666,0.99609375,,,1,unanimous,-0.0,0.0020104504449023706,unanimous_correct
1453,1453,3,pituitary,3,1.0,1.0,0,3,1.0,1.0,0,3,0.9951171875,0.9951171875,0,0,correct_all,none,0.9983723958333334,0.9951171875,0.0048828125,0.9983723958333334,0.9951171875,,,1,unanimous,-0.0,0.0024499494316427214,unanimous_correct
1454,1454,3,pituitary,3,1.0,1.0,0,3,1.0,1.0,0,3,0.9921875,0.9921875,0,0,correct_all,none,0.9973958333333334,0.9921875,0.0078125,0.9973958333333334,0.9921875,,,1,unanimous,-0.0,0.003919768565349879,unanimous_correct
1455,1455,3,pituitary,3,1.0,1.0,0,3,1.0,1.0,0,3,0.9990234375,0.9990234375,0,0,correct_all,none,0.9996744791666666,0.9990234375,0.0009765625,0.9996744791666666,0.9990234375,,,1,unanimous,-0.0,0.00014318043909103146,unanimous_correct
1456,1456,3,pituitary,3,1.0,1.0,0,3,1.0,1.0,0,3,0.99609375,0.99609375,0,0,correct_all,none,0.9986979166666666,0.99609375,0.00390625,0.9986979166666666,0.99609375,,,1,unanimous,-0.0,0.0017601577508269423,unanimous_correct
1457,1457,3,pituitary,3,0.9970703125,0.9970703125,0,3,1.0,1.0,0,3,0.9853515625,0.9853515625,0,0,correct_all,none,0.994140625,0.9853515625,0.0146484375,0.994140625,0.9853515625,,,1,unanimous,-0.0,0.005617624489143165,unanimous_correct
1458,1458,3,pituitary,3,1.0,1.0,0,3,1.0,1.0,0,3,0.990234375,0.990234375,0,0,correct_all,none,0.9967447916666666,0.990234375,0.009765625,0.9967447916666666,0.990234375,,,1,unanimous,-0.0,0.004863411965699883,unanimous_correct
1459,1459,3,pituitary,3,1.0,1.0,0,3,1.0,1.0,0,3,1.0,1.0,0,0,correct_all,none,1.0,1.0,0.0,1.0,1.0,,,1,unanimous,-0.0,0.00016756852298946542,unanimous_correct
1460,1460,3,pituitary,3,1.0,1.0,0,3,0.9990234375,0.9990234375,0,3,0.9990234375,0.9990234375,0,0,correct_all,none,0.9993489583333334,0.9990234375,0.0009765625,0.9993489583333334,0.9990234375,,,1,unanimous,-0.0,0.000554941988173142,unanimous_correct
1461,1461,3,pituitary,3,1.0,1.0,0,3,1.0,1.0,0,3,0.9990234375,0.9990234375,0,0,correct_all,none,0.9996744791666666,0.9990234375,0.0009765625,0.9996744791666666,0.9990234375,,,1,unanimous,-0.0,0.0003595450511101159,unanimous_correct
1462,1462,3,pituitary,3,1.0,1.0,0,3,1.0,1.0,0,3,0.994140625,0.994140625,0,0,correct_all,none,0.998046875,0.994140625,0.005859375,0.998046875,0.994140625,,,1,unanimous,-0.0,0.0025687013740901717,unanimous_correct
1463,1463,3,pituitary,3,1.0,1.0,0,3,1.0,1.0,0,3,0.99609375,0.99609375,0,0,correct_all,none,0.9986979166666666,0.99609375,0.00390625,0.9986979166666666,0.99609375,,,1,unanimous,-0.0,0.0021647990216371454,unanimous_correct
1464,1464,3,pituitary,3,1.0,1.0,0,3,1.0,1.0,0,3,0.98828125,0.98828125,0,0,correct_all,none,0.99609375,0.98828125,0.01171875,0.99609375,0.98828125,,,1,unanimous,-0.0,0.006097270529115781,unanimous_correct
1465,1465,3,pituitary,3,1.0,1.0,0,3,1.0,1.0,0,3,0.998046875,0.998046875,0,0,correct_all,none,0.9993489583333334,0.998046875,0.001953125,0.9993489583333334,0.998046875,,,1,unanimous,-0.0,0.000905586112245834,unanimous_correct
1466,1466,3,pituitary,3,0.9990234375,0.9990234375,0,3,1.0,1.0,0,3,0.990234375,0.990234375,0,0,correct_all,none,0.9964192708333334,0.990234375,0.009765625,0.9964192708333334,0.990234375,,,1,unanimous,-0.0,0.004091743472315241,unanimous_correct
1467,1467,3,pituitary,3,1.0,1.0,0,3,0.9970703125,0.9970703125,0,3,1.0,1.0,0,0,correct_all,none,0.9990234375,0.9970703125,0.0029296875,0.9990234375,0.9970703125,,,1,unanimous,-0.0,0.0012200227135452327,unanimous_correct
1468,1468,3,pituitary,3,1.0,1.0,0,3,1.0,1.0,0,3,0.9990234375,0.9990234375,0,0,correct_all,none,0.9996744791666666,0.9990234375,0.0009765625,0.9996744791666666,0.9990234375,,,1,unanimous,-0.0,0.00034833928998637955,unanimous_correct
1469,1469,3,pituitary,3,0.9990234375,0.9990234375,0,3,0.998046875,0.998046875,0,3,0.98388671875,0.98388671875,0,0,correct_all,none,0.99365234375,0.98388671875,0.01513671875,0.99365234375,0.98388671875,,,1,unanimous,-0.0,0.00576170770259362,unanimous_correct
1470,1470,3,pituitary,3,1.0,1.0,0,3,1.0,1.0,0,3,0.9970703125,0.9970703125,0,0,correct_all,none,0.9990234375,0.9970703125,0.0029296875,0.9990234375,0.9970703125,,,1,unanimous,-0.0,0.0013770995019488069,unanimous_correct
1471,1471,3,pituitary,3,1.0,1.0,0,3,1.0,1.0,0,3,0.97900390625,0.97900390625,0,0,correct_all,none,0.9930013020833334,0.97900390625,0.02099609375,0.9930013020833334,0.97900390625,,,1,unanimous,-0.0,0.01071121195922601,unanimous_correct
1472,1472,3,pituitary,3,1.0,1.0,0,3,1.0,1.0,0,3,0.9990234375,0.9990234375,0,0,correct_all,none,0.9996744791666666,0.9990234375,0.0009765625,0.9996744791666666,0.9990234375,,,1,unanimous,-0.0,0.0006050900619420088,unanimous_correct
1473,1473,3,pituitary,3,1.0,1.0,0,3,0.9990234375,0.9990234375,0,3,0.9892578125,0.9892578125,0,0,correct_all,none,0.99609375,0.9892578125,0.0107421875,0.99609375,0.9892578125,,,1,unanimous,-0.0,0.005087756783626565,unanimous_correct
1474,1474,3,pituitary,3,1.0,1.0,0,3,0.9990234375,0.9990234375,0,3,0.9990234375,0.9990234375,0,0,correct_all,none,0.9993489583333334,0.9990234375,0.0009765625,0.9993489583333334,0.9990234375,,,1,unanimous,-0.0,0.0006839577929712813,unanimous_correct
1475,1475,3,pituitary,3,1.0,1.0,0,3,1.0,1.0,0,3,0.9951171875,0.9951171875,0,0,correct_all,none,0.9983723958333334,0.9951171875,0.0048828125,0.9983723958333334,0.9951171875,,,1,unanimous,-0.0,0.0022961670081849267,unanimous_correct
1476,1476,3,pituitary,3,1.0,1.0,0,3,0.998046875,0.998046875,0,3,0.95703125,0.95703125,0,0,correct_all,none,0.9850260416666666,0.95703125,0.04296875,0.9850260416666666,0.95703125,,,1,unanimous,-0.0,0.01961349976038171,unanimous_correct
1477,1477,3,pituitary,3,0.9990234375,0.9990234375,0,3,1.0,1.0,0,3,0.9931640625,0.9931640625,0,0,correct_all,none,0.9973958333333334,0.9931640625,0.0068359375,0.9973958333333334,0.9931640625,,,1,unanimous,-0.0,0.002848109405962484,unanimous_correct
1478,1478,3,pituitary,3,1.0,1.0,0,3,0.998046875,0.998046875,0,3,0.98388671875,0.98388671875,0,0,correct_all,none,0.9939778645833334,0.98388671875,0.01611328125,0.9939778645833334,0.98388671875,,,1,unanimous,-0.0,0.00657905928488145,unanimous_correct
1479,1479,3,pituitary,3,1.0,1.0,0,3,1.0,1.0,0,3,1.0,1.0,0,0,correct_all,none,1.0,1.0,0.0,1.0,1.0,,,1,unanimous,-0.0,8.78242964660156e-05,unanimous_correct
1480,1480,3,pituitary,3,1.0,1.0,0,3,1.0,1.0,0,3,0.9990234375,0.9990234375,0,0,correct_all,none,0.9996744791666666,0.9990234375,0.0009765625,0.9996744791666666,0.9990234375,,,1,unanimous,-0.0,0.00040893742903199163,unanimous_correct
1481,1481,3,pituitary,3,1.0,1.0,0,3,1.0,1.0,0,3,0.88525390625,0.88525390625,0,0,correct_all,none,0.9617513020833334,0.88525390625,0.11474609375,0.9617513020833334,0.88525390625,,,1,unanimous,-0.0,0.062493334665355116,unanimous_correct
1482,1482,3,pituitary,3,1.0,1.0,0,3,1.0,1.0,0,3,0.9970703125,0.9970703125,0,0,correct_all,none,0.9990234375,0.9970703125,0.0029296875,0.9990234375,0.9970703125,,,1,unanimous,-0.0,0.001478608599213914,unanimous_correct
1483,1483,3,pituitary,3,1.0,1.0,0,3,1.0,1.0,0,3,1.0,1.0,0,0,correct_all,none,1.0,1.0,0.0,1.0,1.0,,,1,unanimous,-0.0,0.00023995063415137774,unanimous_correct
1484,1484,3,pituitary,3,1.0,1.0,0,3,1.0,1.0,0,3,0.9951171875,0.9951171875,0,0,correct_all,none,0.9983723958333334,0.9951171875,0.0048828125,0.9983723958333334,0.9951171875,,,1,unanimous,-0.0,0.002382954913771638,unanimous_correct
1485,1485,3,pituitary,3,1.0,1.0,0,3,1.0,1.0,0,3,0.9658203125,0.9658203125,0,0,correct_all,none,0.9886067708333334,0.9658203125,0.0341796875,0.9886067708333334,0.9658203125,,,1,unanimous,-0.0,0.01766399487234732,unanimous_correct
1486,1486,3,pituitary,3,1.0,1.0,0,3,1.0,1.0,0,3,0.9990234375,0.9990234375,0,0,correct_all,none,0.9996744791666666,0.9990234375,0.0009765625,0.9996744791666666,0.9990234375,,,1,unanimous,-0.0,0.0004988124396960282,unanimous_correct
1487,1487,3,pituitary,3,1.0,1.0,0,3,1.0,1.0,0,3,0.9990234375,0.9990234375,0,0,correct_all,none,0.9996744791666666,0.9990234375,0.0009765625,0.9996744791666666,0.9990234375,,,1,unanimous,-0.0,0.0004230235352940927,unanimous_correct
1488,1488,3,pituitary,3,1.0,1.0,0,3,1.0,1.0,0,3,1.0,1.0,0,0,correct_all,none,1.0,1.0,0.0,1.0,1.0,,,1,unanimous,-0.0,0.00010828837494100067,unanimous_correct
1489,1489,3,pituitary,3,1.0,1.0,0,3,1.0,1.0,0,3,0.96875,0.96875,0,0,correct_all,none,0.9895833333333334,0.96875,0.03125,0.9895833333333334,0.96875,,,1,unanimous,-0.0,0.016305095216507304,unanimous_correct
1490,1490,3,pituitary,3,1.0,1.0,0,3,1.0,1.0,0,3,1.0,1.0,0,0,correct_all,none,1.0,1.0,0.0,1.0,1.0,,,1,unanimous,-0.0,6.800623700189447e-05,unanimous_correct
1491,1491,3,pituitary,3,1.0,1.0,0,3,1.0,1.0,0,3,0.97265625,0.97265625,0,0,correct_all,none,0.9908854166666666,0.97265625,0.02734375,0.9908854166666666,0.97265625,,,1,unanimous,-0.0,0.014771433759992549,unanimous_correct
1492,1492,3,pituitary,3,1.0,1.0,0,3,1.0,1.0,0,3,0.9990234375,0.9990234375,0,0,correct_all,none,0.9996744791666666,0.9990234375,0.0009765625,0.9996744791666666,0.9990234375,,,1,unanimous,-0.0,0.0003984509384601341,unanimous_correct
1493,1493,3,pituitary,3,1.0,1.0,0,3,0.9970703125,0.9970703125,0,3,0.986328125,0.986328125,0,0,correct_all,none,0.9944661458333334,0.986328125,0.013671875,0.9944661458333334,0.986328125,,,1,unanimous,-0.0,0.005183285538013331,unanimous_correct
1494,1494,3,pituitary,3,1.0,1.0,0,3,1.0,1.0,0,3,0.9912109375,0.9912109375,0,0,correct_all,none,0.9970703125,0.9912109375,0.0087890625,0.9970703125,0.9912109375,,,1,unanimous,-0.0,0.004460115301432772,unanimous_correct
1495,1495,3,pituitary,3,1.0,1.0,0,3,1.0,1.0,0,3,0.9892578125,0.9892578125,0,0,correct_all,none,0.9964192708333334,0.9892578125,0.0107421875,0.9964192708333334,0.9892578125,,,1,unanimous,-0.0,0.005805304022995346,unanimous_correct
1496,1496,3,pituitary,3,1.0,1.0,0,3,1.0,1.0,0,3,1.0,1.0,0,0,correct_all,none,1.0,1.0,0.0,1.0,1.0,,,1,unanimous,-0.0,0.0001718708606670504,unanimous_correct
1497,1497,3,pituitary,1,0.68310546875,0.305908203125,1,1,0.5439453125,0.444580078125,1,0,0.8173828125,0.1712646484375,1,3,shared_failure,VGG+ResNet+EffNet,0.6814778645833334,0.5439453125,0.2734375,0.3072509765625,0.1712646484375,0.6814778645833334,0.3072509765625,2,split_2_1,0.9182958340544896,0.6350463494998141,disagreement
1498,1498,3,pituitary,3,1.0,1.0,0,3,1.0,1.0,0,3,0.998046875,0.998046875,0,0,correct_all,none,0.9993489583333334,0.998046875,0.001953125,0.9993489583333334,0.998046875,,,1,unanimous,-0.0,0.0009533349491684445,unanimous_correct
1499,1499,3,pituitary,3,1.0,1.0,0,3,1.0,1.0,0,3,0.9990234375,0.9990234375,0,0,correct_all,none,0.9996744791666666,0.9990234375,0.0009765625,0.9996744791666666,0.9990234375,,,1,unanimous,-0.0,0.00035321778139536537,unanimous_correct
1500,1500,3,pituitary,3,1.0,1.0,0,3,0.9404296875,0.9404296875,0,3,0.98828125,0.98828125,0,0,correct_all,none,0.9762369791666666,0.9404296875,0.0595703125,0.9762369791666666,0.9404296875,,,1,unanimous,-0.0,0.025366033013624473,unanimous_correct
1501,1501,3,pituitary,3,1.0,1.0,0,3,1.0,1.0,0,3,0.98388671875,0.98388671875,0,0,correct_all,none,0.99462890625,0.98388671875,0.01611328125,0.99462890625,0.98388671875,,,1,unanimous,-0.0,0.00817483531195995,unanimous_correct
1502,1502,3,pituitary,3,1.0,1.0,0,3,1.0,1.0,0,3,0.97607421875,0.97607421875,0,0,correct_all,none,0.9920247395833334,0.97607421875,0.02392578125,0.9920247395833334,0.97607421875,,,1,unanimous,-0.0,0.012344429695210025,unanimous_correct
1503,1503,3,pituitary,3,1.0,1.0,0,3,1.0,1.0,0,3,0.9990234375,0.9990234375,0,0,correct_all,none,0.9996744791666666,0.9990234375,0.0009765625,0.9996744791666666,0.9990234375,,,1,unanimous,-0.0,0.0004307628395374139,unanimous_correct
1504,1504,3,pituitary,3,1.0,1.0,0,3,1.0,1.0,0,3,0.9970703125,0.9970703125,0,0,correct_all,none,0.9990234375,0.9970703125,0.0029296875,0.9990234375,0.9970703125,,,1,unanimous,-0.0,0.0012877268385891334,unanimous_correct
1505,1505,3,pituitary,3,1.0,1.0,0,3,1.0,1.0,0,3,0.99609375,0.99609375,0,0,correct_all,none,0.9986979166666666,0.99609375,0.00390625,0.9986979166666666,0.99609375,,,1,unanimous,-0.0,0.0018102779654650021,unanimous_correct
1506,1506,3,pituitary,3,0.97509765625,0.97509765625,0,3,1.0,1.0,0,3,0.96044921875,0.96044921875,0,0,correct_all,none,0.978515625,0.96044921875,0.03955078125,0.978515625,0.96044921875,,,1,unanimous,-0.0,0.01929782754542203,unanimous_correct
1507,1507,3,pituitary,3,1.0,1.0,0,3,1.0,1.0,0,3,0.9990234375,0.9990234375,0,0,correct_all,none,0.9996744791666666,0.9990234375,0.0009765625,0.9996744791666666,0.9990234375,,,1,unanimous,-0.0,0.0006570839816007774,unanimous_correct
1508,1508,3,pituitary,3,0.9990234375,0.9990234375,0,3,1.0,1.0,0,3,0.91748046875,0.91748046875,0,0,correct_all,none,0.97216796875,0.91748046875,0.08251953125,0.97216796875,0.91748046875,,,1,unanimous,-0.0,0.04334046953642559,unanimous_correct
1509,1509,3,pituitary,3,1.0,1.0,0,3,1.0,1.0,0,3,0.998046875,0.998046875,0,0,correct_all,none,0.9993489583333334,0.998046875,0.001953125,0.9993489583333334,0.998046875,,,1,unanimous,-0.0,0.0010851802926906007,unanimous_correct
1510,1510,3,pituitary,3,1.0,1.0,0,3,1.0,1.0,0,3,0.98095703125,0.98095703125,0,0,correct_all,none,0.99365234375,0.98095703125,0.01904296875,0.99365234375,0.98095703125,,,1,unanimous,-0.0,0.009551784843569631,unanimous_correct
1511,1511,3,pituitary,3,1.0,1.0,0,3,1.0,1.0,0,3,0.9912109375,0.9912109375,0,0,correct_all,none,0.9970703125,0.9912109375,0.0087890625,0.9970703125,0.9912109375,,,1,unanimous,-0.0,0.004779056505786,unanimous_correct
1512,1512,3,pituitary,3,1.0,1.0,0,3,1.0,1.0,0,3,0.9931640625,0.9931640625,0,0,correct_all,none,0.9977213541666666,0.9931640625,0.0068359375,0.9977213541666666,0.9931640625,,,1,unanimous,-0.0,0.003199635802263349,unanimous_correct
1513,1513,3,pituitary,3,1.0,1.0,0,3,0.9990234375,0.9990234375,0,3,0.990234375,0.990234375,0,0,correct_all,none,0.9964192708333334,0.990234375,0.009765625,0.9964192708333334,0.990234375,,,1,unanimous,-0.0,0.003574561554756578,unanimous_correct
1514,1514,3,pituitary,3,1.0,1.0,0,3,1.0,1.0,0,3,0.9990234375,0.9990234375,0,0,correct_all,none,0.9996744791666666,0.9990234375,0.0009765625,0.9996744791666666,0.9990234375,,,1,unanimous,-0.0,0.0002908171219148611,unanimous_correct
1515,1515,3,pituitary,3,0.998046875,0.998046875,0,3,1.0,1.0,0,3,0.9951171875,0.9951171875,0,0,correct_all,none,0.9977213541666666,0.9951171875,0.0048828125,0.9977213541666666,0.9951171875,,,1,unanimous,-0.0,0.0018692474752626115,unanimous_correct
1516,1516,3,pituitary,3,1.0,1.0,0,3,1.0,1.0,0,3,0.9892578125,0.9892578125,0,0,correct_all,none,0.9964192708333334,0.9892578125,0.0107421875,0.9964192708333334,0.9892578125,,,1,unanimous,-0.0,0.005475628677629626,unanimous_correct
1517,1517,3,pituitary,3,1.0,1.0,0,3,1.0,1.0,0,3,0.9912109375,0.9912109375,0,0,correct_all,none,0.9970703125,0.9912109375,0.0087890625,0.9970703125,0.9912109375,,,1,unanimous,-0.0,0.003994817677275542,unanimous_correct
1518,1518,3,pituitary,3,1.0,1.0,0,3,1.0,1.0,0,3,1.0,1.0,0,0,correct_all,none,1.0,1.0,0.0,1.0,1.0,,,1,unanimous,-0.0,9.638557156312457e-05,unanimous_correct
1519,1519,3,pituitary,3,1.0,1.0,0,3,0.99609375,0.99609375,0,3,0.98291015625,0.98291015625,0,0,correct_all,none,0.9930013020833334,0.98291015625,0.01708984375,0.9930013020833334,0.98291015625,,,1,unanimous,-0.0,0.007658694105292373,unanimous_correct
1520,1520,3,pituitary,3,1.0,1.0,0,3,0.9990234375,0.9990234375,0,3,0.9990234375,0.9990234375,0,0,correct_all,none,0.9993489583333334,0.9990234375,0.0009765625,0.9993489583333334,0.9990234375,,,1,unanimous,-0.0,0.000489793494846168,unanimous_correct
1521,1521,3,pituitary,3,1.0,1.0,0,3,1.0,1.0,0,3,0.9453125,0.9453125,0,0,correct_all,none,0.9817708333333334,0.9453125,0.0546875,0.9817708333333334,0.9453125,,,1,unanimous,-0.0,0.02838107169582789,unanimous_correct
1522,1522,3,pituitary,3,1.0,1.0,0,3,1.0,1.0,0,3,0.99609375,0.99609375,0,0,correct_all,none,0.9986979166666666,0.99609375,0.00390625,0.9986979166666666,0.99609375,,,1,unanimous,-0.0,0.001953127175125153,unanimous_correct
1523,1523,3,pituitary,3,1.0,1.0,0,3,0.9990234375,0.9990234375,0,3,0.96044921875,0.96044921875,0,0,correct_all,none,0.9864908854166666,0.96044921875,0.03955078125,0.9864908854166666,0.96044921875,,,1,unanimous,-0.0,0.01964361272167517,unanimous_correct
1524,1524,3,pituitary,3,1.0,1.0,0,3,1.0,1.0,0,3,0.98095703125,0.98095703125,0,0,correct_all,none,0.99365234375,0.98095703125,0.01904296875,0.99365234375,0.98095703125,,,1,unanimous,-0.0,0.010092163435758805,unanimous_correct
1525,1525,3,pituitary,3,0.94482421875,0.94482421875,0,3,0.93701171875,0.93701171875,0,0,0.3603515625,0.341064453125,1,1,one_model_failure,EffNet,0.7473958333333334,0.3603515625,0.58447265625,0.740966796875,0.341064453125,0.3603515625,0.341064453125,2,split_2_1,0.9182958340544896,0.3133808033952483,disagreement
1526,1526,3,pituitary,3,1.0,1.0,0,3,0.9990234375,0.9990234375,0,3,0.94287109375,0.94287109375,0,0,correct_all,none,0.9806315104166666,0.94287109375,0.05712890625,0.9806315104166666,0.94287109375,,,1,unanimous,-0.0,0.028412573389999973,unanimous_correct
1527,1527,3,pituitary,3,1.0,1.0,0,3,1.0,1.0,0,3,1.0,1.0,0,0,correct_all,none,1.0,1.0,0.0,1.0,1.0,,,1,unanimous,-0.0,6.27770632178142e-05,unanimous_correct
1528,1528,3,pituitary,3,1.0,1.0,0,3,1.0,1.0,0,3,0.9912109375,0.9912109375,0,0,correct_all,none,0.9970703125,0.9912109375,0.0087890625,0.9970703125,0.9912109375,,,1,unanimous,-0.0,0.0044710937335295,unanimous_correct
1529,1529,3,pituitary,3,1.0,1.0,0,3,1.0,1.0,0,3,0.9990234375,0.9990234375,0,0,correct_all,none,0.9996744791666666,0.9990234375,0.0009765625,0.9996744791666666,0.9990234375,,,1,unanimous,-0.0,0.0004093501124311557,unanimous_correct
1530,1530,3,pituitary,3,0.9990234375,0.9990234375,0,3,1.0,1.0,0,3,0.97705078125,0.97705078125,0,0,correct_all,none,0.9920247395833334,0.97705078125,0.02294921875,0.9920247395833334,0.97705078125,,,1,unanimous,-0.0,0.010915842528342663,unanimous_correct
1531,1531,3,pituitary,3,1.0,1.0,0,3,1.0,1.0,0,3,0.9951171875,0.9951171875,0,0,correct_all,none,0.9983723958333334,0.9951171875,0.0048828125,0.9983723958333334,0.9951171875,,,1,unanimous,-0.0,0.0023565007227298457,unanimous_correct
1532,1532,3,pituitary,3,1.0,1.0,0,3,1.0,1.0,0,3,0.9892578125,0.9892578125,0,0,correct_all,none,0.9964192708333334,0.9892578125,0.0107421875,0.9964192708333334,0.9892578125,,,1,unanimous,-0.0,0.005780316505357763,unanimous_correct
1533,1533,3,pituitary,3,0.9990234375,0.9990234375,0,3,1.0,1.0,0,3,0.99609375,0.99609375,0,0,correct_all,none,0.9983723958333334,0.99609375,0.00390625,0.9983723958333334,0.99609375,,,1,unanimous,-0.0,0.0015459897431971369,unanimous_correct
1534,1534,3,pituitary,3,1.0,1.0,0,3,1.0,1.0,0,3,0.9951171875,0.9951171875,0,0,correct_all,none,0.9983723958333334,0.9951171875,0.0048828125,0.9983723958333334,0.9951171875,,,1,unanimous,-0.0,0.002175099253522411,unanimous_correct
1535,1535,3,pituitary,3,1.0,1.0,0,3,1.0,1.0,0,3,0.998046875,0.998046875,0,0,correct_all,none,0.9993489583333334,0.998046875,0.001953125,0.9993489583333334,0.998046875,,,1,unanimous,-0.0,0.0009707543900945798,unanimous_correct
1536,1536,3,pituitary,3,1.0,1.0,0,3,1.0,1.0,0,3,0.9990234375,0.9990234375,0,0,correct_all,none,0.9996744791666666,0.9990234375,0.0009765625,0.9996744791666666,0.9990234375,,,1,unanimous,-0.0,0.0005576428988208013,unanimous_correct
1537,1537,3,pituitary,3,1.0,1.0,0,3,0.9912109375,0.9912109375,0,3,0.60498046875,0.60498046875,0,0,correct_all,none,0.8653971354166666,0.60498046875,0.39501953125,0.8653971354166666,0.60498046875,,,1,unanimous,-0.0,0.22297129239694974,unanimous_correct
1538,1538,3,pituitary,3,1.0,1.0,0,3,1.0,1.0,0,3,0.998046875,0.998046875,0,0,correct_all,none,0.9993489583333334,0.998046875,0.001953125,0.9993489583333334,0.998046875,,,1,unanimous,-0.0,0.0010104941140683292,unanimous_correct
1539,1539,3,pituitary,3,1.0,1.0,0,3,1.0,1.0,0,3,0.99609375,0.99609375,0,0,correct_all,none,0.9986979166666666,0.99609375,0.00390625,0.9986979166666666,0.99609375,,,1,unanimous,-0.0,0.001809017599500029,unanimous_correct
1540,1540,3,pituitary,3,0.9990234375,0.9990234375,0,3,1.0,1.0,0,3,0.95068359375,0.95068359375,0,0,correct_all,none,0.9832356770833334,0.95068359375,0.04931640625,0.9832356770833334,0.95068359375,,,1,unanimous,-0.0,0.02519790127567001,unanimous_correct
1541,1541,3,pituitary,3,1.0,1.0,0,0,0.88330078125,0.11041259765625,1,3,0.9677734375,0.9677734375,0,1,one_model_failure,ResNet,0.9503580729166666,0.88330078125,0.11669921875,0.6927286783854166,0.11041259765625,0.88330078125,0.11041259765625,2,split_2_1,0.9182958340544896,0.671448885618098,disagreement
1542,1542,3,pituitary,3,1.0,1.0,0,3,1.0,1.0,0,3,0.98828125,0.98828125,0,0,correct_all,none,0.99609375,0.98828125,0.01171875,0.99609375,0.98828125,,,1,unanimous,-0.0,0.006329850776641319,unanimous_correct
1543,1543,3,pituitary,3,1.0,1.0,0,3,1.0,1.0,0,3,0.998046875,0.998046875,0,0,correct_all,none,0.9993489583333334,0.998046875,0.001953125,0.9993489583333334,0.998046875,,,1,unanimous,-0.0,0.0008229387316786478,unanimous_correct
1544,1544,3,pituitary,3,0.9873046875,0.9873046875,0,3,0.998046875,0.998046875,0,3,0.65380859375,0.65380859375,0,0,correct_all,none,0.8797200520833334,0.65380859375,0.34423828125,0.8797200520833334,0.65380859375,,,1,unanimous,-0.0,0.18134046949264832,unanimous_correct
1545,1545,3,pituitary,3,1.0,1.0,0,3,1.0,1.0,0,3,0.9990234375,0.9990234375,0,0,correct_all,none,0.9996744791666666,0.9990234375,0.0009765625,0.9996744791666666,0.9990234375,,,1,unanimous,-0.0,0.0005768933283862169,unanimous_correct
1546,1546,3,pituitary,3,0.998046875,0.998046875,0,3,0.97265625,0.97265625,0,3,0.8359375,0.8359375,0,0,correct_all,none,0.935546875,0.8359375,0.162109375,0.935546875,0.8359375,,,1,unanimous,-0.0,0.06392718663732422,unanimous_correct
1547,1547,3,pituitary,3,1.0,1.0,0,3,1.0,1.0,0,3,0.9970703125,0.9970703125,0,0,correct_all,none,0.9990234375,0.9970703125,0.0029296875,0.9990234375,0.9970703125,,,1,unanimous,-0.0,0.001442857439671718,unanimous_correct
1548,1548,3,pituitary,3,1.0,1.0,0,3,1.0,1.0,0,3,0.998046875,0.998046875,0,0,correct_all,none,0.9993489583333334,0.998046875,0.001953125,0.9993489583333334,0.998046875,,,1,unanimous,-0.0,0.0006504002269097009,unanimous_correct
1549,1549,3,pituitary,3,0.994140625,0.994140625,0,3,1.0,1.0,0,3,0.998046875,0.998046875,0,0,correct_all,none,0.9973958333333334,0.994140625,0.005859375,0.9973958333333334,0.994140625,,,1,unanimous,-0.0,0.002157159541188943,unanimous_correct
1550,1550,3,pituitary,3,1.0,1.0,0,3,1.0,1.0,0,3,0.9990234375,0.9990234375,0,0,correct_all,none,0.9996744791666666,0.9990234375,0.0009765625,0.9996744791666666,0.9990234375,,,1,unanimous,-0.0,0.0004840546977714394,unanimous_correct
1551,1551,3,pituitary,3,1.0,1.0,0,3,1.0,1.0,0,3,0.9970703125,0.9970703125,0,0,correct_all,none,0.9990234375,0.9970703125,0.0029296875,0.9990234375,0.9970703125,,,1,unanimous,-0.0,0.0011444374630526968,unanimous_correct
1552,1552,3,pituitary,3,1.0,1.0,0,3,0.9970703125,0.9970703125,0,3,0.97412109375,0.97412109375,0,0,correct_all,none,0.9903971354166666,0.97412109375,0.02587890625,0.9903971354166666,0.97412109375,,,1,unanimous,-0.0,0.010573556390141944,unanimous_correct
1553,1553,3,pituitary,3,1.0,1.0,0,3,1.0,1.0,0,3,0.97705078125,0.97705078125,0,0,correct_all,none,0.9923502604166666,0.97705078125,0.02294921875,0.9923502604166666,0.97705078125,,,1,unanimous,-0.0,0.011830733334440846,unanimous_correct
1554,1554,3,pituitary,3,1.0,1.0,0,3,1.0,1.0,0,3,0.986328125,0.986328125,0,0,correct_all,none,0.9954427083333334,0.986328125,0.013671875,0.9954427083333334,0.986328125,,,1,unanimous,-0.0,0.00685349080269565,unanimous_correct
1555,1555,3,pituitary,3,1.0,1.0,0,3,1.0,1.0,0,3,0.998046875,0.998046875,0,0,correct_all,none,0.9993489583333334,0.998046875,0.001953125,0.9993489583333334,0.998046875,,,1,unanimous,-0.0,0.000998978662818912,unanimous_correct
1556,1556,3,pituitary,3,1.0,1.0,0,3,1.0,1.0,0,3,0.9970703125,0.9970703125,0,0,correct_all,none,0.9990234375,0.9970703125,0.0029296875,0.9990234375,0.9970703125,,,1,unanimous,-0.0,0.0016218132281202377,unanimous_correct
1557,1557,3,pituitary,3,0.9990234375,0.9990234375,0,3,1.0,1.0,0,3,0.994140625,0.994140625,0,0,correct_all,none,0.9977213541666666,0.994140625,0.005859375,0.9977213541666666,0.994140625,,,1,unanimous,-0.0,0.0024182927690869355,unanimous_correct
1558,1558,3,pituitary,3,1.0,1.0,0,3,0.9990234375,0.9990234375,0,3,0.998046875,0.998046875,0,0,correct_all,none,0.9990234375,0.998046875,0.001953125,0.9990234375,0.998046875,,,1,unanimous,-0.0,0.0006366314944200729,unanimous_correct
1559,1559,3,pituitary,3,1.0,1.0,0,3,1.0,1.0,0,3,1.0,1.0,0,0,correct_all,none,1.0,1.0,0.0,1.0,1.0,,,1,unanimous,-0.0,0.0001552865316806467,unanimous_correct
1560,1560,3,pituitary,3,0.99609375,0.99609375,0,3,1.0,1.0,0,3,0.9482421875,0.9482421875,0,0,correct_all,none,0.9814453125,0.9482421875,0.0517578125,0.9814453125,0.9482421875,,,1,unanimous,-0.0,0.023260545131429916,unanimous_correct
1561,1561,3,pituitary,3,0.9912109375,0.9912109375,0,3,0.90625,0.90625,0,3,0.60888671875,0.60888671875,0,0,correct_all,none,0.83544921875,0.60888671875,0.38232421875,0.83544921875,0.60888671875,,,1,unanimous,-0.0,0.15192522185718715,unanimous_correct
1562,1562,3,pituitary,3,1.0,1.0,0,3,1.0,1.0,0,3,0.998046875,0.998046875,0,0,correct_all,none,0.9993489583333334,0.998046875,0.001953125,0.9993489583333334,0.998046875,,,1,unanimous,-0.0,0.0007595778547539516,unanimous_correct
1563,1563,3,pituitary,3,1.0,1.0,0,3,0.9990234375,0.9990234375,0,3,0.95947265625,0.95947265625,0,0,correct_all,none,0.9861653645833334,0.95947265625,0.04052734375,0.9861653645833334,0.95947265625,,,1,unanimous,-0.0,0.019312878813136175,unanimous_correct
1564,1564,3,pituitary,3,1.0,1.0,0,3,1.0,1.0,0,3,0.9912109375,0.9912109375,0,0,correct_all,none,0.9970703125,0.9912109375,0.0087890625,0.9970703125,0.9912109375,,,1,unanimous,-0.0,0.004541478668640211,unanimous_correct
1565,1565,3,pituitary,3,1.0,1.0,0,3,1.0,1.0,0,3,0.9990234375,0.9990234375,0,0,correct_all,none,0.9996744791666666,0.9990234375,0.0009765625,0.9996744791666666,0.9990234375,,,1,unanimous,-0.0,0.00048685040663775433,unanimous_correct
1566,1566,3,pituitary,3,1.0,1.0,0,3,1.0,1.0,0,3,0.9990234375,0.9990234375,0,0,correct_all,none,0.9996744791666666,0.9990234375,0.0009765625,0.9996744791666666,0.9990234375,,,1,unanimous,-0.0,0.00021844469222327082,unanimous_correct
1567,1567,3,pituitary,3,1.0,1.0,0,3,1.0,1.0,0,3,0.9453125,0.9453125,0,0,correct_all,none,0.9817708333333334,0.9453125,0.0546875,0.9817708333333334,0.9453125,,,1,unanimous,-0.0,0.02884532944657585,unanimous_correct
1568,1568,3,pituitary,3,0.998046875,0.998046875,0,3,1.0,1.0,0,3,0.97509765625,0.97509765625,0,0,correct_all,none,0.9910481770833334,0.97509765625,0.02490234375,0.9910481770833334,0.97509765625,,,1,unanimous,-0.0,0.011059662391683628,unanimous_correct
1569,1569,3,pituitary,3,0.99609375,0.99609375,0,3,1.0,1.0,0,3,0.95263671875,0.95263671875,0,0,correct_all,none,0.98291015625,0.95263671875,0.04736328125,0.98291015625,0.95263671875,,,1,unanimous,-0.0,0.020670279229344668,unanimous_correct
1570,1570,3,pituitary,3,1.0,1.0,0,3,1.0,1.0,0,3,0.998046875,0.998046875,0,0,correct_all,none,0.9993489583333334,0.998046875,0.001953125,0.9993489583333334,0.998046875,,,1,unanimous,-0.0,0.0010455320888870254,unanimous_correct
1571,1571,3,pituitary,3,1.0,1.0,0,3,0.8076171875,0.8076171875,0,3,0.9580078125,0.9580078125,0,0,correct_all,none,0.921875,0.8076171875,0.1923828125,0.921875,0.8076171875,,,1,unanimous,-0.0,0.07976476210141847,unanimous_correct
1572,1572,3,pituitary,3,1.0,1.0,0,3,0.998046875,0.998046875,0,3,0.99609375,0.99609375,0,0,correct_all,none,0.998046875,0.99609375,0.00390625,0.998046875,0.99609375,,,1,unanimous,-0.0,0.0012652173528751552,unanimous_correct
1573,1573,3,pituitary,3,1.0,1.0,0,3,1.0,1.0,0,3,0.9990234375,0.9990234375,0,0,correct_all,none,0.9996744791666666,0.9990234375,0.0009765625,0.9996744791666666,0.9990234375,,,1,unanimous,-0.0,0.0002719369287301678,unanimous_correct
1574,1574,3,pituitary,3,1.0,1.0,0,3,1.0,1.0,0,3,0.99609375,0.99609375,0,0,correct_all,none,0.9986979166666666,0.99609375,0.00390625,0.9986979166666666,0.99609375,,,1,unanimous,-0.0,0.0018307340127724277,unanimous_correct
1575,1575,3,pituitary,3,1.0,1.0,0,3,1.0,1.0,0,3,0.9990234375,0.9990234375,0,0,correct_all,none,0.9996744791666666,0.9990234375,0.0009765625,0.9996744791666666,0.9990234375,,,1,unanimous,-0.0,0.00037036650749115024,unanimous_correct
1576,1576,3,pituitary,3,1.0,1.0,0,3,0.998046875,0.998046875,0,3,0.98291015625,0.98291015625,0,0,correct_all,none,0.99365234375,0.98291015625,0.01708984375,0.99365234375,0.98291015625,,,1,unanimous,-0.0,0.0071489751423167505,unanimous_correct
1577,1577,3,pituitary,3,1.0,1.0,0,3,0.998046875,0.998046875,0,3,0.9990234375,0.9990234375,0,0,correct_all,none,0.9990234375,0.998046875,0.001953125,0.9990234375,0.998046875,,,1,unanimous,-0.0,0.0006560353274391098,unanimous_correct
1578,1578,3,pituitary,1,0.83544921875,0.16162109375,1,1,0.97607421875,0.0225982666015625,1,1,0.60498046875,0.252197265625,1,3,shared_failure,VGG+ResNet+EffNet,0.8055013020833334,0.60498046875,0.37109375,0.14547220865885416,0.0225982666015625,0.8055013020833334,0.14547220865885416,1,unanimous,-0.0,0.14363698666210445,unanimous_wrong
1579,1579,3,pituitary,3,0.9892578125,0.9892578125,0,3,0.994140625,0.994140625,0,3,0.7529296875,0.7529296875,0,0,correct_all,none,0.912109375,0.7529296875,0.2412109375,0.912109375,0.7529296875,,,1,unanimous,-0.0,0.11666768199047173,unanimous_correct
1580,1580,3,pituitary,3,0.9990234375,0.9990234375,0,3,0.98828125,0.98828125,0,0,0.5244140625,0.471923828125,1,1,one_model_failure,EffNet,0.8372395833333334,0.5244140625,0.474609375,0.8197428385416666,0.471923828125,0.5244140625,0.471923828125,2,split_2_1,0.9182958340544896,0.3342871230632715,disagreement
1581,1581,3,pituitary,3,0.998046875,0.998046875,0,3,1.0,1.0,0,3,0.93505859375,0.93505859375,0,0,correct_all,none,0.9777018229166666,0.93505859375,0.06494140625,0.9777018229166666,0.93505859375,,,1,unanimous,-0.0,0.03226872490011823,unanimous_correct
1582,1582,3,pituitary,3,1.0,1.0,0,3,1.0,1.0,0,3,0.9990234375,0.9990234375,0,0,correct_all,none,0.9996744791666666,0.9990234375,0.0009765625,0.9996744791666666,0.9990234375,,,1,unanimous,-0.0,0.0004801182903667661,unanimous_correct
1583,1583,3,pituitary,3,1.0,1.0,0,3,1.0,1.0,0,3,0.9970703125,0.9970703125,0,0,correct_all,none,0.9990234375,0.9970703125,0.0029296875,0.9990234375,0.9970703125,,,1,unanimous,-0.0,0.0012670369156774566,unanimous_correct
1584,1584,3,pituitary,3,0.9970703125,0.9970703125,0,3,1.0,1.0,0,3,0.9658203125,0.9658203125,0,0,correct_all,none,0.9876302083333334,0.9658203125,0.0341796875,0.9876302083333334,0.9658203125,,,1,unanimous,-0.0,0.015165016736984588,unanimous_correct
1585,1585,3,pituitary,3,1.0,1.0,0,3,0.9990234375,0.9990234375,0,3,0.9892578125,0.9892578125,0,0,correct_all,none,0.99609375,0.9892578125,0.0107421875,0.99609375,0.9892578125,,,1,unanimous,-0.0,0.004538764778903671,unanimous_correct
1586,1586,3,pituitary,3,1.0,1.0,0,3,1.0,1.0,0,3,0.8798828125,0.8798828125,0,0,correct_all,none,0.9599609375,0.8798828125,0.1201171875,0.9599609375,0.8798828125,,,1,unanimous,-0.0,0.06451146936789101,unanimous_correct
1587,1587,3,pituitary,3,1.0,1.0,0,3,1.0,1.0,0,3,0.99609375,0.99609375,0,0,correct_all,none,0.9986979166666666,0.99609375,0.00390625,0.9986979166666666,0.99609375,,,1,unanimous,-0.0,0.002208446328569487,unanimous_correct
1588,1588,3,pituitary,3,1.0,1.0,0,3,1.0,1.0,0,3,0.9921875,0.9921875,0,0,correct_all,none,0.9973958333333334,0.9921875,0.0078125,0.9973958333333334,0.9921875,,,1,unanimous,-0.0,0.00381423720594095,unanimous_correct
1589,1589,3,pituitary,3,1.0,1.0,0,3,1.0,1.0,0,3,0.994140625,0.994140625,0,0,correct_all,none,0.998046875,0.994140625,0.005859375,0.998046875,0.994140625,,,1,unanimous,-0.0,0.003211946724895786,unanimous_correct
1590,1590,3,pituitary,3,1.0,1.0,0,3,0.9970703125,0.9970703125,0,3,0.9990234375,0.9990234375,0,0,correct_all,none,0.9986979166666666,0.9970703125,0.0029296875,0.9986979166666666,0.9970703125,,,1,unanimous,-0.0,0.0007596509067631686,unanimous_correct
1591,1591,3,pituitary,3,0.9912109375,0.9912109375,0,3,0.9404296875,0.9404296875,0,3,0.97314453125,0.97314453125,0,0,correct_all,none,0.96826171875,0.9404296875,0.05078125,0.96826171875,0.9404296875,,,1,unanimous,-0.0,0.031764432114788854,unanimous_correct
1592,1592,3,pituitary,3,1.0,1.0,0,3,1.0,1.0,0,3,0.97900390625,0.97900390625,0,0,correct_all,none,0.9930013020833334,0.97900390625,0.02099609375,0.9930013020833334,0.97900390625,,,1,unanimous,-0.0,0.010358927686656944,unanimous_correct
1593,1593,3,pituitary,3,1.0,1.0,0,3,1.0,1.0,0,3,0.98828125,0.98828125,0,0,correct_all,none,0.99609375,0.98828125,0.01171875,0.99609375,0.98828125,,,1,unanimous,-0.0,0.006364950441648261,unanimous_correct
1594,1594,3,pituitary,3,0.98828125,0.98828125,0,3,0.9990234375,0.9990234375,0,3,0.8017578125,0.8017578125,0,0,correct_all,none,0.9296875,0.8017578125,0.197265625,0.9296875,0.8017578125,,,1,unanimous,-0.0,0.0991795950881253,unanimous_correct
1595,1595,3,pituitary,3,1.0,1.0,0,3,1.0,1.0,0,3,0.9951171875,0.9951171875,0,0,correct_all,none,0.9983723958333334,0.9951171875,0.0048828125,0.9983723958333334,0.9951171875,,,1,unanimous,-0.0,0.0021906962714590694,unanimous_correct
1596,1596,3,pituitary,3,1.0,1.0,0,3,1.0,1.0,0,3,1.0,1.0,0,0,correct_all,none,1.0,1.0,0.0,1.0,1.0,,,1,unanimous,-0.0,0.00015732330064428552,unanimous_correct
1597,1597,3,pituitary,3,0.9990234375,0.9990234375,0,3,0.9990234375,0.9990234375,0,3,0.97705078125,0.97705078125,0,0,correct_all,none,0.99169921875,0.97705078125,0.02197265625,0.99169921875,0.97705078125,,,1,unanimous,-0.0,0.009861580636539219,unanimous_correct
1598,1598,3,pituitary,3,1.0,1.0,0,3,1.0,1.0,0,3,0.99609375,0.99609375,0,0,correct_all,none,0.9986979166666666,0.99609375,0.00390625,0.9986979166666666,0.99609375,,,1,unanimous,-0.0,0.0018749874446280373,unanimous_correct
1599,1599,3,pituitary,3,1.0,1.0,0,3,1.0,1.0,0,3,0.998046875,0.998046875,0,0,correct_all,none,0.9993489583333334,0.998046875,0.001953125,0.9993489583333334,0.998046875,,,1,unanimous,-0.0,0.0007871669408206867,unanimous_correct
