model,coverage,risk
VGG16,0.000625,0.0
VGG16,0.00125,0.0
VGG16,0.001875,0.0
VGG16,0.0025,0.0
VGG16,0.003125,0.0
VGG16,0.00375,0.0
VGG16,0.004375,0.0
VGG16,0.005,0.0
VGG16,0.005625,0.0
VGG16,0.00625,0.0
VGG16,0.006875,0.0
VGG16,0.0075,0.08333333333333333
VGG16,0.008125,0.07692307692307693
VGG16,0.00875,0.07142857142857142
VGG16,0.009375,0.06666666666666667
VGG16,0.01,0.0625
VGG16,0.010625,0.058823529411764705
VGG16,0.01125,0.05555555555555555
VGG16,0.011875,0.05263157894736842
VGG16,0.0125,0.05
VGG16,0.013125,0.047619047619047616
VGG16,0.01375,0.045454545454545456
VGG16,0.014375,0.043478260869565216
VGG16,0.015,0.041666666666666664
VGG16,0.015625,0.04
VGG16,0.01625,0.038461538461538464
VGG16,0.016875,0.037037037037037035
VGG16,0.0175,0.07142857142857142
VGG16,0.018125,0.06896551724137931
VGG16,0.01875,0.06666666666666667
VGG16,0.019375,0.06451612903225806
VGG16,0.02,0.0625
VGG16,0.020625,0.06060606060606061
VGG16,0.02125,0.058823529411764705
VGG16,0.021875,0.05714285714285714
VGG16,0.0225,0.05555555555555555
VGG16,0.023125,0.05405405405405406
VGG16,0.02375,0.05263157894736842
VGG16,0.024375,0.05128205128205128
VGG16,0.025,0.05
VGG16,0.025625,0.04878048780487805
VGG16,0.02625,0.047619047619047616
VGG16,0.026875,0.046511627906976744
VGG16,0.0275,0.045454545454545456
VGG16,0.028125,0.044444444444444446
VGG16,0.02875,0.043478260869565216
VGG16,0.029375,0.0425531914893617
VGG16,0.03,0.041666666666666664
VGG16,0.030625,0.04081632653061224
VGG16,0.03125,0.04
VGG16,0.031875,0.0392156862745098
VGG16,0.0325,0.038461538461538464
VGG16,0.033125,0.03773584905660377
VGG16,0.03375,0.037037037037037035
VGG16,0.034375,0.03636363636363636
VGG16,0.035,0.03571428571428571
VGG16,0.035625,0.03508771929824561
VGG16,0.03625,0.034482758620689655
VGG16,0.036875,0.03389830508474576
VGG16,0.0375,0.03333333333333333
VGG16,0.038125,0.03278688524590164
VGG16,0.03875,0.03225806451612903
VGG16,0.039375,0.031746031746031744
VGG16,0.04,0.03125
VGG16,0.040625,0.03076923076923077
VGG16,0.04125,0.030303030303030304
VGG16,0.041875,0.029850746268656716
VGG16,0.0425,0.029411764705882353
VGG16,0.043125,0.028985507246376812
VGG16,0.04375,0.02857142857142857
VGG16,0.044375,0.028169014084507043
VGG16,0.045,0.027777777777777776
VGG16,0.045625,0.0273972602739726
VGG16,0.04625,0.02702702702702703
VGG16,0.046875,0.02666666666666667
VGG16,0.0475,0.02631578947368421
VGG16,0.048125,0.025974025974025976
VGG16,0.04875,0.02564102564102564
VGG16,0.049375,0.02531645569620253
VGG16,0.05,0.025
VGG16,0.050625,0.024691358024691357
VGG16,0.05125,0.036585365853658534
VGG16,0.051875,0.03614457831325301
VGG16,0.0525,0.03571428571428571
VGG16,0.053125,0.03529411764705882
VGG16,0.05375,0.03488372093023256
VGG16,0.054375,0.034482758620689655
VGG16,0.055,0.03409090909090909
VGG16,0.055625,0.033707865168539325
VGG16,0.05625,0.03333333333333333
VGG16,0.056875,0.03296703296703297
VGG16,0.0575,0.03260869565217391
VGG16,0.058125,0.03225806451612903
VGG16,0.05875,0.031914893617021274
VGG16,0.059375,0.031578947368421054
VGG16,0.06,0.03125
VGG16,0.060625,0.030927835051546393
VGG16,0.06125,0.030612244897959183
VGG16,0.061875,0.030303030303030304
VGG16,0.0625,0.03
VGG16,0.063125,0.0297029702970297
VGG16,0.06375,0.029411764705882353
VGG16,0.064375,0.02912621359223301
VGG16,0.065,0.028846153846153848
VGG16,0.065625,0.02857142857142857
VGG16,0.06625,0.02830188679245283
VGG16,0.066875,0.028037383177570093
VGG16,0.0675,0.027777777777777776
VGG16,0.068125,0.027522935779816515
VGG16,0.06875,0.02727272727272727
VGG16,0.069375,0.02702702702702703
VGG16,0.07,0.026785714285714284
VGG16,0.070625,0.02654867256637168
VGG16,0.07125,0.02631578947368421
VGG16,0.071875,0.02608695652173913
VGG16,0.0725,0.02586206896551724
VGG16,0.073125,0.02564102564102564
VGG16,0.07375,0.025423728813559324
VGG16,0.074375,0.025210084033613446
VGG16,0.075,0.025
VGG16,0.075625,0.024793388429752067
VGG16,0.07625,0.02459016393442623
VGG16,0.076875,0.024390243902439025
VGG16,0.0775,0.024193548387096774
VGG16,0.078125,0.024
VGG16,0.07875,0.023809523809523808
VGG16,0.079375,0.023622047244094488
VGG16,0.08,0.0234375
VGG16,0.080625,0.023255813953488372
VGG16,0.08125,0.023076923076923078
VGG16,0.081875,0.022900763358778626
VGG16,0.0825,0.022727272727272728
VGG16,0.083125,0.022556390977443608
VGG16,0.08375,0.022388059701492536
VGG16,0.084375,0.022222222222222223
VGG16,0.085,0.022058823529411766
VGG16,0.085625,0.021897810218978103
VGG16,0.08625,0.021739130434782608
VGG16,0.086875,0.02158273381294964
VGG16,0.0875,0.02142857142857143
VGG16,0.088125,0.02127659574468085
VGG16,0.08875,0.02112676056338028
VGG16,0.089375,0.02097902097902098
VGG16,0.09,0.020833333333333332
VGG16,0.090625,0.020689655172413793
VGG16,0.09125,0.02054794520547945
VGG16,0.091875,0.02040816326530612
VGG16,0.0925,0.02027027027027027
VGG16,0.093125,0.020134228187919462
VGG16,0.09375,0.02
VGG16,0.094375,0.019867549668874173
VGG16,0.095,0.019736842105263157
VGG16,0.095625,0.0196078431372549
VGG16,0.09625,0.01948051948051948
VGG16,0.096875,0.01935483870967742
VGG16,0.0975,0.019230769230769232
VGG16,0.098125,0.01910828025477707
VGG16,0.09875,0.0189873417721519
VGG16,0.099375,0.018867924528301886
VGG16,0.1,0.01875
VGG16,0.100625,0.018633540372670808
VGG16,0.10125,0.018518518518518517
VGG16,0.101875,0.018404907975460124
VGG16,0.1025,0.018292682926829267
VGG16,0.103125,0.024242424242424242
VGG16,0.10375,0.024096385542168676
VGG16,0.104375,0.023952095808383235
VGG16,0.105,0.023809523809523808
VGG16,0.105625,0.023668639053254437
VGG16,0.10625,0.023529411764705882
VGG16,0.106875,0.023391812865497075
VGG16,0.1075,0.023255813953488372
VGG16,0.108125,0.023121387283236993
VGG16,0.10875,0.022988505747126436
VGG16,0.109375,0.022857142857142857
VGG16,0.11,0.022727272727272728
VGG16,0.110625,0.022598870056497175
VGG16,0.11125,0.02247191011235955
VGG16,0.111875,0.0223463687150838
VGG16,0.1125,0.022222222222222223
VGG16,0.113125,0.022099447513812154
VGG16,0.11375,0.02197802197802198
VGG16,0.114375,0.02185792349726776
VGG16,0.115,0.021739130434782608
VGG16,0.115625,0.021621621621621623
VGG16,0.11625,0.021505376344086023
VGG16,0.116875,0.0213903743315508
VGG16,0.1175,0.02127659574468085
VGG16,0.118125,0.021164021164021163
VGG16,0.11875,0.021052631578947368
VGG16,0.119375,0.020942408376963352
VGG16,0.12,0.020833333333333332
VGG16,0.120625,0.02072538860103627
VGG16,0.12125,0.020618556701030927
VGG16,0.121875,0.020512820512820513
VGG16,0.1225,0.02040816326530612
VGG16,0.123125,0.02030456852791878
VGG16,0.12375,0.020202020202020204
VGG16,0.124375,0.020100502512562814
VGG16,0.125,0.02
VGG16,0.125625,0.01990049751243781
VGG16,0.12625,0.019801980198019802
VGG16,0.126875,0.019704433497536946
VGG16,0.1275,0.0196078431372549
VGG16,0.128125,0.01951219512195122
VGG16,0.12875,0.019417475728155338
VGG16,0.129375,0.01932367149758454
VGG16,0.13,0.019230769230769232
VGG16,0.130625,0.019138755980861243
VGG16,0.13125,0.01904761904761905
VGG16,0.131875,0.018957345971563982
VGG16,0.1325,0.018867924528301886
VGG16,0.133125,0.018779342723004695
VGG16,0.13375,0.018691588785046728
VGG16,0.134375,0.018604651162790697
VGG16,0.135,0.018518518518518517
VGG16,0.135625,0.018433179723502304
VGG16,0.13625,0.01834862385321101
VGG16,0.136875,0.0182648401826484
VGG16,0.1375,0.01818181818181818
VGG16,0.138125,0.01809954751131222
VGG16,0.13875,0.018018018018018018
VGG16,0.139375,0.017937219730941704
VGG16,0.14,0.017857142857142856
VGG16,0.140625,0.017777777777777778
VGG16,0.14125,0.017699115044247787
VGG16,0.141875,0.01762114537444934
VGG16,0.1425,0.017543859649122806
VGG16,0.143125,0.017467248908296942
VGG16,0.14375,0.017391304347826087
VGG16,0.144375,0.017316017316017316
VGG16,0.145,0.017241379310344827
VGG16,0.145625,0.017167381974248927
VGG16,0.14625,0.017094017094017096
VGG16,0.146875,0.01702127659574468
VGG16,0.1475,0.01694915254237288
VGG16,0.148125,0.016877637130801686
VGG16,0.14875,0.01680672268907563
VGG16,0.149375,0.016736401673640166
VGG16,0.15,0.016666666666666666
VGG16,0.150625,0.016597510373443983
VGG16,0.15125,0.01652892561983471
VGG16,0.151875,0.01646090534979424
VGG16,0.1525,0.01639344262295082
VGG16,0.153125,0.0163265306122449
VGG16,0.15375,0.016260162601626018
VGG16,0.154375,0.016194331983805668
VGG16,0.155,0.016129032258064516
VGG16,0.155625,0.01606425702811245
VGG16,0.15625,0.016
VGG16,0.156875,0.01593625498007968
VGG16,0.1575,0.015873015873015872
VGG16,0.158125,0.015810276679841896
VGG16,0.15875,0.015748031496062992
VGG16,0.159375,0.01568627450980392
VGG16,0.16,0.015625
VGG16,0.160625,0.019455252918287938
VGG16,0.16125,0.01937984496124031
VGG16,0.161875,0.019305019305019305
VGG16,0.1625,0.019230769230769232
VGG16,0.163125,0.019157088122605363
VGG16,0.16375,0.019083969465648856
VGG16,0.164375,0.019011406844106463
VGG16,0.165,0.01893939393939394
VGG16,0.165625,0.018867924528301886
VGG16,0.16625,0.018796992481203006
VGG16,0.166875,0.018726591760299626
VGG16,0.1675,0.018656716417910446
VGG16,0.168125,0.01858736059479554
VGG16,0.16875,0.018518518518518517
VGG16,0.169375,0.01845018450184502
VGG16,0.17,0.01838235294117647
VGG16,0.170625,0.018315018315018316
VGG16,0.17125,0.01824817518248175
VGG16,0.171875,0.01818181818181818
VGG16,0.1725,0.018115942028985508
VGG16,0.173125,0.018050541516245487
VGG16,0.17375,0.017985611510791366
VGG16,0.174375,0.017921146953405017
VGG16,0.175,0.017857142857142856
VGG16,0.175625,0.017793594306049824
VGG16,0.17625,0.01773049645390071
VGG16,0.176875,0.0176678445229682
VGG16,0.1775,0.017605633802816902
VGG16,0.178125,0.017543859649122806
VGG16,0.17875,0.017482517482517484
VGG16,0.179375,0.017421602787456445
VGG16,0.18,0.017361111111111112
VGG16,0.180625,0.01730103806228374
VGG16,0.18125,0.017241379310344827
VGG16,0.181875,0.01718213058419244
VGG16,0.1825,0.017123287671232876
VGG16,0.183125,0.017064846416382253
VGG16,0.18375,0.017006802721088437
VGG16,0.184375,0.01694915254237288
VGG16,0.185,0.016891891891891893
VGG16,0.185625,0.016835016835016835
VGG16,0.18625,0.016778523489932886
VGG16,0.186875,0.016722408026755852
VGG16,0.1875,0.016666666666666666
VGG16,0.188125,0.016611295681063124
VGG16,0.18875,0.016556291390728478
VGG16,0.189375,0.0165016501650165
VGG16,0.19,0.01644736842105263
VGG16,0.190625,0.01639344262295082
VGG16,0.19125,0.016339869281045753
VGG16,0.191875,0.016286644951140065
VGG16,0.1925,0.016233766233766232
VGG16,0.193125,0.016181229773462782
VGG16,0.19375,0.016129032258064516
VGG16,0.194375,0.01607717041800643
VGG16,0.195,0.016025641025641024
VGG16,0.195625,0.01597444089456869
VGG16,0.19625,0.01592356687898089
VGG16,0.196875,0.015873015873015872
VGG16,0.1975,0.015822784810126583
VGG16,0.198125,0.015772870662460567
VGG16,0.19875,0.015723270440251572
VGG16,0.199375,0.01567398119122257
VGG16,0.2,0.015625
VGG16,0.200625,0.01557632398753894
VGG16,0.20125,0.015527950310559006
VGG16,0.201875,0.015479876160990712
VGG16,0.2025,0.015432098765432098
VGG16,0.203125,0.015384615384615385
VGG16,0.20375,0.015337423312883436
VGG16,0.204375,0.01529051987767584
VGG16,0.205,0.01524390243902439
VGG16,0.205625,0.015197568389057751
VGG16,0.20625,0.015151515151515152
VGG16,0.206875,0.015105740181268883
VGG16,0.2075,0.015060240963855422
VGG16,0.208125,0.015015015015015015
VGG16,0.20875,0.014970059880239521
VGG16,0.209375,0.014925373134328358
VGG16,0.21,0.01488095238095238
VGG16,0.210625,0.01483679525222552
VGG16,0.21125,0.014792899408284023
VGG16,0.211875,0.014749262536873156
VGG16,0.2125,0.014705882352941176
VGG16,0.213125,0.01466275659824047
VGG16,0.21375,0.014619883040935672
VGG16,0.214375,0.014577259475218658
VGG16,0.215,0.014534883720930232
VGG16,0.215625,0.014492753623188406
VGG16,0.21625,0.014450867052023121
VGG16,0.216875,0.01440922190201729
VGG16,0.2175,0.014367816091954023
VGG16,0.218125,0.014326647564469915
VGG16,0.21875,0.014285714285714285
VGG16,0.219375,0.014245014245014245
VGG16,0.22,0.014204545454545454
VGG16,0.220625,0.014164305949008499
VGG16,0.22125,0.014124293785310734
VGG16,0.221875,0.014084507042253521
VGG16,0.2225,0.014044943820224719
VGG16,0.223125,0.014005602240896359
VGG16,0.22375,0.013966480446927373
VGG16,0.224375,0.013927576601671309
VGG16,0.225,0.013888888888888888
VGG16,0.225625,0.013850415512465374
VGG16,0.22625,0.013812154696132596
VGG16,0.226875,0.013774104683195593
VGG16,0.2275,0.013736263736263736
VGG16,0.228125,0.0136986301369863
VGG16,0.22875,0.01366120218579235
VGG16,0.229375,0.013623978201634877
VGG16,0.23,0.01358695652173913
VGG16,0.230625,0.013550135501355014
VGG16,0.23125,0.013513513513513514
VGG16,0.231875,0.013477088948787063
VGG16,0.2325,0.013440860215053764
VGG16,0.233125,0.013404825737265416
VGG16,0.23375,0.013368983957219251
VGG16,0.234375,0.013333333333333334
VGG16,0.235,0.013297872340425532
VGG16,0.235625,0.013262599469496022
VGG16,0.23625,0.013227513227513227
VGG16,0.236875,0.013192612137203167
VGG16,0.2375,0.013157894736842105
VGG16,0.238125,0.013123359580052493
VGG16,0.23875,0.013089005235602094
VGG16,0.239375,0.013054830287206266
VGG16,0.24,0.013020833333333334
VGG16,0.240625,0.012987012987012988
VGG16,0.24125,0.012953367875647668
VGG16,0.241875,0.012919896640826873
VGG16,0.2425,0.01288659793814433
VGG16,0.243125,0.012853470437017995
VGG16,0.24375,0.01282051282051282
VGG16,0.244375,0.01278772378516624
VGG16,0.245,0.012755102040816327
VGG16,0.245625,0.01272264631043257
VGG16,0.24625,0.012690355329949238
VGG16,0.246875,0.012658227848101266
VGG16,0.2475,0.012626262626262626
VGG16,0.248125,0.012594458438287154
VGG16,0.24875,0.01256281407035176
VGG16,0.249375,0.012531328320802004
VGG16,0.25,0.0125
VGG16,0.250625,0.012468827930174564
VGG16,0.25125,0.012437810945273632
VGG16,0.251875,0.01240694789081886
VGG16,0.2525,0.012376237623762377
VGG16,0.253125,0.012345679012345678
VGG16,0.25375,0.012315270935960592
VGG16,0.254375,0.012285012285012284
VGG16,0.255,0.012254901960784314
VGG16,0.255625,0.012224938875305624
VGG16,0.25625,0.012195121951219513
VGG16,0.256875,0.012165450121654502
VGG16,0.2575,0.012135922330097087
VGG16,0.258125,0.012106537530266344
VGG16,0.25875,0.012077294685990338
VGG16,0.259375,0.012048192771084338
VGG16,0.26,0.01201923076923077
VGG16,0.260625,0.011990407673860911
VGG16,0.26125,0.011961722488038277
VGG16,0.261875,0.011933174224343675
VGG16,0.2625,0.011904761904761904
VGG16,0.263125,0.011876484560570071
VGG16,0.26375,0.011848341232227487
VGG16,0.264375,0.01182033096926714
VGG16,0.265,0.01179245283018868
VGG16,0.265625,0.011764705882352941
VGG16,0.26625,0.011737089201877934
VGG16,0.266875,0.0117096018735363
VGG16,0.2675,0.011682242990654205
VGG16,0.268125,0.011655011655011656
VGG16,0.26875,0.011627906976744186
VGG16,0.269375,0.01160092807424594
VGG16,0.27,0.011574074074074073
VGG16,0.270625,0.011547344110854504
VGG16,0.27125,0.01152073732718894
VGG16,0.271875,0.011494252873563218
VGG16,0.2725,0.011467889908256881
VGG16,0.273125,0.011441647597254004
VGG16,0.27375,0.01141552511415525
VGG16,0.274375,0.011389521640091117
VGG16,0.275,0.011363636363636364
VGG16,0.275625,0.011337868480725623
VGG16,0.27625,0.011312217194570135
VGG16,0.276875,0.011286681715575621
VGG16,0.2775,0.01126126126126126
VGG16,0.278125,0.011235955056179775
VGG16,0.27875,0.011210762331838564
VGG16,0.279375,0.011185682326621925
VGG16,0.28,0.011160714285714286
VGG16,0.280625,0.011135857461024499
VGG16,0.28125,0.011111111111111112
VGG16,0.281875,0.011086474501108648
VGG16,0.2825,0.011061946902654867
VGG16,0.283125,0.011037527593818985
VGG16,0.28375,0.011013215859030838
VGG16,0.284375,0.01098901098901099
VGG16,0.285,0.010964912280701754
VGG16,0.285625,0.010940919037199124
VGG16,0.28625,0.010917030567685589
VGG16,0.286875,0.010893246187363835
VGG16,0.2875,0.010869565217391304
VGG16,0.288125,0.010845986984815618
VGG16,0.28875,0.010822510822510822
VGG16,0.289375,0.01079913606911447
VGG16,0.29,0.010775862068965518
VGG16,0.290625,0.010752688172043012
VGG16,0.29125,0.01072961373390558
VGG16,0.291875,0.010706638115631691
VGG16,0.2925,0.010683760683760684
VGG16,0.293125,0.010660980810234541
VGG16,0.29375,0.010638297872340425
VGG16,0.294375,0.010615711252653927
VGG16,0.295,0.01059322033898305
VGG16,0.295625,0.010570824524312896
VGG16,0.29625,0.010548523206751054
VGG16,0.296875,0.010526315789473684
VGG16,0.2975,0.01050420168067227
VGG16,0.298125,0.010482180293501049
VGG16,0.29875,0.012552301255230125
VGG16,0.299375,0.012526096033402923
VGG16,0.3,0.0125
VGG16,0.300625,0.012474012474012475
VGG16,0.30125,0.012448132780082987
VGG16,0.301875,0.012422360248447204
VGG16,0.3025,0.012396694214876033
VGG16,0.303125,0.012371134020618556
VGG16,0.30375,0.012345679012345678
VGG16,0.304375,0.012320328542094456
VGG16,0.305,0.012295081967213115
VGG16,0.305625,0.012269938650306749
VGG16,0.30625,0.012244897959183673
VGG16,0.306875,0.012219959266802444
VGG16,0.3075,0.012195121951219513
VGG16,0.308125,0.012170385395537525
VGG16,0.30875,0.012145748987854251
VGG16,0.309375,0.012121212121212121
VGG16,0.31,0.012096774193548387
VGG16,0.310625,0.012072434607645875
VGG16,0.31125,0.012048192771084338
VGG16,0.311875,0.012024048096192385
VGG16,0.3125,0.012
VGG16,0.313125,0.011976047904191617
VGG16,0.31375,0.01195219123505976
VGG16,0.314375,0.011928429423459244
VGG16,0.315,0.011904761904761904
VGG16,0.315625,0.011881188118811881
VGG16,0.31625,0.011857707509881422
VGG16,0.316875,0.011834319526627219
VGG16,0.3175,0.011811023622047244
VGG16,0.318125,0.011787819253438114
VGG16,0.31875,0.011764705882352941
VGG16,0.319375,0.011741682974559686
VGG16,0.32,0.01171875
VGG16,0.320625,0.011695906432748537
VGG16,0.32125,0.013618677042801557
VGG16,0.321875,0.013592233009708738
VGG16,0.3225,0.013565891472868217
VGG16,0.323125,0.013539651837524178
VGG16,0.32375,0.013513513513513514
VGG16,0.324375,0.01348747591522158
VGG16,0.325,0.013461538461538462
VGG16,0.325625,0.013435700575815739
VGG16,0.32625,0.013409961685823755
VGG16,0.326875,0.01338432122370937
VGG16,0.3275,0.013358778625954198
VGG16,0.328125,0.013333333333333334
VGG16,0.32875,0.013307984790874524
VGG16,0.329375,0.013282732447817837
VGG16,0.33,0.013257575757575758
VGG16,0.330625,0.013232514177693762
VGG16,0.33125,0.013207547169811321
VGG16,0.331875,0.013182674199623353
VGG16,0.3325,0.013157894736842105
VGG16,0.333125,0.013133208255159476
VGG16,0.33375,0.013108614232209739
VGG16,0.334375,0.013084112149532711
VGG16,0.335,0.013059701492537313
VGG16,0.335625,0.01303538175046555
VGG16,0.33625,0.013011152416356878
VGG16,0.336875,0.012987012987012988
VGG16,0.3375,0.012962962962962963
VGG16,0.338125,0.012939001848428836
VGG16,0.33875,0.012915129151291513
VGG16,0.339375,0.01289134438305709
VGG16,0.34,0.012867647058823529
VGG16,0.340625,0.012844036697247707
VGG16,0.34125,0.01282051282051282
VGG16,0.341875,0.012797074954296161
VGG16,0.3425,0.012773722627737226
VGG16,0.343125,0.012750455373406194
VGG16,0.34375,0.012727272727272728
VGG16,0.344375,0.012704174228675136
VGG16,0.345,0.012681159420289856
VGG16,0.345625,0.012658227848101266
VGG16,0.34625,0.01263537906137184
VGG16,0.346875,0.012612612612612612
VGG16,0.3475,0.012589928057553957
VGG16,0.348125,0.012567324955116697
VGG16,0.34875,0.012544802867383513
VGG16,0.349375,0.012522361359570662
VGG16,0.35,0.0125
VGG16,0.350625,0.012477718360071301
VGG16,0.35125,0.012455516014234875
VGG16,0.351875,0.012433392539964476
VGG16,0.3525,0.012411347517730497
VGG16,0.353125,0.012389380530973451
VGG16,0.35375,0.012367491166077738
VGG16,0.354375,0.012345679012345678
VGG16,0.355,0.01232394366197183
VGG16,0.355625,0.012302284710017574
VGG16,0.35625,0.012280701754385965
VGG16,0.356875,0.012259194395796848
VGG16,0.3575,0.012237762237762238
VGG16,0.358125,0.012216404886561954
VGG16,0.35875,0.012195121951219513
VGG16,0.359375,0.01217391304347826
VGG16,0.36,0.012152777777777778
VGG16,0.360625,0.012131715771230503
VGG16,0.36125,0.012110726643598616
VGG16,0.361875,0.012089810017271158
VGG16,0.3625,0.01206896551724138
VGG16,0.363125,0.012048192771084338
VGG16,0.36375,0.012027491408934709
VGG16,0.364375,0.012006861063464836
VGG16,0.365,0.011986301369863013
VGG16,0.365625,0.011965811965811967
VGG16,0.36625,0.011945392491467578
VGG16,0.366875,0.01192504258943782
VGG16,0.3675,0.011904761904761904
VGG16,0.368125,0.011884550084889643
VGG16,0.36875,0.011864406779661017
VGG16,0.369375,0.011844331641285956
VGG16,0.37,0.011824324324324325
VGG16,0.370625,0.011804384485666104
VGG16,0.37125,0.011784511784511785
VGG16,0.371875,0.011764705882352941
VGG16,0.3725,0.01174496644295302
VGG16,0.373125,0.011725293132328308
VGG16,0.37375,0.011705685618729096
VGG16,0.374375,0.011686143572621035
VGG16,0.375,0.011666666666666667
VGG16,0.375625,0.011647254575707155
VGG16,0.37625,0.011627906976744186
VGG16,0.376875,0.011608623548922056
VGG16,0.3775,0.011589403973509934
VGG16,0.378125,0.011570247933884297
VGG16,0.37875,0.01155115511551155
VGG16,0.379375,0.011532125205930808
VGG16,0.38,0.011513157894736841
VGG16,0.380625,0.011494252873563218
VGG16,0.38125,0.011475409836065573
VGG16,0.381875,0.011456628477905073
VGG16,0.3825,0.011437908496732025
VGG16,0.383125,0.011419249592169658
VGG16,0.38375,0.011400651465798045
VGG16,0.384375,0.011382113821138212
VGG16,0.385,0.011363636363636364
VGG16,0.385625,0.011345218800648298
VGG16,0.38625,0.011326860841423949
VGG16,0.386875,0.011308562197092083
VGG16,0.3875,0.01129032258064516
VGG16,0.388125,0.011272141706924315
VGG16,0.38875,0.011254019292604502
VGG16,0.389375,0.011235955056179775
VGG16,0.39,0.011217948717948718
VGG16,0.390625,0.0112
VGG16,0.39125,0.011182108626198083
VGG16,0.391875,0.011164274322169059
VGG16,0.3925,0.011146496815286623
VGG16,0.393125,0.011128775834658187
VGG16,0.39375,0.011111111111111112
VGG16,0.394375,0.011093502377179081
VGG16,0.395,0.011075949367088608
VGG16,0.395625,0.011058451816745656
VGG16,0.39625,0.011041009463722398
VGG16,0.396875,0.011023622047244094
VGG16,0.3975,0.0110062893081761
VGG16,0.398125,0.01098901098901099
VGG16,0.39875,0.0109717868338558
VGG16,0.399375,0.010954616588419406
VGG16,0.4,0.0109375
VGG16,0.400625,0.0109204368174727
VGG16,0.40125,0.010903426791277258
VGG16,0.401875,0.01088646967340591
VGG16,0.4025,0.010869565217391304
VGG16,0.403125,0.010852713178294573
VGG16,0.40375,0.010835913312693499
VGG16,0.404375,0.010819165378670788
VGG16,0.405,0.010802469135802469
VGG16,0.405625,0.01078582434514638
VGG16,0.40625,0.010769230769230769
VGG16,0.406875,0.010752688172043012
VGG16,0.4075,0.010736196319018405
VGG16,0.408125,0.010719754977029096
VGG16,0.40875,0.010703363914373088
VGG16,0.409375,0.010687022900763359
VGG16,0.41,0.010670731707317074
VGG16,0.410625,0.0106544901065449
VGG16,0.41125,0.010638297872340425
VGG16,0.411875,0.010622154779969651
VGG16,0.4125,0.010606060606060607
VGG16,0.413125,0.01059001512859304
VGG16,0.41375,0.010574018126888218
VGG16,0.414375,0.010558069381598794
VGG16,0.415,0.010542168674698794
VGG16,0.415625,0.010526315789473684
VGG16,0.41625,0.010510510510510511
VGG16,0.416875,0.010494752623688156
VGG16,0.4175,0.010479041916167664
VGG16,0.418125,0.01046337817638266
VGG16,0.41875,0.010447761194029851
VGG16,0.419375,0.010432190760059613
VGG16,0.42,0.010416666666666666
VGG16,0.420625,0.010401188707280832
VGG16,0.42125,0.010385756676557863
VGG16,0.421875,0.01037037037037037
VGG16,0.4225,0.010355029585798817
VGG16,0.423125,0.0103397341211226
VGG16,0.42375,0.01032448377581121
VGG16,0.424375,0.010309278350515464
VGG16,0.425,0.010294117647058823
VGG16,0.425625,0.010279001468428781
VGG16,0.42625,0.010263929618768328
VGG16,0.426875,0.010248901903367497
VGG16,0.4275,0.01023391812865497
VGG16,0.428125,0.010218978102189781
VGG16,0.42875,0.01020408163265306
VGG16,0.429375,0.010189228529839884
VGG16,0.43,0.010174418604651164
VGG16,0.430625,0.010159651669085631
VGG16,0.43125,0.010144927536231883
VGG16,0.431875,0.010130246020260492
VGG16,0.4325,0.010115606936416185
VGG16,0.433125,0.010101010101010102
VGG16,0.43375,0.010086455331412104
VGG16,0.434375,0.010071942446043165
VGG16,0.435,0.010057471264367816
VGG16,0.435625,0.010043041606886656
VGG16,0.43625,0.01002865329512894
VGG16,0.436875,0.010014306151645207
VGG16,0.4375,0.01
VGG16,0.438125,0.009985734664764621
VGG16,0.43875,0.009971509971509971
VGG16,0.439375,0.00995732574679943
VGG16,0.44,0.009943181818181818
VGG16,0.440625,0.009929078014184398
VGG16,0.44125,0.009915014164305949
VGG16,0.441875,0.009900990099009901
VGG16,0.4425,0.009887005649717515
VGG16,0.443125,0.009873060648801129
VGG16,0.44375,0.009859154929577466
VGG16,0.444375,0.009845288326300985
VGG16,0.445,0.009831460674157303
VGG16,0.445625,0.009817671809256662
VGG16,0.44625,0.00980392156862745
VGG16,0.446875,0.009790209790209791
VGG16,0.4475,0.009776536312849162
VGG16,0.448125,0.009762900976290097
VGG16,0.44875,0.009749303621169917
VGG16,0.449375,0.009735744089012517
VGG16,0.45,0.009722222222222222
VGG16,0.450625,0.009708737864077669
VGG16,0.45125,0.009695290858725761
VGG16,0.451875,0.009681881051175657
VGG16,0.4525,0.009668508287292817
VGG16,0.453125,0.009655172413793104
VGG16,0.45375,0.009641873278236915
VGG16,0.454375,0.009628610729023384
VGG16,0.455,0.009615384615384616
VGG16,0.455625,0.009602194787379973
VGG16,0.45625,0.009589041095890411
VGG16,0.456875,0.009575923392612859
VGG16,0.4575,0.009562841530054645
VGG16,0.458125,0.009549795361527967
VGG16,0.45875,0.009536784741144414
VGG16,0.459375,0.009523809523809525
VGG16,0.46,0.009510869565217392
VGG16,0.460625,0.009497964721845319
VGG16,0.46125,0.009485094850948509
VGG16,0.461875,0.009472259810554804
VGG16,0.4625,0.00945945945945946
VGG16,0.463125,0.009446693657219974
VGG16,0.46375,0.009433962264150943
VGG16,0.464375,0.009421265141318977
VGG16,0.465,0.009408602150537635
VGG16,0.465625,0.009395973154362415
VGG16,0.46625,0.00938337801608579
VGG16,0.466875,0.009370816599732263
VGG16,0.4675,0.009358288770053475
VGG16,0.468125,0.009345794392523364
VGG16,0.46875,0.009333333333333334
VGG16,0.469375,0.009320905459387484
VGG16,0.47,0.009308510638297872
VGG16,0.470625,0.009296148738379814
VGG16,0.47125,0.009283819628647215
VGG16,0.471875,0.009271523178807948
VGG16,0.4725,0.009259259259259259
VGG16,0.473125,0.009247027741083224
VGG16,0.47375,0.009234828496042216
VGG16,0.474375,0.00922266139657444
VGG16,0.475,0.009210526315789473
VGG16,0.475625,0.009198423127463863
VGG16,0.47625,0.009186351706036745
VGG16,0.476875,0.010484927916120577
VGG16,0.4775,0.010471204188481676
VGG16,0.478125,0.01045751633986928
VGG16,0.47875,0.010443864229765013
VGG16,0.479375,0.010430247718383311
VGG16,0.48,0.010416666666666666
VGG16,0.480625,0.010403120936280884
VGG16,0.48125,0.01038961038961039
VGG16,0.481875,0.010376134889753566
VGG16,0.4825,0.010362694300518135
VGG16,0.483125,0.01034928848641656
VGG16,0.48375,0.0103359173126615
VGG16,0.484375,0.01032258064516129
VGG16,0.485,0.010309278350515464
VGG16,0.485625,0.010296010296010296
VGG16,0.48625,0.010282776349614395
VGG16,0.486875,0.010269576379974325
VGG16,0.4875,0.010256410256410256
VGG16,0.488125,0.010243277848911651
VGG16,0.48875,0.010230179028132993
VGG16,0.489375,0.010217113665389528
VGG16,0.49,0.01020408163265306
VGG16,0.490625,0.01019108280254777
VGG16,0.49125,0.010178117048346057
VGG16,0.491875,0.010165184243964422
VGG16,0.4925,0.01015228426395939
VGG16,0.493125,0.010139416983523447
VGG16,0.49375,0.010126582278481013
VGG16,0.494375,0.010113780025284451
VGG16,0.495,0.010101010101010102
VGG16,0.495625,0.01008827238335435
VGG16,0.49625,0.010075566750629723
VGG16,0.496875,0.010062893081761006
VGG16,0.4975,0.010050251256281407
VGG16,0.498125,0.010037641154328732
VGG16,0.49875,0.011278195488721804
VGG16,0.499375,0.011264080100125156
VGG16,0.5,0.01125
VGG16,0.500625,0.011235955056179775
VGG16,0.50125,0.011221945137157107
VGG16,0.501875,0.0112079701120797
VGG16,0.5025,0.011194029850746268
VGG16,0.503125,0.011180124223602485
VGG16,0.50375,0.011166253101736972
VGG16,0.504375,0.011152416356877323
VGG16,0.505,0.011138613861386138
VGG16,0.505625,0.011124845488257108
VGG16,0.50625,0.011111111111111112
VGG16,0.506875,0.011097410604192354
VGG16,0.5075,0.011083743842364532
VGG16,0.508125,0.01107011070110701
VGG16,0.50875,0.011056511056511056
VGG16,0.509375,0.011042944785276074
VGG16,0.51,0.011029411764705883
VGG16,0.510625,0.011015911872705019
VGG16,0.51125,0.011002444987775062
VGG16,0.511875,0.01098901098901099
VGG16,0.5125,0.01097560975609756
VGG16,0.513125,0.010962241169305725
VGG16,0.51375,0.010948905109489052
VGG16,0.514375,0.010935601458080195
VGG16,0.515,0.010922330097087379
VGG16,0.515625,0.01090909090909091
VGG16,0.51625,0.010895883777239709
VGG16,0.516875,0.010882708585247884
VGG16,0.5175,0.010869565217391304
VGG16,0.518125,0.010856453558504222
VGG16,0.51875,0.010843373493975903
VGG16,0.519375,0.010830324909747292
VGG16,0.52,0.010817307692307692
VGG16,0.520625,0.010804321728691477
VGG16,0.52125,0.01079136690647482
VGG16,0.521875,0.010778443113772455
VGG16,0.5225,0.01076555023923445
VGG16,0.523125,0.010752688172043012
VGG16,0.52375,0.010739856801909307
VGG16,0.524375,0.010727056019070322
VGG16,0.525,0.010714285714285714
VGG16,0.525625,0.01070154577883472
VGG16,0.52625,0.011876484560570071
VGG16,0.526875,0.011862396204033215
VGG16,0.5275,0.011848341232227487
VGG16,0.528125,0.011834319526627219
VGG16,0.52875,0.01182033096926714
VGG16,0.529375,0.011806375442739079
VGG16,0.53,0.01179245283018868
VGG16,0.530625,0.011778563015312132
VGG16,0.53125,0.011764705882352941
VGG16,0.531875,0.011750881316098707
VGG16,0.5325,0.011737089201877934
VGG16,0.533125,0.011723329425556858
VGG16,0.53375,0.0117096018735363
VGG16,0.534375,0.011695906432748537
VGG16,0.535,0.011682242990654205
VGG16,0.535625,0.012835472578763127
VGG16,0.53625,0.01282051282051282
VGG16,0.536875,0.013969732246798603
VGG16,0.5375,0.013953488372093023
VGG16,0.538125,0.013937282229965157
VGG16,0.53875,0.013921113689095127
VGG16,0.539375,0.013904982618771726
VGG16,0.54,0.013888888888888888
VGG16,0.540625,0.013872832369942197
VGG16,0.54125,0.013856812933025405
VGG16,0.541875,0.01384083044982699
VGG16,0.5425,0.013824884792626729
VGG16,0.543125,0.01380897583429229
VGG16,0.54375,0.013793103448275862
VGG16,0.544375,0.013777267508610792
VGG16,0.545,0.013761467889908258
VGG16,0.545625,0.013745704467353952
VGG16,0.54625,0.013729977116704805
VGG16,0.546875,0.013714285714285714
VGG16,0.5475,0.0136986301369863
VGG16,0.548125,0.013683010262257697
VGG16,0.54875,0.01366742596810934
VGG16,0.549375,0.013651877133105802
VGG16,0.55,0.013636363636363636
VGG16,0.550625,0.01362088535754824
VGG16,0.55125,0.013605442176870748
VGG16,0.551875,0.013590033975084938
VGG16,0.5525,0.013574660633484163
VGG16,0.553125,0.013559322033898305
VGG16,0.55375,0.013544018058690745
VGG16,0.554375,0.013528748590755355
VGG16,0.555,0.013513513513513514
VGG16,0.555625,0.013498312710911136
VGG16,0.55625,0.01348314606741573
VGG16,0.556875,0.013468013468013467
VGG16,0.5575,0.013452914798206279
VGG16,0.558125,0.013437849944008958
VGG16,0.55875,0.013422818791946308
VGG16,0.559375,0.013407821229050279
VGG16,0.56,0.013392857142857142
VGG16,0.560625,0.013377926421404682
VGG16,0.56125,0.013363028953229399
VGG16,0.561875,0.013348164627363738
VGG16,0.5625,0.013333333333333334
VGG16,0.563125,0.013318534961154272
VGG16,0.56375,0.013303769401330377
VGG16,0.564375,0.013289036544850499
VGG16,0.565,0.01327433628318584
VGG16,0.565625,0.013259668508287293
VGG16,0.56625,0.013245033112582781
VGG16,0.566875,0.013230429988974642
VGG16,0.5675,0.013215859030837005
VGG16,0.568125,0.013201320132013201
VGG16,0.56875,0.013186813186813187
VGG16,0.569375,0.013172338090010977
VGG16,0.57,0.013157894736842105
VGG16,0.570625,0.013143483023001095
VGG16,0.57125,0.01312910284463895
VGG16,0.571875,0.013114754098360656
VGG16,0.5725,0.013100436681222707
VGG16,0.573125,0.013086150490730643
VGG16,0.57375,0.013071895424836602
VGG16,0.574375,0.013057671381936888
VGG16,0.575,0.013043478260869565
VGG16,0.575625,0.013029315960912053
VGG16,0.57625,0.013015184381778741
VGG16,0.576875,0.013001083423618635
VGG16,0.5775,0.012987012987012988
VGG16,0.578125,0.012972972972972972
VGG16,0.57875,0.012958963282937365
VGG16,0.579375,0.012944983818770227
VGG16,0.58,0.01293103448275862
VGG16,0.580625,0.012917115177610334
VGG16,0.58125,0.012903225806451613
VGG16,0.581875,0.01288936627282492
VGG16,0.5825,0.012875536480686695
VGG16,0.583125,0.012861736334405145
VGG16,0.58375,0.01284796573875803
VGG16,0.584375,0.012834224598930482
VGG16,0.585,0.01282051282051282
VGG16,0.585625,0.012806830309498399
VGG16,0.58625,0.01279317697228145
VGG16,0.586875,0.012779552715654952
VGG16,0.5875,0.01276595744680851
VGG16,0.588125,0.012752391073326248
VGG16,0.58875,0.012738853503184714
VGG16,0.589375,0.012725344644750796
VGG16,0.59,0.012711864406779662
VGG16,0.590625,0.012698412698412698
VGG16,0.59125,0.012684989429175475
VGG16,0.591875,0.012671594508975714
VGG16,0.5925,0.012658227848101266
VGG16,0.593125,0.012644889357218124
VGG16,0.59375,0.01263157894736842
VGG16,0.594375,0.012618296529968454
VGG16,0.595,0.012605042016806723
VGG16,0.595625,0.012591815320041973
VGG16,0.59625,0.012578616352201259
VGG16,0.596875,0.012565445026178011
VGG16,0.5975,0.012552301255230125
VGG16,0.598125,0.012539184952978056
VGG16,0.59875,0.012526096033402923
VGG16,0.599375,0.01251303441084463
VGG16,0.6,0.0125
VGG16,0.600625,0.012486992715920915
VGG16,0.60125,0.012474012474012475
VGG16,0.601875,0.012461059190031152
VGG16,0.6025,0.012448132780082987
VGG16,0.603125,0.012435233160621761
VGG16,0.60375,0.012422360248447204
VGG16,0.604375,0.012409513960703205
VGG16,0.605,0.012396694214876033
VGG16,0.605625,0.01238390092879257
VGG16,0.60625,0.012371134020618556
VGG16,0.606875,0.012358393408856848
VGG16,0.6075,0.012345679012345678
VGG16,0.608125,0.012332990750256937
VGG16,0.60875,0.012320328542094456
VGG16,0.609375,0.012307692307692308
VGG16,0.61,0.012295081967213115
VGG16,0.610625,0.012282497441146366
VGG16,0.61125,0.012269938650306749
VGG16,0.611875,0.012257405515832482
VGG16,0.6125,0.012244897959183673
VGG16,0.613125,0.012232415902140673
VGG16,0.61375,0.012219959266802444
VGG16,0.614375,0.012207527975584944
VGG16,0.615,0.012195121951219513
VGG16,0.615625,0.012182741116751269
VGG16,0.61625,0.012170385395537525
VGG16,0.616875,0.0121580547112462
VGG16,0.6175,0.012145748987854251
VGG16,0.618125,0.012133468149646108
VGG16,0.61875,0.012121212121212121
VGG16,0.619375,0.012108980827447022
VGG16,0.62,0.012096774193548387
VGG16,0.620625,0.012084592145015106
VGG16,0.62125,0.012072434607645875
VGG16,0.621875,0.012060301507537688
VGG16,0.6225,0.012048192771084338
VGG16,0.623125,0.012036108324974924
VGG16,0.62375,0.012024048096192385
VGG16,0.624375,0.012012012012012012
VGG16,0.625,0.012
VGG16,0.625625,0.011988011988011988
VGG16,0.62625,0.011976047904191617
VGG16,0.626875,0.011964107676969093
VGG16,0.6275,0.01195219123505976
VGG16,0.628125,0.011940298507462687
VGG16,0.62875,0.011928429423459244
VGG16,0.629375,0.011916583912611719
VGG16,0.63,0.011904761904761904
VGG16,0.630625,0.011892963330029732
VGG16,0.63125,0.011881188118811881
VGG16,0.631875,0.011869436201780416
VGG16,0.6325,0.011857707509881422
VGG16,0.633125,0.011846001974333662
VGG16,0.63375,0.011834319526627219
VGG16,0.634375,0.011822660098522168
VGG16,0.635,0.011811023622047244
VGG16,0.635625,0.011799410029498525
VGG16,0.63625,0.011787819253438114
VGG16,0.636875,0.011776251226692836
VGG16,0.6375,0.011764705882352941
VGG16,0.638125,0.011753183153770812
VGG16,0.63875,0.011741682974559686
VGG16,0.639375,0.011730205278592375
VGG16,0.64,0.01171875
VGG16,0.640625,0.011707317073170732
VGG16,0.64125,0.011695906432748537
VGG16,0.641875,0.011684518013631937
VGG16,0.6425,0.011673151750972763
VGG16,0.643125,0.011661807580174927
VGG16,0.64375,0.011650485436893204
VGG16,0.644375,0.011639185257032008
VGG16,0.645,0.011627906976744186
VGG16,0.645625,0.011616650532429816
VGG16,0.64625,0.01160541586073501
VGG16,0.646875,0.011594202898550725
VGG16,0.6475,0.011583011583011582
VGG16,0.648125,0.011571841851494697
VGG16,0.64875,0.011560693641618497
VGG16,0.649375,0.011549566891241578
VGG16,0.65,0.011538461538461539
VGG16,0.650625,0.011527377521613832
VGG16,0.65125,0.011516314779270634
VGG16,0.651875,0.011505273250239693
VGG16,0.6525,0.011494252873563218
VGG16,0.653125,0.011483253588516746
VGG16,0.65375,0.011472275334608031
VGG16,0.654375,0.011461318051575931
VGG16,0.655,0.011450381679389313
VGG16,0.655625,0.012392755004766444
VGG16,0.65625,0.012380952380952381
VGG16,0.656875,0.012369172216936251
VGG16,0.6575,0.012357414448669201
VGG16,0.658125,0.012345679012345678
VGG16,0.65875,0.012333965844402278
VGG16,0.659375,0.012322274881516588
VGG16,0.66,0.01231060606060606
VGG16,0.660625,0.01229895931882687
VGG16,0.66125,0.012287334593572778
VGG16,0.661875,0.012275731822474031
VGG16,0.6625,0.013207547169811321
VGG16,0.663125,0.013195098963242224
VGG16,0.66375,0.013182674199623353
VGG16,0.664375,0.01317027281279398
VGG16,0.665,0.013157894736842105
VGG16,0.665625,0.013145539906103286
VGG16,0.66625,0.013133208255159476
VGG16,0.666875,0.013120899718837863
VGG16,0.6675,0.013108614232209739
VGG16,0.668125,0.013096351730589336
VGG16,0.66875,0.013084112149532711
VGG16,0.669375,0.013071895424836602
VGG16,0.67,0.013059701492537313
VGG16,0.670625,0.0130475302889096
VGG16,0.67125,0.01303538175046555
VGG16,0.671875,0.013023255813953489
VGG16,0.6725,0.013011152416356878
VGG16,0.673125,0.012999071494893221
VGG16,0.67375,0.013914656771799629
VGG16,0.674375,0.013901760889712697
VGG16,0.675,0.013888888888888888
VGG16,0.675625,0.013876040703052728
VGG16,0.67625,0.013863216266173753
VGG16,0.676875,0.013850415512465374
VGG16,0.6775,0.013837638376383764
VGG16,0.678125,0.013824884792626729
VGG16,0.67875,0.013812154696132596
VGG16,0.679375,0.013799448022079117
VGG16,0.68,0.013786764705882353
VGG16,0.680625,0.013774104683195593
VGG16,0.68125,0.013761467889908258
VGG16,0.681875,0.013748854262144821
VGG16,0.6825,0.013736263736263736
VGG16,0.683125,0.013723696248856358
VGG16,0.68375,0.013711151736745886
VGG16,0.684375,0.0136986301369863
VGG16,0.685,0.013686131386861315
VGG16,0.685625,0.013673655423883319
VGG16,0.68625,0.01366120218579235
VGG16,0.686875,0.01364877161055505
VGG16,0.6875,0.013636363636363636
VGG16,0.688125,0.013623978201634877
VGG16,0.68875,0.013611615245009074
VGG16,0.689375,0.013599274705349048
VGG16,0.69,0.01358695652173913
VGG16,0.690625,0.014479638009049774
VGG16,0.69125,0.015370705244122965
VGG16,0.691875,0.015356820234869015
VGG16,0.6925,0.015342960288808664
VGG16,0.693125,0.015329125338142471
VGG16,0.69375,0.015315315315315315
VGG16,0.694375,0.0153015301530153
VGG16,0.695,0.015287769784172662
VGG16,0.695625,0.015274034141958671
VGG16,0.69625,0.01526032315978456
VGG16,0.696875,0.015246636771300448
VGG16,0.6975,0.015232974910394265
VGG16,0.698125,0.01521933751119069
VGG16,0.69875,0.01520572450805009
VGG16,0.699375,0.01519213583556747
VGG16,0.7,0.015178571428571428
VGG16,0.700625,0.015165031222123104
VGG16,0.70125,0.015151515151515152
VGG16,0.701875,0.015138023152270703
VGG16,0.7025,0.015124555160142349
VGG16,0.703125,0.015111111111111112
VGG16,0.70375,0.015097690941385435
VGG16,0.704375,0.015084294587400177
VGG16,0.705,0.015070921985815602
VGG16,0.705625,0.015057573073516387
VGG16,0.70625,0.01504424778761062
VGG16,0.706875,0.015030946065428824
VGG16,0.7075,0.015017667844522967
VGG16,0.708125,0.01500441306266549
VGG16,0.70875,0.014991181657848324
VGG16,0.709375,0.014977973568281937
VGG16,0.71,0.014964788732394365
VGG16,0.710625,0.014951627088830254
VGG16,0.71125,0.014938488576449912
VGG16,0.711875,0.014925373134328358
VGG16,0.7125,0.014912280701754385
VGG16,0.713125,0.014899211218229623
VGG16,0.71375,0.0148861646234676
VGG16,0.714375,0.014873140857392825
VGG16,0.715,0.01486013986013986
VGG16,0.715625,0.014847161572052401
VGG16,0.71625,0.014834205933682374
VGG16,0.716875,0.014821272885789015
VGG16,0.7175,0.014808362369337979
VGG16,0.718125,0.014795474325500435
VGG16,0.71875,0.014782608695652174
VGG16,0.719375,0.014769765421372719
VGG16,0.72,0.014756944444444444
VGG16,0.720625,0.014744145706851692
VGG16,0.72125,0.014731369150779897
VGG16,0.721875,0.01471861471861472
VGG16,0.7225,0.014705882352941176
VGG16,0.723125,0.014693171996542784
VGG16,0.72375,0.01468048359240069
VGG16,0.724375,0.014667817083692839
VGG16,0.725,0.014655172413793103
VGG16,0.725625,0.014642549526270457
VGG16,0.72625,0.014629948364888123
VGG16,0.726875,0.014617368873602751
VGG16,0.7275,0.014604810996563574
VGG16,0.728125,0.014592274678111588
VGG16,0.72875,0.014579759862778732
VGG16,0.729375,0.01456726649528706
VGG16,0.73,0.014554794520547944
VGG16,0.730625,0.01454234388366125
VGG16,0.73125,0.01452991452991453
VGG16,0.731875,0.014517506404782237
VGG16,0.7325,0.014505119453924915
VGG16,0.733125,0.014492753623188406
VGG16,0.73375,0.014480408858603067
VGG16,0.734375,0.01446808510638298
VGG16,0.735,0.01445578231292517
VGG16,0.735625,0.014443500424808835
VGG16,0.73625,0.014431239388794566
VGG16,0.736875,0.015267175572519083
VGG16,0.7375,0.015254237288135594
VGG16,0.738125,0.015241320914479255
VGG16,0.73875,0.015228426395939087
VGG16,0.739375,0.015215553677092139
VGG16,0.74,0.016047297297297296
VGG16,0.740625,0.016033755274261603
VGG16,0.74125,0.016020236087689713
VGG16,0.741875,0.016006739679865205
VGG16,0.7425,0.015993265993265993
VGG16,0.743125,0.0159798149705635
VGG16,0.74375,0.015966386554621848
VGG16,0.744375,0.01595298068849706
VGG16,0.745,0.015939597315436243
VGG16,0.745625,0.01592623637887678
VGG16,0.74625,0.015912897822445562
VGG16,0.746875,0.015899581589958158
VGG16,0.7475,0.01588628762541806
VGG16,0.748125,0.015873015873015872
VGG16,0.74875,0.015859766277128547
VGG16,0.749375,0.0158465387823186
VGG16,0.75,0.015833333333333335
VGG16,0.750625,0.01582014987510408
VGG16,0.75125,0.015806988352745424
VGG16,0.751875,0.015793848711554447
VGG16,0.7525,0.015780730897009966
VGG16,0.753125,0.015767634854771784
VGG16,0.75375,0.015754560530679935
VGG16,0.754375,0.015741507870753936
VGG16,0.755,0.015728476821192054
VGG16,0.755625,0.015715467328370553
VGG16,0.75625,0.015702479338842976
VGG16,0.756875,0.01568951279933939
VGG16,0.7575,0.015676567656765675
VGG16,0.758125,0.015663643858202802
VGG16,0.75875,0.015650741350906095
VGG16,0.759375,0.015637860082304528
VGG16,0.76,0.015625
VGG16,0.760625,0.015612161051766639
VGG16,0.76125,0.015599343185550082
VGG16,0.761875,0.015586546349466776
VGG16,0.7625,0.01557377049180328
VGG16,0.763125,0.015561015561015561
VGG16,0.76375,0.015548281505728314
VGG16,0.764375,0.01553556827473426
VGG16,0.765,0.015522875816993464
VGG16,0.765625,0.015510204081632653
VGG16,0.76625,0.015497553017944535
VGG16,0.766875,0.016299918500407497
VGG16,0.7675,0.016286644951140065
VGG16,0.768125,0.01708706265256306
VGG16,0.76875,0.01707317073170732
VGG16,0.769375,0.017059301380991064
VGG16,0.77,0.017045454545454544
VGG16,0.770625,0.0170316301703163
VGG16,0.77125,0.017017828200972446
VGG16,0.771875,0.01700404858299595
VGG16,0.7725,0.01699029126213592
VGG16,0.773125,0.016976556184316895
VGG16,0.77375,0.016962843295638127
VGG16,0.774375,0.01694915254237288
VGG16,0.775,0.016935483870967744
VGG16,0.775625,0.016921837228041903
VGG16,0.77625,0.016908212560386472
VGG16,0.776875,0.016894609814963796
VGG16,0.7775,0.016881028938906754
VGG16,0.778125,0.016867469879518072
VGG16,0.77875,0.01765650080256822
VGG16,0.779375,0.01764234161988773
VGG16,0.78,0.017628205128205128
VGG16,0.780625,0.017614091273018415
VGG16,0.78125,0.0176
VGG16,0.781875,0.017585931254996003
VGG16,0.7825,0.01757188498402556
VGG16,0.783125,0.017557861133280128
VGG16,0.78375,0.017543859649122806
VGG16,0.784375,0.01752988047808765
VGG16,0.785,0.01751592356687898
VGG16,0.785625,0.017501988862370723
VGG16,0.78625,0.017488076311605722
VGG16,0.786875,0.017474185861795076
VGG16,0.7875,0.01746031746031746
VGG16,0.788125,0.017446471054718478
VGG16,0.78875,0.018225039619651346
VGG16,0.789375,0.018210609659540775
VGG16,0.79,0.01819620253164557
VGG16,0.790625,0.01818181818181818
VGG16,0.79125,0.018167456556082148
VGG16,0.791875,0.018153117600631413
VGG16,0.7925,0.01892744479495268
VGG16,0.793125,0.018912529550827423
VGG16,0.79375,0.01889763779527559
VGG16,0.794375,0.01888276947285602
VGG16,0.795,0.018867924528301886
VGG16,0.795625,0.018853102906520033
VGG16,0.79625,0.018838304552590265
VGG16,0.796875,0.018823529411764704
VGG16,0.7975,0.018808777429467086
VGG16,0.798125,0.018794048551292093
VGG16,0.79875,0.018779342723004695
VGG16,0.799375,0.018764659890539485
VGG16,0.8,0.01953125
VGG16,0.800625,0.0195160031225605
VGG16,0.80125,0.01950078003120125
VGG16,0.801875,0.019485580670303974
VGG16,0.8025,0.019470404984423675
VGG16,0.803125,0.019455252918287938
VGG16,0.80375,0.019440124416796267
VGG16,0.804375,0.019425019425019424
VGG16,0.805,0.019409937888198756
VGG16,0.805625,0.019394879751745538
VGG16,0.80625,0.01937984496124031
VGG16,0.806875,0.019364833462432222
VGG16,0.8075,0.01934984520123839
VGG16,0.808125,0.019334880123743233
VGG16,0.80875,0.019319938176197836
VGG16,0.809375,0.019305019305019305
VGG16,0.81,0.019290123456790122
VGG16,0.810625,0.020046260601387818
VGG16,0.81125,0.020030816640986132
VGG16,0.811875,0.020015396458814474
VGG16,0.8125,0.02
VGG16,0.813125,0.019984627209838585
VGG16,0.81375,0.019969278033794162
VGG16,0.814375,0.019953952417498082
VGG16,0.815,0.019938650306748466
VGG16,0.815625,0.01992337164750958
VGG16,0.81625,0.019908116385911178
VGG16,0.816875,0.019892884468247895
VGG16,0.8175,0.020642201834862386
VGG16,0.818125,0.0213903743315508
VGG16,0.81875,0.021374045801526718
VGG16,0.819375,0.02135774218154081
VGG16,0.82,0.021341463414634148
VGG16,0.820625,0.021325209444021324
VGG16,0.82125,0.0213089802130898
VGG16,0.821875,0.02129277566539924
VGG16,0.8225,0.02127659574468085
VGG16,0.823125,0.02126044039483675
VGG16,0.82375,0.021244309559939303
VGG16,0.824375,0.02122820318423048
VGG16,0.825,0.021212121212121213
VGG16,0.825625,0.021196063588190765
VGG16,0.82625,0.02118003025718608
VGG16,0.826875,0.021164021164021163
VGG16,0.8275,0.021148036253776436
VGG16,0.828125,0.021132075471698115
VGG16,0.82875,0.021116138763197588
VGG16,0.829375,0.02185380557648832
VGG16,0.83,0.021837349397590362
VGG16,0.830625,0.0218209179834462
VGG16,0.83125,0.02180451127819549
VGG16,0.831875,0.021788129226145755
VGG16,0.8325,0.02177177177177177
VGG16,0.833125,0.02175543885971493
VGG16,0.83375,0.021739130434782608
VGG16,0.834375,0.021722846441947566
VGG16,0.835,0.021706586826347306
VGG16,0.835625,0.02169035153328347
VGG16,0.83625,0.021674140508221227
VGG16,0.836875,0.021657953696788648
VGG16,0.8375,0.02164179104477612
VGG16,0.838125,0.02162565249813572
VGG16,0.83875,0.021609538002980627
VGG16,0.839375,0.021593447505584513
VGG16,0.84,0.021577380952380952
VGG16,0.840625,0.021561338289962824
VGG16,0.84125,0.022288261515601784
VGG16,0.841875,0.022271714922048998
VGG16,0.8425,0.02225519287833828
VGG16,0.843125,0.02223869532987398
VGG16,0.84375,0.022222222222222223
VGG16,0.844375,0.02220577350111029
VGG16,0.845,0.022189349112426034
VGG16,0.845625,0.022172949002217297
VGG16,0.84625,0.022156573116691284
VGG16,0.846875,0.02214022140221402
VGG16,0.8475,0.022123893805309734
VGG16,0.848125,0.02210759027266028
VGG16,0.84875,0.022091310751104567
VGG16,0.849375,0.02207505518763797
VGG16,0.85,0.022058823529411766
VGG16,0.850625,0.02204261572373255
VGG16,0.85125,0.022026431718061675
VGG16,0.851875,0.022010271460014674
VGG16,0.8525,0.021994134897360705
VGG16,0.853125,0.02197802197802198
VGG16,0.85375,0.021961932650073207
VGG16,0.854375,0.021945866861741038
VGG16,0.855,0.021929824561403508
VGG16,0.855625,0.02191380569758948
VGG16,0.85625,0.021897810218978103
VGG16,0.856875,0.02188183807439825
VGG16,0.8575,0.02259475218658892
VGG16,0.858125,0.022578295702840496
VGG16,0.85875,0.022561863173216887
VGG16,0.859375,0.022545454545454546
VGG16,0.86,0.02252906976744186
VGG16,0.860625,0.023238925199709513
VGG16,0.86125,0.023222060957910014
VGG16,0.861875,0.023930384336475707
VGG16,0.8625,0.02391304347826087
VGG16,0.863125,0.02389572773352643
VGG16,0.86375,0.023878437047756874
VGG16,0.864375,0.02386117136659436
VGG16,0.865,0.02384393063583815
VGG16,0.865625,0.02454873646209386
VGG16,0.86625,0.024531024531024532
VGG16,0.866875,0.024513338139870222
VGG16,0.8675,0.024495677233429394
VGG16,0.868125,0.024478041756659467
VGG16,0.86875,0.025179856115107913
VGG16,0.869375,0.02516175413371675
VGG16,0.87,0.02514367816091954
VGG16,0.870625,0.02512562814070352
VGG16,0.87125,0.025107604017216643
VGG16,0.871875,0.025806451612903226
VGG16,0.8725,0.025787965616045846
VGG16,0.873125,0.026485325697924122
VGG16,0.87375,0.026466380543633764
VGG16,0.874375,0.02644746247319514
VGG16,0.875,0.02642857142857143
VGG16,0.875625,0.026409707351891507
VGG16,0.87625,0.026390870185449358
VGG16,0.876875,0.026372059871703494
VGG16,0.8775,0.027065527065527065
VGG16,0.878125,0.02704626334519573
VGG16,0.87875,0.02702702702702703
VGG16,0.879375,0.02700781805259417
VGG16,0.88,0.026988636363636364
VGG16,0.880625,0.0269694819020582
VGG16,0.88125,0.02695035460992908
VGG16,0.881875,0.026931254429482635
VGG16,0.8825,0.026912181303116147
VGG16,0.883125,0.02689313517338995
VGG16,0.88375,0.026874115983026876
VGG16,0.884375,0.02685512367491166
VGG16,0.885,0.026836158192090395
VGG16,0.885625,0.026817219477769938
VGG16,0.88625,0.02679830747531735
VGG16,0.886875,0.026779422128259338
VGG16,0.8875,0.027464788732394368
VGG16,0.888125,0.02744546094299789
VGG16,0.88875,0.027426160337552744
VGG16,0.889375,0.027406886858749122
VGG16,0.89,0.027387640449438203
VGG16,0.890625,0.02736842105263158
VGG16,0.89125,0.0273492286115007
VGG16,0.891875,0.027330063069376315
VGG16,0.8925,0.0273109243697479
VGG16,0.893125,0.02729181245626312
VGG16,0.89375,0.027972027972027972
VGG16,0.894375,0.0286512928022362
VGG16,0.895,0.029329608938547486
VGG16,0.895625,0.02930914166085136
VGG16,0.89625,0.029288702928870293
VGG16,0.896875,0.02926829268292683
VGG16,0.8975,0.02924791086350975
VGG16,0.898125,0.029227557411273485
VGG16,0.89875,0.02920723226703755
VGG16,0.899375,0.029186935371785964
VGG16,0.9,0.029166666666666667
VGG16,0.900625,0.02914642609299098
VGG16,0.90125,0.02912621359223301
VGG16,0.901875,0.029106029106029108
VGG16,0.9025,0.029085872576177285
VGG16,0.903125,0.02975778546712803
VGG16,0.90375,0.029737206085753802
VGG16,0.904375,0.029716655148583276
VGG16,0.905,0.029696132596685083
VGG16,0.905625,0.03036576949620428
VGG16,0.90625,0.030344827586206897
VGG16,0.906875,0.030323914541695383
VGG16,0.9075,0.030303030303030304
VGG16,0.908125,0.030282174810736407
VGG16,0.90875,0.030261348005502064
VGG16,0.909375,0.030240549828178694
VGG16,0.91,0.03021978021978022
VGG16,0.910625,0.03088538091969801
VGG16,0.91125,0.03155006858710562
VGG16,0.911875,0.03221384509938314
VGG16,0.9125,0.03219178082191781
VGG16,0.913125,0.03216974674880219
VGG16,0.91375,0.032147742818057455
VGG16,0.914375,0.03212576896787423
VGG16,0.915,0.03278688524590164
VGG16,0.915625,0.032764505119453925
VGG16,0.91625,0.03342428376534789
VGG16,0.916875,0.033401499659168374
VGG16,0.9175,0.03337874659400545
VGG16,0.918125,0.033356024506466984
VGG16,0.91875,0.03333333333333333
VGG16,0.919375,0.03331067301155676
VGG16,0.92,0.03328804347826087
VGG16,0.920625,0.03326544467073999
VGG16,0.92125,0.03324287652645862
VGG16,0.921875,0.033220338983050844
VGG16,0.9225,0.03319783197831978
VGG16,0.923125,0.03317535545023697
VGG16,0.92375,0.033152909336941816
VGG16,0.924375,0.03313049357674104
VGG16,0.925,0.03310810810810811
VGG16,0.925625,0.03308575286968265
VGG16,0.92625,0.033063427800269905
VGG16,0.926875,0.033041132838840186
VGG16,0.9275,0.0330188679245283
VGG16,0.928125,0.032996632996632996
VGG16,0.92875,0.03297442799461642
VGG16,0.929375,0.03295225285810356
VGG16,0.93,0.03293010752688172
VGG16,0.930625,0.03290799194089993
VGG16,0.93125,0.03355704697986577
VGG16,0.931875,0.03420523138832998
VGG16,0.9325,0.03418230563002681
VGG16,0.933125,0.03415941058271936
VGG16,0.93375,0.03480589022757698
VGG16,0.934375,0.034782608695652174
VGG16,0.935,0.034759358288770054
VGG16,0.935625,0.035404141616566465
VGG16,0.93625,0.035380507343124167
VGG16,0.936875,0.035356904603068715
VGG16,0.9375,0.035333333333333335
VGG16,0.938125,0.03530979347101932
VGG16,0.93875,0.035286284953395475
VGG16,0.939375,0.03526280771789754
VGG16,0.94,0.03523936170212766
VGG16,0.940625,0.03521594684385382
VGG16,0.94125,0.0351925630810093
VGG16,0.941875,0.035169210351692105
VGG16,0.9425,0.03580901856763926
VGG16,0.943125,0.03578528827037773
VGG16,0.94375,0.03576158940397351
VGG16,0.944375,0.0357379219060225
VGG16,0.945,0.036375661375661374
VGG16,0.945625,0.036351619299405155
VGG16,0.94625,0.03632760898282695
VGG16,0.946875,0.036963696369636964
VGG16,0.9475,0.036939313984168866
VGG16,0.948125,0.037574159525379035
VGG16,0.94875,0.037549407114624504
VGG16,0.949375,0.037524687294272545
VGG16,0.95,0.0375
VGG16,0.950625,0.03747534516765286
VGG16,0.95125,0.03810775295663601
VGG16,0.951875,0.038739330269205514
VGG16,0.9525,0.03871391076115486
VGG16,0.953125,0.038688524590163934
VGG16,0.95375,0.039318479685452164
VGG16,0.954375,0.03929273084479371
VGG16,0.955,0.03926701570680628
VGG16,0.955625,0.03924133420536298
VGG16,0.95625,0.03986928104575163
VGG16,0.956875,0.040496407576747225
VGG16,0.9575,0.04046997389033943
VGG16,0.958125,0.04044357469015003
VGG16,0.95875,0.04106910039113429
VGG16,0.959375,0.04169381107491857
VGG16,0.96,0.042317708333333336
VGG16,0.960625,0.04294079375406636
VGG16,0.96125,0.04291287386215865
VGG16,0.961875,0.043534762833008445
VGG16,0.9625,0.04415584415584416
VGG16,0.963125,0.04477611940298507
VGG16,0.96375,0.04474708171206226
VGG16,0.964375,0.04471808165910564
VGG16,0.965,0.044689119170984455
VGG16,0.965625,0.04466019417475728
VGG16,0.96625,0.045278137128072445
VGG16,0.966875,0.04524886877828054
VGG16,0.9675,0.0458656330749354
VGG16,0.968125,0.046481601032924466
VGG16,0.96875,0.04709677419354839
VGG16,0.969375,0.04771115409413282
VGG16,0.97,0.04768041237113402
VGG16,0.970625,0.04764971023824855
VGG16,0.97125,0.04826254826254826
VGG16,0.971875,0.04887459807073955
VGG16,0.9725,0.04948586118251928
VGG16,0.973125,0.04945407835581246
VGG16,0.97375,0.05006418485237484
VGG16,0.974375,0.05067350865939705
VGG16,0.975,0.05128205128205128
VGG16,0.975625,0.05124919923126201
VGG16,0.97625,0.051856594110115235
VGG16,0.976875,0.05182341650671785
VGG16,0.9775,0.05179028132992328
VGG16,0.978125,0.0523961661341853
VGG16,0.97875,0.05300127713920817
VGG16,0.979375,0.053605615826419914
VGG16,0.98,0.054209183673469385
VGG16,0.980625,0.05417463352453792
VGG16,0.98125,0.054140127388535034
VGG16,0.981875,0.0547422024188415
VGG16,0.9825,0.054707379134860054
VGG16,0.983125,0.05467260012714558
VGG16,0.98375,0.054637865311308764
VGG16,0.984375,0.05523809523809524
VGG16,0.985,0.05583756345177665
VGG16,0.985625,0.05643627140139505
VGG16,0.98625,0.057034220532319393
VGG16,0.986875,0.05763141228625712
VGG16,0.9875,0.05822784810126582
VGG16,0.988125,0.058191018342821
VGG16,0.98875,0.05815423514538559
VGG16,0.989375,0.05811749842072015
VGG16,0.99,0.058712121212121215
VGG16,0.990625,0.05930599369085174
VGG16,0.99125,0.05989911727616646
VGG16,0.991875,0.05986137366099559
VGG16,0.9925,0.060453400503778336
VGG16,0.993125,0.06041535556954059
VGG16,0.99375,0.0610062893081761
VGG16,0.994375,0.061596480201131364
VGG16,0.995,0.062185929648241205
VGG16,0.995625,0.06277463904582549
VGG16,0.99625,0.06336260978670012
VGG16,0.996875,0.06394984326018809
VGG16,0.9975,0.06390977443609022
VGG16,0.998125,0.06449592986850344
VGG16,0.99875,0.06508135168961202
VGG16,0.999375,0.06504065040650407
VGG16,1.0,0.065625
ResNet50,0.000625,0.0
ResNet50,0.00125,0.0
ResNet50,0.001875,0.0
ResNet50,0.0025,0.0
ResNet50,0.003125,0.0
ResNet50,0.00375,0.0
ResNet50,0.004375,0.0
ResNet50,0.005,0.0
ResNet50,0.005625,0.0
ResNet50,0.00625,0.0
ResNet50,0.006875,0.0
ResNet50,0.0075,0.0
ResNet50,0.008125,0.0
ResNet50,0.00875,0.0
ResNet50,0.009375,0.0
ResNet50,0.01,0.0
ResNet50,0.010625,0.0
ResNet50,0.01125,0.0
ResNet50,0.011875,0.0
ResNet50,0.0125,0.0
ResNet50,0.013125,0.0
ResNet50,0.01375,0.0
ResNet50,0.014375,0.0
ResNet50,0.015,0.0
ResNet50,0.015625,0.0
ResNet50,0.01625,0.0
ResNet50,0.016875,0.0
ResNet50,0.0175,0.0
ResNet50,0.018125,0.0
ResNet50,0.01875,0.0
ResNet50,0.019375,0.0
ResNet50,0.02,0.0
ResNet50,0.020625,0.0
ResNet50,0.02125,0.0
ResNet50,0.021875,0.0
ResNet50,0.0225,0.0
ResNet50,0.023125,0.0
ResNet50,0.02375,0.0
ResNet50,0.024375,0.0
ResNet50,0.025,0.0
ResNet50,0.025625,0.0
ResNet50,0.02625,0.0
ResNet50,0.026875,0.0
ResNet50,0.0275,0.0
ResNet50,0.028125,0.0
ResNet50,0.02875,0.0
ResNet50,0.029375,0.0
ResNet50,0.03,0.0
ResNet50,0.030625,0.0
ResNet50,0.03125,0.0
ResNet50,0.031875,0.0
ResNet50,0.0325,0.0
ResNet50,0.033125,0.0
ResNet50,0.03375,0.0
ResNet50,0.034375,0.0
ResNet50,0.035,0.0
ResNet50,0.035625,0.0
ResNet50,0.03625,0.0
ResNet50,0.036875,0.0
ResNet50,0.0375,0.0
ResNet50,0.038125,0.0
ResNet50,0.03875,0.0
ResNet50,0.039375,0.0
ResNet50,0.04,0.0
ResNet50,0.040625,0.0
ResNet50,0.04125,0.0
ResNet50,0.041875,0.0
ResNet50,0.0425,0.0
ResNet50,0.043125,0.0
ResNet50,0.04375,0.0
ResNet50,0.044375,0.014084507042253521
ResNet50,0.045,0.013888888888888888
ResNet50,0.045625,0.0136986301369863
ResNet50,0.04625,0.013513513513513514
ResNet50,0.046875,0.013333333333333334
ResNet50,0.0475,0.013157894736842105
ResNet50,0.048125,0.012987012987012988
ResNet50,0.04875,0.01282051282051282
ResNet50,0.049375,0.012658227848101266
ResNet50,0.05,0.0125
ResNet50,0.050625,0.012345679012345678
ResNet50,0.05125,0.012195121951219513
ResNet50,0.051875,0.012048192771084338
ResNet50,0.0525,0.011904761904761904
ResNet50,0.053125,0.011764705882352941
ResNet50,0.05375,0.011627906976744186
ResNet50,0.054375,0.011494252873563218
ResNet50,0.055,0.011363636363636364
ResNet50,0.055625,0.011235955056179775
ResNet50,0.05625,0.022222222222222223
ResNet50,0.056875,0.02197802197802198
ResNet50,0.0575,0.021739130434782608
ResNet50,0.058125,0.021505376344086023
ResNet50,0.05875,0.02127659574468085
ResNet50,0.059375,0.021052631578947368
ResNet50,0.06,0.020833333333333332
ResNet50,0.060625,0.020618556701030927
ResNet50,0.06125,0.02040816326530612
ResNet50,0.061875,0.020202020202020204
ResNet50,0.0625,0.02
ResNet50,0.063125,0.019801980198019802
ResNet50,0.06375,0.0196078431372549
ResNet50,0.064375,0.019417475728155338
ResNet50,0.065,0.019230769230769232
ResNet50,0.065625,0.01904761904761905
ResNet50,0.06625,0.018867924528301886
ResNet50,0.066875,0.018691588785046728
ResNet50,0.0675,0.018518518518518517
ResNet50,0.068125,0.01834862385321101
ResNet50,0.06875,0.01818181818181818
ResNet50,0.069375,0.018018018018018018
ResNet50,0.07,0.017857142857142856
ResNet50,0.070625,0.017699115044247787
ResNet50,0.07125,0.017543859649122806
ResNet50,0.071875,0.017391304347826087
ResNet50,0.0725,0.017241379310344827
ResNet50,0.073125,0.017094017094017096
ResNet50,0.07375,0.01694915254237288
ResNet50,0.074375,0.01680672268907563
ResNet50,0.075,0.016666666666666666
ResNet50,0.075625,0.01652892561983471
ResNet50,0.07625,0.01639344262295082
ResNet50,0.076875,0.016260162601626018
ResNet50,0.0775,0.016129032258064516
ResNet50,0.078125,0.016
ResNet50,0.07875,0.015873015873015872
ResNet50,0.079375,0.015748031496062992
ResNet50,0.08,0.015625
ResNet50,0.080625,0.015503875968992248
ResNet50,0.08125,0.023076923076923078
ResNet50,0.081875,0.022900763358778626
ResNet50,0.0825,0.022727272727272728
ResNet50,0.083125,0.022556390977443608
ResNet50,0.08375,0.022388059701492536
ResNet50,0.084375,0.022222222222222223
ResNet50,0.085,0.022058823529411766
ResNet50,0.085625,0.021897810218978103
ResNet50,0.08625,0.021739130434782608
ResNet50,0.086875,0.02158273381294964
ResNet50,0.0875,0.02142857142857143
ResNet50,0.088125,0.02127659574468085
ResNet50,0.08875,0.02112676056338028
ResNet50,0.089375,0.02097902097902098
ResNet50,0.09,0.020833333333333332
ResNet50,0.090625,0.020689655172413793
ResNet50,0.09125,0.02054794520547945
ResNet50,0.091875,0.02040816326530612
ResNet50,0.0925,0.02027027027027027
ResNet50,0.093125,0.020134228187919462
ResNet50,0.09375,0.02
ResNet50,0.094375,0.019867549668874173
ResNet50,0.095,0.019736842105263157
ResNet50,0.095625,0.0196078431372549
ResNet50,0.09625,0.01948051948051948
ResNet50,0.096875,0.01935483870967742
ResNet50,0.0975,0.019230769230769232
ResNet50,0.098125,0.01910828025477707
ResNet50,0.09875,0.0189873417721519
ResNet50,0.099375,0.018867924528301886
ResNet50,0.1,0.01875
ResNet50,0.100625,0.018633540372670808
ResNet50,0.10125,0.018518518518518517
ResNet50,0.101875,0.024539877300613498
ResNet50,0.1025,0.024390243902439025
ResNet50,0.103125,0.024242424242424242
ResNet50,0.10375,0.024096385542168676
ResNet50,0.104375,0.023952095808383235
ResNet50,0.105,0.023809523809523808
ResNet50,0.105625,0.023668639053254437
ResNet50,0.10625,0.023529411764705882
ResNet50,0.106875,0.023391812865497075
ResNet50,0.1075,0.023255813953488372
ResNet50,0.108125,0.023121387283236993
ResNet50,0.10875,0.022988505747126436
ResNet50,0.109375,0.022857142857142857
ResNet50,0.11,0.022727272727272728
ResNet50,0.110625,0.022598870056497175
ResNet50,0.11125,0.02247191011235955
ResNet50,0.111875,0.0223463687150838
ResNet50,0.1125,0.022222222222222223
ResNet50,0.113125,0.022099447513812154
ResNet50,0.11375,0.02197802197802198
ResNet50,0.114375,0.02185792349726776
ResNet50,0.115,0.021739130434782608
ResNet50,0.115625,0.021621621621621623
ResNet50,0.11625,0.021505376344086023
ResNet50,0.116875,0.0213903743315508
ResNet50,0.1175,0.02127659574468085
ResNet50,0.118125,0.021164021164021163
ResNet50,0.11875,0.021052631578947368
ResNet50,0.119375,0.020942408376963352
ResNet50,0.12,0.020833333333333332
ResNet50,0.120625,0.02072538860103627
ResNet50,0.12125,0.020618556701030927
ResNet50,0.121875,0.020512820512820513
ResNet50,0.1225,0.02040816326530612
ResNet50,0.123125,0.02030456852791878
ResNet50,0.12375,0.020202020202020204
ResNet50,0.124375,0.020100502512562814
ResNet50,0.125,0.02
ResNet50,0.125625,0.01990049751243781
ResNet50,0.12625,0.019801980198019802
ResNet50,0.126875,0.019704433497536946
ResNet50,0.1275,0.0196078431372549
ResNet50,0.128125,0.01951219512195122
ResNet50,0.12875,0.019417475728155338
ResNet50,0.129375,0.01932367149758454
ResNet50,0.13,0.019230769230769232
ResNet50,0.130625,0.019138755980861243
ResNet50,0.13125,0.01904761904761905
ResNet50,0.131875,0.018957345971563982
ResNet50,0.1325,0.018867924528301886
ResNet50,0.133125,0.018779342723004695
ResNet50,0.13375,0.018691588785046728
ResNet50,0.134375,0.018604651162790697
ResNet50,0.135,0.018518518518518517
ResNet50,0.135625,0.018433179723502304
ResNet50,0.13625,0.01834862385321101
ResNet50,0.136875,0.0182648401826484
ResNet50,0.1375,0.01818181818181818
ResNet50,0.138125,0.01809954751131222
ResNet50,0.13875,0.018018018018018018
ResNet50,0.139375,0.017937219730941704
ResNet50,0.14,0.017857142857142856
ResNet50,0.140625,0.017777777777777778
ResNet50,0.14125,0.017699115044247787
ResNet50,0.141875,0.01762114537444934
ResNet50,0.1425,0.017543859649122806
ResNet50,0.143125,0.017467248908296942
ResNet50,0.14375,0.017391304347826087
ResNet50,0.144375,0.017316017316017316
ResNet50,0.145,0.017241379310344827
ResNet50,0.145625,0.017167381974248927
ResNet50,0.14625,0.017094017094017096
ResNet50,0.146875,0.01702127659574468
ResNet50,0.1475,0.01694915254237288
ResNet50,0.148125,0.016877637130801686
ResNet50,0.14875,0.01680672268907563
ResNet50,0.149375,0.016736401673640166
ResNet50,0.15,0.016666666666666666
ResNet50,0.150625,0.016597510373443983
ResNet50,0.15125,0.01652892561983471
ResNet50,0.151875,0.01646090534979424
ResNet50,0.1525,0.01639344262295082
ResNet50,0.153125,0.0163265306122449
ResNet50,0.15375,0.016260162601626018
ResNet50,0.154375,0.016194331983805668
ResNet50,0.155,0.016129032258064516
ResNet50,0.155625,0.01606425702811245
ResNet50,0.15625,0.016
ResNet50,0.156875,0.01593625498007968
ResNet50,0.1575,0.015873015873015872
ResNet50,0.158125,0.015810276679841896
ResNet50,0.15875,0.015748031496062992
ResNet50,0.159375,0.01568627450980392
ResNet50,0.16,0.015625
ResNet50,0.160625,0.01556420233463035
ResNet50,0.16125,0.015503875968992248
ResNet50,0.161875,0.015444015444015444
ResNet50,0.1625,0.015384615384615385
ResNet50,0.163125,0.01532567049808429
ResNet50,0.16375,0.015267175572519083
ResNet50,0.164375,0.015209125475285171
ResNet50,0.165,0.015151515151515152
ResNet50,0.165625,0.01509433962264151
ResNet50,0.16625,0.015037593984962405
ResNet50,0.166875,0.0149812734082397
ResNet50,0.1675,0.014925373134328358
ResNet50,0.168125,0.01486988847583643
ResNet50,0.16875,0.014814814814814815
ResNet50,0.169375,0.014760147601476014
ResNet50,0.17,0.014705882352941176
ResNet50,0.170625,0.014652014652014652
ResNet50,0.17125,0.014598540145985401
ResNet50,0.171875,0.014545454545454545
ResNet50,0.1725,0.014492753623188406
ResNet50,0.173125,0.01444043321299639
ResNet50,0.17375,0.014388489208633094
ResNet50,0.174375,0.014336917562724014
ResNet50,0.175,0.014285714285714285
ResNet50,0.175625,0.014234875444839857
ResNet50,0.17625,0.014184397163120567
ResNet50,0.176875,0.014134275618374558
ResNet50,0.1775,0.014084507042253521
ResNet50,0.178125,0.014035087719298246
ResNet50,0.17875,0.013986013986013986
ResNet50,0.179375,0.013937282229965157
ResNet50,0.18,0.013888888888888888
ResNet50,0.180625,0.01384083044982699
ResNet50,0.18125,0.013793103448275862
ResNet50,0.181875,0.013745704467353952
ResNet50,0.1825,0.0136986301369863
ResNet50,0.183125,0.013651877133105802
ResNet50,0.18375,0.013605442176870748
ResNet50,0.184375,0.013559322033898305
ResNet50,0.185,0.013513513513513514
ResNet50,0.185625,0.013468013468013467
ResNet50,0.18625,0.013422818791946308
ResNet50,0.186875,0.013377926421404682
ResNet50,0.1875,0.013333333333333334
ResNet50,0.188125,0.013289036544850499
ResNet50,0.18875,0.013245033112582781
ResNet50,0.189375,0.013201320132013201
ResNet50,0.19,0.013157894736842105
ResNet50,0.190625,0.013114754098360656
ResNet50,0.19125,0.013071895424836602
ResNet50,0.191875,0.013029315960912053
ResNet50,0.1925,0.012987012987012988
ResNet50,0.193125,0.012944983818770227
ResNet50,0.19375,0.012903225806451613
ResNet50,0.194375,0.012861736334405145
ResNet50,0.195,0.01282051282051282
ResNet50,0.195625,0.012779552715654952
ResNet50,0.19625,0.012738853503184714
ResNet50,0.196875,0.012698412698412698
ResNet50,0.1975,0.012658227848101266
ResNet50,0.198125,0.012618296529968454
ResNet50,0.19875,0.012578616352201259
ResNet50,0.199375,0.012539184952978056
ResNet50,0.2,0.0125
ResNet50,0.200625,0.012461059190031152
ResNet50,0.20125,0.012422360248447204
ResNet50,0.201875,0.01238390092879257
ResNet50,0.2025,0.012345679012345678
ResNet50,0.203125,0.012307692307692308
ResNet50,0.20375,0.012269938650306749
ResNet50,0.204375,0.012232415902140673
ResNet50,0.205,0.012195121951219513
ResNet50,0.205625,0.0121580547112462
ResNet50,0.20625,0.012121212121212121
ResNet50,0.206875,0.012084592145015106
ResNet50,0.2075,0.012048192771084338
ResNet50,0.208125,0.012012012012012012
ResNet50,0.20875,0.011976047904191617
ResNet50,0.209375,0.011940298507462687
ResNet50,0.21,0.011904761904761904
ResNet50,0.210625,0.011869436201780416
ResNet50,0.21125,0.011834319526627219
ResNet50,0.211875,0.011799410029498525
ResNet50,0.2125,0.011764705882352941
ResNet50,0.213125,0.011730205278592375
ResNet50,0.21375,0.011695906432748537
ResNet50,0.214375,0.011661807580174927
ResNet50,0.215,0.011627906976744186
ResNet50,0.215625,0.011594202898550725
ResNet50,0.21625,0.011560693641618497
ResNet50,0.216875,0.011527377521613832
ResNet50,0.2175,0.011494252873563218
ResNet50,0.218125,0.011461318051575931
ResNet50,0.21875,0.011428571428571429
ResNet50,0.219375,0.011396011396011397
ResNet50,0.22,0.011363636363636364
ResNet50,0.220625,0.0113314447592068
ResNet50,0.22125,0.011299435028248588
ResNet50,0.221875,0.011267605633802818
ResNet50,0.2225,0.011235955056179775
ResNet50,0.223125,0.011204481792717087
ResNet50,0.22375,0.0111731843575419
ResNet50,0.224375,0.011142061281337047
ResNet50,0.225,0.011111111111111112
ResNet50,0.225625,0.0110803324099723
ResNet50,0.22625,0.011049723756906077
ResNet50,0.226875,0.011019283746556474
ResNet50,0.2275,0.01098901098901099
ResNet50,0.228125,0.010958904109589041
ResNet50,0.22875,0.01092896174863388
ResNet50,0.229375,0.010899182561307902
ResNet50,0.23,0.010869565217391304
ResNet50,0.230625,0.01084010840108401
ResNet50,0.23125,0.010810810810810811
ResNet50,0.231875,0.01078167115902965
ResNet50,0.2325,0.010752688172043012
ResNet50,0.233125,0.010723860589812333
ResNet50,0.23375,0.0106951871657754
ResNet50,0.234375,0.010666666666666666
ResNet50,0.235,0.010638297872340425
ResNet50,0.235625,0.010610079575596816
ResNet50,0.23625,0.010582010582010581
ResNet50,0.236875,0.010554089709762533
ResNet50,0.2375,0.010526315789473684
ResNet50,0.238125,0.010498687664041995
ResNet50,0.23875,0.010471204188481676
ResNet50,0.239375,0.010443864229765013
ResNet50,0.24,0.010416666666666666
ResNet50,0.240625,0.01038961038961039
ResNet50,0.24125,0.010362694300518135
ResNet50,0.241875,0.0103359173126615
ResNet50,0.2425,0.010309278350515464
ResNet50,0.243125,0.010282776349614395
ResNet50,0.24375,0.010256410256410256
ResNet50,0.244375,0.010230179028132993
ResNet50,0.245,0.01020408163265306
ResNet50,0.245625,0.010178117048346057
ResNet50,0.24625,0.01015228426395939
ResNet50,0.246875,0.010126582278481013
ResNet50,0.2475,0.010101010101010102
ResNet50,0.248125,0.010075566750629723
ResNet50,0.24875,0.010050251256281407
ResNet50,0.249375,0.010025062656641603
ResNet50,0.25,0.01
ResNet50,0.250625,0.00997506234413965
ResNet50,0.25125,0.009950248756218905
ResNet50,0.251875,0.009925558312655087
ResNet50,0.2525,0.009900990099009901
ResNet50,0.253125,0.009876543209876543
ResNet50,0.25375,0.009852216748768473
ResNet50,0.254375,0.009828009828009828
ResNet50,0.255,0.00980392156862745
ResNet50,0.255625,0.009779951100244499
ResNet50,0.25625,0.00975609756097561
ResNet50,0.256875,0.009732360097323601
ResNet50,0.2575,0.009708737864077669
ResNet50,0.258125,0.009685230024213076
ResNet50,0.25875,0.00966183574879227
ResNet50,0.259375,0.00963855421686747
ResNet50,0.26,0.009615384615384616
ResNet50,0.260625,0.009592326139088728
ResNet50,0.26125,0.009569377990430622
ResNet50,0.261875,0.00954653937947494
ResNet50,0.2625,0.009523809523809525
ResNet50,0.263125,0.009501187648456057
ResNet50,0.26375,0.009478672985781991
ResNet50,0.264375,0.009456264775413711
ResNet50,0.265,0.009433962264150943
ResNet50,0.265625,0.009411764705882352
ResNet50,0.26625,0.009389671361502348
ResNet50,0.266875,0.00936768149882904
ResNet50,0.2675,0.009345794392523364
ResNet50,0.268125,0.009324009324009324
ResNet50,0.26875,0.009302325581395349
ResNet50,0.269375,0.009280742459396751
ResNet50,0.27,0.009259259259259259
ResNet50,0.270625,0.009237875288683603
ResNet50,0.27125,0.009216589861751152
ResNet50,0.271875,0.009195402298850575
ResNet50,0.2725,0.009174311926605505
ResNet50,0.273125,0.009153318077803204
ResNet50,0.27375,0.0091324200913242
ResNet50,0.274375,0.009111617312072893
ResNet50,0.275,0.00909090909090909
ResNet50,0.275625,0.009070294784580499
ResNet50,0.27625,0.00904977375565611
ResNet50,0.276875,0.009029345372460496
ResNet50,0.2775,0.009009009009009009
ResNet50,0.278125,0.008988764044943821
ResNet50,0.27875,0.008968609865470852
ResNet50,0.279375,0.008948545861297539
ResNet50,0.28,0.008928571428571428
ResNet50,0.280625,0.008908685968819599
ResNet50,0.28125,0.008888888888888889
ResNet50,0.281875,0.008869179600886918
ResNet50,0.2825,0.008849557522123894
ResNet50,0.283125,0.008830022075055188
ResNet50,0.28375,0.00881057268722467
ResNet50,0.284375,0.008791208791208791
ResNet50,0.285,0.008771929824561403
ResNet50,0.285625,0.010940919037199124
ResNet50,0.28625,0.010917030567685589
ResNet50,0.286875,0.010893246187363835
ResNet50,0.2875,0.010869565217391304
ResNet50,0.288125,0.010845986984815618
ResNet50,0.28875,0.010822510822510822
ResNet50,0.289375,0.01079913606911447
ResNet50,0.29,0.010775862068965518
ResNet50,0.290625,0.010752688172043012
ResNet50,0.29125,0.01072961373390558
ResNet50,0.291875,0.010706638115631691
ResNet50,0.2925,0.010683760683760684
ResNet50,0.293125,0.010660980810234541
ResNet50,0.29375,0.010638297872340425
ResNet50,0.294375,0.010615711252653927
ResNet50,0.295,0.01059322033898305
ResNet50,0.295625,0.010570824524312896
ResNet50,0.29625,0.010548523206751054
ResNet50,0.296875,0.010526315789473684
ResNet50,0.2975,0.01050420168067227
ResNet50,0.298125,0.010482180293501049
ResNet50,0.29875,0.010460251046025104
ResNet50,0.299375,0.010438413361169102
ResNet50,0.3,0.010416666666666666
ResNet50,0.300625,0.010395010395010396
ResNet50,0.30125,0.01037344398340249
ResNet50,0.301875,0.010351966873706004
ResNet50,0.3025,0.010330578512396695
ResNet50,0.303125,0.010309278350515464
ResNet50,0.30375,0.0102880658436214
ResNet50,0.304375,0.01026694045174538
ResNet50,0.305,0.010245901639344262
ResNet50,0.305625,0.010224948875255624
ResNet50,0.30625,0.01020408163265306
ResNet50,0.306875,0.010183299389002037
ResNet50,0.3075,0.01016260162601626
ResNet50,0.308125,0.010141987829614604
ResNet50,0.30875,0.010121457489878543
ResNet50,0.309375,0.010101010101010102
ResNet50,0.31,0.010080645161290322
ResNet50,0.310625,0.01006036217303823
ResNet50,0.31125,0.010040160642570281
ResNet50,0.311875,0.01002004008016032
ResNet50,0.3125,0.01
ResNet50,0.313125,0.00998003992015968
ResNet50,0.31375,0.0099601593625498
ResNet50,0.314375,0.009940357852882704
ResNet50,0.315,0.00992063492063492
ResNet50,0.315625,0.009900990099009901
ResNet50,0.31625,0.009881422924901186
ResNet50,0.316875,0.009861932938856016
ResNet50,0.3175,0.00984251968503937
ResNet50,0.318125,0.009823182711198428
ResNet50,0.31875,0.00980392156862745
ResNet50,0.319375,0.009784735812133072
ResNet50,0.32,0.009765625
ResNet50,0.320625,0.009746588693957114
ResNet50,0.32125,0.009727626459143969
ResNet50,0.321875,0.009708737864077669
ResNet50,0.3225,0.009689922480620155
ResNet50,0.323125,0.009671179883945842
ResNet50,0.32375,0.009652509652509652
ResNet50,0.324375,0.009633911368015413
ResNet50,0.325,0.009615384615384616
ResNet50,0.325625,0.009596928982725527
ResNet50,0.32625,0.009578544061302681
ResNet50,0.326875,0.009560229445506692
ResNet50,0.3275,0.009541984732824428
ResNet50,0.328125,0.009523809523809525
ResNet50,0.32875,0.009505703422053232
ResNet50,0.329375,0.009487666034155597
ResNet50,0.33,0.00946969696969697
ResNet50,0.330625,0.00945179584120983
ResNet50,0.33125,0.009433962264150943
ResNet50,0.331875,0.009416195856873822
ResNet50,0.3325,0.009398496240601503
ResNet50,0.333125,0.009380863039399626
ResNet50,0.33375,0.009363295880149813
ResNet50,0.334375,0.009345794392523364
ResNet50,0.335,0.009328358208955223
ResNet50,0.335625,0.00931098696461825
ResNet50,0.33625,0.00929368029739777
ResNet50,0.336875,0.00927643784786642
ResNet50,0.3375,0.009259259259259259
ResNet50,0.338125,0.009242144177449169
ResNet50,0.33875,0.00922509225092251
ResNet50,0.339375,0.009208103130755065
ResNet50,0.34,0.009191176470588236
ResNet50,0.340625,0.009174311926605505
ResNet50,0.34125,0.009157509157509158
ResNet50,0.341875,0.009140767824497258
ResNet50,0.3425,0.009124087591240875
ResNet50,0.343125,0.009107468123861567
ResNet50,0.34375,0.00909090909090909
ResNet50,0.344375,0.009074410163339383
ResNet50,0.345,0.009057971014492754
ResNet50,0.345625,0.009041591320072333
ResNet50,0.34625,0.009025270758122744
ResNet50,0.346875,0.009009009009009009
ResNet50,0.3475,0.008992805755395683
ResNet50,0.348125,0.008976660682226212
ResNet50,0.34875,0.008960573476702509
ResNet50,0.349375,0.008944543828264758
ResNet50,0.35,0.008928571428571428
ResNet50,0.350625,0.008912655971479501
ResNet50,0.35125,0.008896797153024912
ResNet50,0.351875,0.008880994671403197
ResNet50,0.3525,0.008865248226950355
ResNet50,0.353125,0.008849557522123894
ResNet50,0.35375,0.0088339222614841
ResNet50,0.354375,0.008818342151675485
ResNet50,0.355,0.008802816901408451
ResNet50,0.355625,0.008787346221441126
ResNet50,0.35625,0.008771929824561403
ResNet50,0.356875,0.008756567425569177
ResNet50,0.3575,0.008741258741258742
ResNet50,0.358125,0.008726003490401396
ResNet50,0.35875,0.008710801393728223
ResNet50,0.359375,0.008695652173913044
ResNet50,0.36,0.008680555555555556
ResNet50,0.360625,0.008665511265164644
ResNet50,0.36125,0.00865051903114187
ResNet50,0.361875,0.008635578583765112
ResNet50,0.3625,0.008620689655172414
ResNet50,0.363125,0.008605851979345954
ResNet50,0.36375,0.00859106529209622
ResNet50,0.364375,0.008576329331046312
ResNet50,0.365,0.008561643835616438
ResNet50,0.365625,0.008547008547008548
ResNet50,0.36625,0.008532423208191127
ResNet50,0.366875,0.008517887563884156
ResNet50,0.3675,0.008503401360544218
ResNet50,0.368125,0.008488964346349746
ResNet50,0.36875,0.00847457627118644
ResNet50,0.369375,0.008460236886632826
ResNet50,0.37,0.008445945945945946
ResNet50,0.370625,0.008431703204047217
ResNet50,0.37125,0.008417508417508417
ResNet50,0.371875,0.008403361344537815
ResNet50,0.3725,0.008389261744966443
ResNet50,0.373125,0.008375209380234505
ResNet50,0.37375,0.008361204013377926
ResNet50,0.374375,0.008347245409015025
ResNet50,0.375,0.008333333333333333
ResNet50,0.375625,0.008319467554076539
ResNet50,0.37625,0.008305647840531562
ResNet50,0.376875,0.008291873963515755
ResNet50,0.3775,0.008278145695364239
ResNet50,0.378125,0.008264462809917356
ResNet50,0.37875,0.00825082508250825
ResNet50,0.379375,0.008237232289950576
ResNet50,0.38,0.008223684210526315
ResNet50,0.380625,0.008210180623973728
ResNet50,0.38125,0.00819672131147541
ResNet50,0.381875,0.008183306055646482
ResNet50,0.3825,0.008169934640522876
ResNet50,0.383125,0.008156606851549755
ResNet50,0.38375,0.008143322475570033
ResNet50,0.384375,0.008130081300813009
ResNet50,0.385,0.008116883116883116
ResNet50,0.385625,0.008103727714748784
ResNet50,0.38625,0.008090614886731391
ResNet50,0.386875,0.008077544426494346
ResNet50,0.3875,0.008064516129032258
ResNet50,0.388125,0.008051529790660225
ResNet50,0.38875,0.008038585209003215
ResNet50,0.389375,0.008025682182985553
ResNet50,0.39,0.008012820512820512
ResNet50,0.390625,0.008
ResNet50,0.39125,0.007987220447284345
ResNet50,0.391875,0.007974481658692184
ResNet50,0.3925,0.007961783439490446
ResNet50,0.393125,0.00794912559618442
ResNet50,0.39375,0.007936507936507936
ResNet50,0.394375,0.00792393026941363
ResNet50,0.395,0.007911392405063292
ResNet50,0.395625,0.007898894154818325
ResNet50,0.39625,0.007886435331230283
ResNet50,0.396875,0.007874015748031496
ResNet50,0.3975,0.007861635220125786
ResNet50,0.398125,0.007849293563579277
ResNet50,0.39875,0.007836990595611285
ResNet50,0.399375,0.00782472613458529
ResNet50,0.4,0.0078125
ResNet50,0.400625,0.0078003120124804995
ResNet50,0.40125,0.00778816199376947
ResNet50,0.401875,0.007776049766718507
ResNet50,0.4025,0.007763975155279503
ResNet50,0.403125,0.007751937984496124
ResNet50,0.40375,0.007739938080495356
ResNet50,0.404375,0.0077279752704791345
ResNet50,0.405,0.007716049382716049
ResNet50,0.405625,0.007704160246533128
ResNet50,0.40625,0.007692307692307693
ResNet50,0.406875,0.007680491551459293
ResNet50,0.4075,0.007668711656441718
ResNet50,0.408125,0.007656967840735069
ResNet50,0.40875,0.00764525993883792
ResNet50,0.409375,0.007633587786259542
ResNet50,0.41,0.007621951219512195
ResNet50,0.410625,0.0076103500761035
ResNet50,0.41125,0.007598784194528876
ResNet50,0.411875,0.007587253414264037
ResNet50,0.4125,0.007575757575757576
ResNet50,0.413125,0.007564296520423601
ResNet50,0.41375,0.0075528700906344415
ResNet50,0.414375,0.007541478129713424
ResNet50,0.415,0.007530120481927711
ResNet50,0.415625,0.007518796992481203
ResNet50,0.41625,0.0075075075075075074
ResNet50,0.416875,0.0074962518740629685
ResNet50,0.4175,0.0074850299401197605
ResNet50,0.418125,0.007473841554559043
ResNet50,0.41875,0.007462686567164179
ResNet50,0.419375,0.007451564828614009
ResNet50,0.42,0.00744047619047619
ResNet50,0.420625,0.007429420505200594
ResNet50,0.42125,0.00741839762611276
ResNet50,0.421875,0.007407407407407408
ResNet50,0.4225,0.0073964497041420114
ResNet50,0.423125,0.007385524372230428
ResNet50,0.42375,0.007374631268436578
ResNet50,0.424375,0.007363770250368188
ResNet50,0.425,0.007352941176470588
ResNet50,0.425625,0.007342143906020558
ResNet50,0.42625,0.007331378299120235
ResNet50,0.426875,0.007320644216691069
ResNet50,0.4275,0.007309941520467836
ResNet50,0.428125,0.0072992700729927005
ResNet50,0.42875,0.007288629737609329
ResNet50,0.429375,0.00727802037845706
ResNet50,0.43,0.007267441860465116
ResNet50,0.430625,0.00725689404934688
ResNet50,0.43125,0.007246376811594203
ResNet50,0.431875,0.00723589001447178
ResNet50,0.4325,0.0072254335260115606
ResNet50,0.433125,0.007215007215007215
ResNet50,0.43375,0.007204610951008645
ResNet50,0.434375,0.007194244604316547
ResNet50,0.435,0.007183908045977011
ResNet50,0.435625,0.007173601147776184
ResNet50,0.43625,0.0071633237822349575
ResNet50,0.436875,0.00715307582260372
ResNet50,0.4375,0.007142857142857143
ResNet50,0.438125,0.007132667617689016
ResNet50,0.43875,0.007122507122507123
ResNet50,0.439375,0.007112375533428165
ResNet50,0.44,0.007102272727272727
ResNet50,0.440625,0.0070921985815602835
ResNet50,0.44125,0.007082152974504249
ResNet50,0.441875,0.007072135785007072
ResNet50,0.4425,0.007062146892655367
ResNet50,0.443125,0.007052186177715092
ResNet50,0.44375,0.007042253521126761
ResNet50,0.444375,0.007032348804500703
ResNet50,0.445,0.007022471910112359
ResNet50,0.445625,0.0070126227208976155
ResNet50,0.44625,0.0070028011204481795
ResNet50,0.446875,0.006993006993006993
ResNet50,0.4475,0.006983240223463687
ResNet50,0.448125,0.00697350069735007
ResNet50,0.44875,0.006963788300835654
ResNet50,0.449375,0.006954102920723227
ResNet50,0.45,0.006944444444444444
ResNet50,0.450625,0.006934812760055479
ResNet50,0.45125,0.006925207756232687
ResNet50,0.451875,0.006915629322268326
ResNet50,0.4525,0.006906077348066298
ResNet50,0.453125,0.006896551724137931
ResNet50,0.45375,0.006887052341597796
ResNet50,0.454375,0.0068775790921595595
ResNet50,0.455,0.006868131868131868
ResNet50,0.455625,0.006858710562414266
ResNet50,0.45625,0.00684931506849315
ResNet50,0.456875,0.006839945280437756
ResNet50,0.4575,0.006830601092896175
ResNet50,0.458125,0.0068212824010914054
ResNet50,0.45875,0.006811989100817439
ResNet50,0.459375,0.006802721088435374
ResNet50,0.46,0.006793478260869565
ResNet50,0.460625,0.0067842605156037995
ResNet50,0.46125,0.006775067750677507
ResNet50,0.461875,0.006765899864682003
ResNet50,0.4625,0.006756756756756757
ResNet50,0.463125,0.006747638326585695
ResNet50,0.46375,0.006738544474393531
ResNet50,0.464375,0.006729475100942127
ResNet50,0.465,0.006720430107526882
ResNet50,0.465625,0.006711409395973154
ResNet50,0.46625,0.006702412868632708
ResNet50,0.466875,0.006693440428380187
ResNet50,0.4675,0.0066844919786096255
ResNet50,0.468125,0.006675567423230975
ResNet50,0.46875,0.006666666666666667
ResNet50,0.469375,0.006657789613848202
ResNet50,0.47,0.006648936170212766
ResNet50,0.470625,0.006640106241699867
ResNet50,0.47125,0.006631299734748011
ResNet50,0.471875,0.006622516556291391
ResNet50,0.4725,0.006613756613756613
ResNet50,0.473125,0.0066050198150594455
ResNet50,0.47375,0.006596306068601583
ResNet50,0.474375,0.006587615283267457
ResNet50,0.475,0.006578947368421052
ResNet50,0.475625,0.006570302233902759
ResNet50,0.47625,0.006561679790026247
ResNet50,0.476875,0.00655307994757536
ResNet50,0.4775,0.006544502617801047
ResNet50,0.478125,0.006535947712418301
ResNet50,0.47875,0.006527415143603133
ResNet50,0.479375,0.00651890482398957
ResNet50,0.48,0.006510416666666667
ResNet50,0.480625,0.006501950585175552
ResNet50,0.48125,0.006493506493506494
ResNet50,0.481875,0.00648508430609598
ResNet50,0.4825,0.006476683937823834
ResNet50,0.483125,0.00646830530401035
ResNet50,0.48375,0.006459948320413436
ResNet50,0.484375,0.0064516129032258064
ResNet50,0.485,0.006443298969072165
ResNet50,0.485625,0.006435006435006435
ResNet50,0.48625,0.006426735218508998
ResNet50,0.486875,0.006418485237483954
ResNet50,0.4875,0.00641025641025641
ResNet50,0.488125,0.006402048655569782
ResNet50,0.48875,0.00639386189258312
ResNet50,0.489375,0.006385696040868455
ResNet50,0.49,0.006377551020408163
ResNet50,0.490625,0.006369426751592357
ResNet50,0.49125,0.006361323155216285
ResNet50,0.491875,0.0063532401524777635
ResNet50,0.4925,0.006345177664974619
ResNet50,0.493125,0.0063371356147021544
ResNet50,0.49375,0.006329113924050633
ResNet50,0.494375,0.006321112515802781
ResNet50,0.495,0.006313131313131313
ResNet50,0.495625,0.006305170239596469
ResNet50,0.49625,0.006297229219143577
ResNet50,0.496875,0.006289308176100629
ResNet50,0.4975,0.00628140703517588
ResNet50,0.498125,0.006273525721455458
ResNet50,0.49875,0.006265664160401002
ResNet50,0.499375,0.006257822277847309
ResNet50,0.5,0.00625
ResNet50,0.500625,0.006242197253433208
ResNet50,0.50125,0.006234413965087282
ResNet50,0.501875,0.0062266500622665
ResNet50,0.5025,0.006218905472636816
ResNet50,0.503125,0.006211180124223602
ResNet50,0.50375,0.00620347394540943
ResNet50,0.504375,0.006195786864931847
ResNet50,0.505,0.006188118811881188
ResNet50,0.505625,0.006180469715698393
ResNet50,0.50625,0.006172839506172839
ResNet50,0.506875,0.006165228113440197
ResNet50,0.5075,0.006157635467980296
ResNet50,0.508125,0.006150061500615006
ResNet50,0.50875,0.006142506142506142
ResNet50,0.509375,0.006134969325153374
ResNet50,0.51,0.006127450980392157
ResNet50,0.510625,0.006119951040391677
ResNet50,0.51125,0.006112469437652812
ResNet50,0.511875,0.006105006105006105
ResNet50,0.5125,0.006097560975609756
ResNet50,0.513125,0.0060901339829476245
ResNet50,0.51375,0.006082725060827251
ResNet50,0.514375,0.006075334143377886
ResNet50,0.515,0.006067961165048544
ResNet50,0.515625,0.006060606060606061
ResNet50,0.51625,0.006053268765133172
ResNet50,0.516875,0.006045949214026602
ResNet50,0.5175,0.006038647342995169
ResNet50,0.518125,0.006031363088057901
ResNet50,0.51875,0.006024096385542169
ResNet50,0.519375,0.006016847172081829
ResNet50,0.52,0.006009615384615385
ResNet50,0.520625,0.006002400960384154
ResNet50,0.52125,0.005995203836930456
ResNet50,0.521875,0.005988023952095809
ResNet50,0.5225,0.005980861244019139
ResNet50,0.523125,0.005973715651135006
ResNet50,0.52375,0.0059665871121718375
ResNet50,0.524375,0.0059594755661501785
ResNet50,0.525,0.005952380952380952
ResNet50,0.525625,0.005945303210463734
ResNet50,0.52625,0.0059382422802850355
ResNet50,0.526875,0.005931198102016607
ResNet50,0.5275,0.005924170616113744
ResNet50,0.528125,0.005917159763313609
ResNet50,0.52875,0.00591016548463357
ResNet50,0.529375,0.0059031877213695395
ResNet50,0.53,0.00589622641509434
ResNet50,0.530625,0.005889281507656066
ResNet50,0.53125,0.0058823529411764705
ResNet50,0.531875,0.005875440658049354
ResNet50,0.5325,0.005868544600938967
ResNet50,0.533125,0.005861664712778429
ResNet50,0.53375,0.00585480093676815
ResNet50,0.534375,0.005847953216374269
ResNet50,0.535,0.005841121495327103
ResNet50,0.535625,0.005834305717619603
ResNet50,0.53625,0.005827505827505828
ResNet50,0.536875,0.005820721769499418
ResNet50,0.5375,0.005813953488372093
ResNet50,0.538125,0.005807200929152149
ResNet50,0.53875,0.00580046403712297
ResNet50,0.539375,0.005793742757821553
ResNet50,0.54,0.005787037037037037
ResNet50,0.540625,0.005780346820809248
ResNet50,0.54125,0.005773672055427252
ResNet50,0.541875,0.0057670126874279125
ResNet50,0.5425,0.00576036866359447
ResNet50,0.543125,0.005753739930955121
ResNet50,0.54375,0.005747126436781609
ResNet50,0.544375,0.0057405281285878304
ResNet50,0.545,0.005733944954128441
ResNet50,0.545625,0.0057273768613974796
ResNet50,0.54625,0.005720823798627002
ResNet50,0.546875,0.005714285714285714
ResNet50,0.5475,0.005707762557077625
ResNet50,0.548125,0.005701254275940707
ResNet50,0.54875,0.0056947608200455585
ResNet50,0.549375,0.005688282138794084
ResNet50,0.55,0.005681818181818182
ResNet50,0.550625,0.0056753688989784334
ResNet50,0.55125,0.005668934240362812
ResNet50,0.551875,0.0056625141562853904
ResNet50,0.5525,0.005656108597285068
ResNet50,0.553125,0.005649717514124294
ResNet50,0.55375,0.0056433408577878106
ResNet50,0.554375,0.005636978579481398
ResNet50,0.555,0.00563063063063063
ResNet50,0.555625,0.00562429696287964
ResNet50,0.55625,0.0056179775280898875
ResNet50,0.556875,0.005611672278338945
ResNet50,0.5575,0.005605381165919282
ResNet50,0.558125,0.005599104143337066
ResNet50,0.55875,0.005592841163310962
ResNet50,0.559375,0.00558659217877095
ResNet50,0.56,0.005580357142857143
ResNet50,0.560625,0.005574136008918618
ResNet50,0.56125,0.005567928730512249
ResNet50,0.561875,0.0055617352614015575
ResNet50,0.5625,0.005555555555555556
ResNet50,0.563125,0.005549389567147614
ResNet50,0.56375,0.005543237250554324
ResNet50,0.564375,0.005537098560354375
ResNet50,0.565,0.0055309734513274336
ResNet50,0.565625,0.0055248618784530384
ResNet50,0.56625,0.005518763796909493
ResNet50,0.566875,0.005512679162072767
ResNet50,0.5675,0.005506607929515419
ResNet50,0.568125,0.005500550055005501
ResNet50,0.56875,0.005494505494505495
ResNet50,0.569375,0.005488474204171241
ResNet50,0.57,0.005482456140350877
ResNet50,0.570625,0.00547645125958379
ResNet50,0.57125,0.005470459518599562
ResNet50,0.571875,0.00546448087431694
ResNet50,0.5725,0.0054585152838427945
ResNet50,0.573125,0.0054525627044711015
ResNet50,0.57375,0.0054466230936819175
ResNet50,0.574375,0.00544069640914037
ResNet50,0.575,0.005434782608695652
ResNet50,0.575625,0.0054288816503800215
ResNet50,0.57625,0.005422993492407809
ResNet50,0.576875,0.005417118093174431
ResNet50,0.5775,0.005411255411255411
ResNet50,0.578125,0.005405405405405406
ResNet50,0.57875,0.005399568034557235
ResNet50,0.579375,0.005393743257820928
ResNet50,0.58,0.005387931034482759
ResNet50,0.580625,0.005382131324004306
ResNet50,0.58125,0.005376344086021506
ResNet50,0.581875,0.0053705692803437165
ResNet50,0.5825,0.00536480686695279
ResNet50,0.583125,0.0053590568060021436
ResNet50,0.58375,0.0053533190578158455
ResNet50,0.584375,0.0053475935828877
ResNet50,0.585,0.005341880341880342
ResNet50,0.585625,0.005336179295624333
ResNet50,0.58625,0.005330490405117271
ResNet50,0.586875,0.005324813631522897
ResNet50,0.5875,0.005319148936170213
ResNet50,0.588125,0.005313496280552604
ResNet50,0.58875,0.005307855626326964
ResNet50,0.589375,0.005302226935312832
ResNet50,0.59,0.005296610169491525
ResNet50,0.590625,0.005291005291005291
ResNet50,0.59125,0.005285412262156448
ResNet50,0.591875,0.005279831045406547
ResNet50,0.5925,0.005274261603375527
ResNet50,0.593125,0.005268703898840885
ResNet50,0.59375,0.005263157894736842
ResNet50,0.594375,0.005257623554153523
ResNet50,0.595,0.005252100840336135
ResNet50,0.595625,0.005246589716684155
ResNet50,0.59625,0.005241090146750524
ResNet50,0.596875,0.005235602094240838
ResNet50,0.5975,0.005230125523012552
ResNet50,0.598125,0.00522466039707419
ResNet50,0.59875,0.005219206680584551
ResNet50,0.599375,0.005213764337851929
ResNet50,0.6,0.005208333333333333
ResNet50,0.600625,0.005202913631633715
ResNet50,0.60125,0.005197505197505198
ResNet50,0.601875,0.005192107995846314
ResNet50,0.6025,0.005186721991701245
ResNet50,0.603125,0.0051813471502590676
ResNet50,0.60375,0.005175983436853002
ResNet50,0.604375,0.005170630816959669
ResNet50,0.605,0.005165289256198347
ResNet50,0.605625,0.005159958720330237
ResNet50,0.60625,0.005154639175257732
ResNet50,0.606875,0.005149330587023687
ResNet50,0.6075,0.0051440329218107
ResNet50,0.608125,0.0051387461459403904
ResNet50,0.60875,0.00513347022587269
ResNet50,0.609375,0.005128205128205128
ResNet50,0.61,0.005122950819672131
ResNet50,0.610625,0.00511770726714432
ResNet50,0.61125,0.005112474437627812
ResNet50,0.611875,0.005107252298263534
ResNet50,0.6125,0.00510204081632653
ResNet50,0.613125,0.0050968399592252805
ResNet50,0.61375,0.0050916496945010185
ResNet50,0.614375,0.00508646998982706
ResNet50,0.615,0.00508130081300813
ResNet50,0.615625,0.006091370558375634
ResNet50,0.61625,0.006085192697768763
ResNet50,0.616875,0.0060790273556231
ResNet50,0.6175,0.006072874493927126
ResNet50,0.618125,0.006066734074823054
ResNet50,0.61875,0.006060606060606061
ResNet50,0.619375,0.006054490413723511
ResNet50,0.62,0.006048387096774193
ResNet50,0.620625,0.006042296072507553
ResNet50,0.62125,0.006036217303822937
ResNet50,0.621875,0.006030150753768844
ResNet50,0.6225,0.006024096385542169
ResNet50,0.623125,0.006018054162487462
ResNet50,0.62375,0.006012024048096192
ResNet50,0.624375,0.006006006006006006
ResNet50,0.625,0.006
ResNet50,0.625625,0.005994005994005994
ResNet50,0.62625,0.005988023952095809
ResNet50,0.626875,0.005982053838484547
ResNet50,0.6275,0.00597609561752988
ResNet50,0.628125,0.005970149253731343
ResNet50,0.62875,0.005964214711729622
ResNet50,0.629375,0.005958291956305859
ResNet50,0.63,0.005952380952380952
ResNet50,0.630625,0.005946481665014866
ResNet50,0.63125,0.005940594059405941
ResNet50,0.631875,0.005934718100890208
ResNet50,0.6325,0.005928853754940711
ResNet50,0.633125,0.005923000987166831
ResNet50,0.63375,0.005917159763313609
ResNet50,0.634375,0.005911330049261084
ResNet50,0.635,0.005905511811023622
ResNet50,0.635625,0.0058997050147492625
ResNet50,0.63625,0.005893909626719057
ResNet50,0.636875,0.005888125613346418
ResNet50,0.6375,0.0058823529411764705
ResNet50,0.638125,0.005876591576885406
ResNet50,0.63875,0.005870841487279843
ResNet50,0.639375,0.005865102639296188
ResNet50,0.64,0.005859375
ResNet50,0.640625,0.005853658536585366
ResNet50,0.64125,0.005847953216374269
ResNet50,0.641875,0.005842259006815969
ResNet50,0.6425,0.005836575875486381
ResNet50,0.643125,0.0058309037900874635
ResNet50,0.64375,0.005825242718446602
ResNet50,0.644375,0.005819592628516004
ResNet50,0.645,0.005813953488372093
ResNet50,0.645625,0.005808325266214908
ResNet50,0.64625,0.005802707930367505
ResNet50,0.646875,0.005797101449275362
ResNet50,0.6475,0.005791505791505791
ResNet50,0.648125,0.0057859209257473485
ResNet50,0.64875,0.005780346820809248
ResNet50,0.649375,0.005774783445620789
ResNet50,0.65,0.0057692307692307696
ResNet50,0.650625,0.005763688760806916
ResNet50,0.65125,0.005758157389635317
ResNet50,0.651875,0.005752636625119847
ResNet50,0.6525,0.005747126436781609
ResNet50,0.653125,0.005741626794258373
ResNet50,0.65375,0.0057361376673040155
ResNet50,0.654375,0.0057306590257879654
ResNet50,0.655,0.0057251908396946565
ResNet50,0.655625,0.005719733079122974
ResNet50,0.65625,0.005714285714285714
ResNet50,0.656875,0.005708848715509039
ResNet50,0.6575,0.005703422053231939
ResNet50,0.658125,0.005698005698005698
ResNet50,0.65875,0.0056925996204933585
ResNet50,0.659375,0.005687203791469194
ResNet50,0.66,0.005681818181818182
ResNet50,0.660625,0.005676442762535478
ResNet50,0.66125,0.005671077504725898
ResNet50,0.661875,0.0056657223796034
ResNet50,0.6625,0.005660377358490566
ResNet50,0.663125,0.005655042412818096
ResNet50,0.66375,0.005649717514124294
ResNet50,0.664375,0.005644402634054563
ResNet50,0.665,0.005639097744360902
ResNet50,0.665625,0.005633802816901409
ResNet50,0.66625,0.005628517823639775
ResNet50,0.666875,0.005623242736644799
ResNet50,0.6675,0.006554307116104869
ResNet50,0.668125,0.006548175865294668
ResNet50,0.66875,0.0065420560747663555
ResNet50,0.669375,0.006535947712418301
ResNet50,0.67,0.0065298507462686565
ResNet50,0.670625,0.0065237651444548
ResNet50,0.67125,0.006517690875232775
ResNet50,0.671875,0.0065116279069767444
ResNet50,0.6725,0.006505576208178439
ResNet50,0.673125,0.0064995357474466105
ResNet50,0.67375,0.006493506493506494
ResNet50,0.674375,0.006487488415199258
ResNet50,0.675,0.006481481481481481
ResNet50,0.675625,0.0074005550416281225
ResNet50,0.67625,0.0073937153419593345
ResNet50,0.676875,0.007386888273314866
ResNet50,0.6775,0.007380073800738007
ResNet50,0.678125,0.007373271889400922
ResNet50,0.67875,0.007366482504604052
ResNet50,0.679375,0.007359705611775529
ResNet50,0.68,0.007352941176470588
ResNet50,0.680625,0.0073461891643709825
ResNet50,0.68125,0.007339449541284404
ResNet50,0.681875,0.007332722273143905
ResNet50,0.6825,0.007326007326007326
ResNet50,0.683125,0.007319304666056725
ResNet50,0.68375,0.007312614259597806
ResNet50,0.684375,0.0073059360730593605
ResNet50,0.685,0.0072992700729927005
ResNet50,0.685625,0.007292616226071103
ResNet50,0.68625,0.007285974499089253
ResNet50,0.686875,0.007279344858962694
ResNet50,0.6875,0.007272727272727273
ResNet50,0.688125,0.007266121707538601
ResNet50,0.68875,0.007259528130671506
ResNet50,0.689375,0.007252946509519492
ResNet50,0.69,0.007246376811594203
ResNet50,0.690625,0.007239819004524887
ResNet50,0.69125,0.007233273056057866
ResNet50,0.691875,0.007226738934056007
ResNet50,0.6925,0.007220216606498195
ResNet50,0.693125,0.007213706041478809
ResNet50,0.69375,0.007207207207207207
ResNet50,0.694375,0.0072007200720072
ResNet50,0.695,0.008093525179856115
ResNet50,0.695625,0.008086253369272238
ResNet50,0.69625,0.00807899461400359
ResNet50,0.696875,0.008071748878923767
ResNet50,0.6975,0.008064516129032258
ResNet50,0.698125,0.008057296329453895
ResNet50,0.69875,0.008050089445438283
ResNet50,0.699375,0.00804289544235925
ResNet50,0.7,0.008035714285714285
ResNet50,0.700625,0.008028545941123996
ResNet50,0.70125,0.008021390374331552
ResNet50,0.701875,0.008014247551202136
ResNet50,0.7025,0.00800711743772242
ResNet50,0.703125,0.008
ResNet50,0.70375,0.007992895204262877
ResNet50,0.704375,0.007985803016858917
ResNet50,0.705,0.007978723404255319
ResNet50,0.705625,0.007971656333038087
ResNet50,0.70625,0.007964601769911504
ResNet50,0.706875,0.007957559681697613
ResNet50,0.7075,0.007950530035335688
ResNet50,0.708125,0.00794351279788173
ResNet50,0.70875,0.007936507936507936
ResNet50,0.709375,0.007929515418502203
ResNet50,0.71,0.007922535211267605
ResNet50,0.710625,0.0079155672823219
ResNet50,0.71125,0.007908611599297012
ResNet50,0.711875,0.007901668129938543
ResNet50,0.7125,0.007894736842105263
ResNet50,0.713125,0.007887817703768623
ResNet50,0.71375,0.00788091068301226
ResNet50,0.714375,0.007874015748031496
ResNet50,0.715,0.007867132867132868
ResNet50,0.715625,0.007860262008733625
ResNet50,0.71625,0.007853403141361256
ResNet50,0.716875,0.007846556233653008
ResNet50,0.7175,0.0078397212543554
ResNet50,0.718125,0.007832898172323759
ResNet50,0.71875,0.00782608695652174
ResNet50,0.719375,0.007819287576020852
ResNet50,0.72,0.0078125
ResNet50,0.720625,0.007805724197745013
ResNet50,0.72125,0.00779896013864818
ResNet50,0.721875,0.007792207792207792
ResNet50,0.7225,0.007785467128027681
ResNet50,0.723125,0.007778738115816767
ResNet50,0.72375,0.007772020725388601
ResNet50,0.724375,0.007765314926660914
ResNet50,0.725,0.007758620689655172
ResNet50,0.725625,0.007751937984496124
ResNet50,0.72625,0.00774526678141136
ResNet50,0.726875,0.007738607050730868
ResNet50,0.7275,0.007731958762886598
ResNet50,0.728125,0.008583690987124463
ResNet50,0.72875,0.008576329331046312
ResNet50,0.729375,0.00856898029134533
ResNet50,0.73,0.008561643835616438
ResNet50,0.730625,0.00855431993156544
ResNet50,0.73125,0.008547008547008548
ResNet50,0.731875,0.008539709649871904
ResNet50,0.7325,0.008532423208191127
ResNet50,0.733125,0.008525149190110827
ResNet50,0.73375,0.008517887563884156
ResNet50,0.734375,0.00851063829787234
ResNet50,0.735,0.008503401360544218
ResNet50,0.735625,0.008496176720475786
ResNet50,0.73625,0.008488964346349746
ResNet50,0.736875,0.009329940627650551
ResNet50,0.7375,0.009322033898305085
ResNet50,0.738125,0.009314140558848433
ResNet50,0.73875,0.01015228426395939
ResNet50,0.739375,0.01014370245139476
ResNet50,0.74,0.010135135135135136
ResNet50,0.740625,0.010126582278481013
ResNet50,0.74125,0.010961214165261383
ResNet50,0.741875,0.010951979780960405
ResNet50,0.7425,0.010942760942760943
ResNet50,0.743125,0.010933557611438183
ResNet50,0.74375,0.010924369747899159
ResNet50,0.744375,0.0109151973131822
ResNet50,0.745,0.010906040268456376
ResNet50,0.745625,0.010896898575020955
ResNet50,0.74625,0.010887772194304857
ResNet50,0.746875,0.010878661087866108
ResNet50,0.7475,0.010869565217391304
ResNet50,0.748125,0.01086048454469507
ResNet50,0.74875,0.010851419031719533
ResNet50,0.749375,0.010842368640533779
ResNet50,0.75,0.010833333333333334
ResNet50,0.750625,0.010824313072439634
ResNet50,0.75125,0.010815307820299502
ResNet50,0.751875,0.010806317539484621
ResNet50,0.7525,0.01079734219269103
ResNet50,0.753125,0.010788381742738589
ResNet50,0.75375,0.01077943615257048
ResNet50,0.754375,0.010770505385252692
ResNet50,0.755,0.01076158940397351
ResNet50,0.755625,0.010752688172043012
ResNet50,0.75625,0.010743801652892562
ResNet50,0.756875,0.010734929810074319
ResNet50,0.7575,0.010726072607260726
ResNet50,0.758125,0.010717230008244023
ResNet50,0.75875,0.01070840197693575
ResNet50,0.759375,0.010699588477366255
ResNet50,0.76,0.01069078947368421
ResNet50,0.760625,0.010682004930156122
ResNet50,0.76125,0.010673234811165846
ResNet50,0.761875,0.01066447908121411
ResNet50,0.7625,0.011475409836065573
ResNet50,0.763125,0.012285012285012284
ResNet50,0.76375,0.012274959083469721
ResNet50,0.764375,0.012264922322158627
ResNet50,0.765,0.012254901960784314
ResNet50,0.765625,0.012244897959183673
ResNet50,0.76625,0.012234910277324634
ResNet50,0.766875,0.012224938875305624
ResNet50,0.7675,0.012214983713355049
ResNet50,0.768125,0.012205044751830757
ResNet50,0.76875,0.012195121951219513
ResNet50,0.769375,0.012185215272136474
ResNet50,0.77,0.012175324675324676
ResNet50,0.770625,0.012165450121654502
ResNet50,0.77125,0.012155591572123177
ResNet50,0.771875,0.012955465587044534
ResNet50,0.7725,0.012944983818770227
ResNet50,0.773125,0.0137429264349232
ResNet50,0.77375,0.013731825525040387
ResNet50,0.774375,0.013720742534301856
ResNet50,0.775,0.013709677419354839
ResNet50,0.775625,0.0136986301369863
ResNet50,0.77625,0.013687600644122383
ResNet50,0.776875,0.013676588897827836
ResNet50,0.7775,0.013665594855305467
ResNet50,0.778125,0.014457831325301205
ResNet50,0.77875,0.015248796147672551
ResNet50,0.779375,0.015236567762630313
ResNet50,0.78,0.015224358974358974
ResNet50,0.780625,0.01521216973578863
ResNet50,0.78125,0.0152
ResNet50,0.781875,0.015187849720223821
ResNet50,0.7825,0.015175718849840255
ResNet50,0.783125,0.015163607342378291
ResNet50,0.78375,0.01594896331738437
ResNet50,0.784375,0.01593625498007968
ResNet50,0.785,0.016719745222929936
ResNet50,0.785625,0.016706443914081145
ResNet50,0.78625,0.016693163751987282
ResNet50,0.786875,0.016679904686258934
ResNet50,0.7875,0.016666666666666666
ResNet50,0.788125,0.016653449643140365
ResNet50,0.78875,0.01664025356576862
ResNet50,0.789375,0.0166270783847981
ResNet50,0.79,0.01661392405063291
ResNet50,0.790625,0.016600790513833993
ResNet50,0.79125,0.016587677725118485
ResNet50,0.791875,0.016574585635359115
ResNet50,0.7925,0.016561514195583597
ResNet50,0.793125,0.016548463356973995
ResNet50,0.79375,0.01653543307086614
ResNet50,0.794375,0.016522423288749016
ResNet50,0.795,0.01650943396226415
ResNet50,0.795625,0.016496465043205028
ResNet50,0.79625,0.016483516483516484
ResNet50,0.796875,0.01647058823529412
ResNet50,0.7975,0.016457680250783698
ResNet50,0.798125,0.017227877838684416
ResNet50,0.79875,0.017214397496087636
ResNet50,0.799375,0.017200938232994525
ResNet50,0.8,0.0171875
ResNet50,0.800625,0.01717408274785324
ResNet50,0.80125,0.0171606864274571
ResNet50,0.801875,0.017926734216679657
ResNet50,0.8025,0.01791277258566978
ResNet50,0.803125,0.0178988326848249
ResNet50,0.80375,0.017884914463452566
ResNet50,0.804375,0.017871017871017872
ResNet50,0.805,0.017857142857142856
ResNet50,0.805625,0.017843289371605897
ResNet50,0.80625,0.017829457364341085
ResNet50,0.806875,0.017815646785437646
ResNet50,0.8075,0.01780185758513932
ResNet50,0.808125,0.017788089713843776
ResNet50,0.80875,0.01777434312210201
ResNet50,0.809375,0.01776061776061776
ResNet50,0.81,0.017746913580246913
ResNet50,0.810625,0.017733230531996914
ResNet50,0.81125,0.017719568567026195
ResNet50,0.811875,0.01770592763664357
ResNet50,0.8125,0.01769230769230769
ResNet50,0.813125,0.018447348193697154
ResNet50,0.81375,0.018433179723502304
ResNet50,0.814375,0.01841903300076746
ResNet50,0.815,0.018404907975460124
ResNet50,0.815625,0.01839080459770115
ResNet50,0.81625,0.018376722817764167
ResNet50,0.816875,0.018362662586074982
ResNet50,0.8175,0.01834862385321101
ResNet50,0.818125,0.019098548510313215
ResNet50,0.81875,0.019083969465648856
ResNet50,0.819375,0.01906941266209001
ResNet50,0.82,0.019054878048780487
ResNet50,0.820625,0.01904036557501904
ResNet50,0.82125,0.01902587519025875
ResNet50,0.821875,0.019011406844106463
ResNet50,0.8225,0.018996960486322188
ResNet50,0.823125,0.019741837509491267
ResNet50,0.82375,0.0204855842185129
ResNet50,0.824375,0.02047005307050796
ResNet50,0.825,0.020454545454545454
ResNet50,0.825625,0.021196063588190765
ResNet50,0.82625,0.02118003025718608
ResNet50,0.826875,0.021164021164021163
ResNet50,0.8275,0.021148036253776436
ResNet50,0.828125,0.021132075471698115
ResNet50,0.82875,0.021116138763197588
ResNet50,0.829375,0.02110022607385079
ResNet50,0.83,0.02108433734939759
ResNet50,0.830625,0.021068472535741158
ResNet50,0.83125,0.021052631578947368
ResNet50,0.831875,0.021036814425244178
ResNet50,0.8325,0.021021021021021023
ResNet50,0.833125,0.02175543885971493
ResNet50,0.83375,0.021739130434782608
ResNet50,0.834375,0.021722846441947566
ResNet50,0.835,0.021706586826347306
ResNet50,0.835625,0.02169035153328347
ResNet50,0.83625,0.021674140508221227
ResNet50,0.836875,0.022404779686333084
ResNet50,0.8375,0.022388059701492536
ResNet50,0.838125,0.023117076808351976
ResNet50,0.83875,0.023099850968703428
ResNet50,0.839375,0.02308265078183172
ResNet50,0.84,0.023065476190476192
ResNet50,0.840625,0.023048327137546468
ResNet50,0.84125,0.023031203566121844
ResNet50,0.841875,0.02301410541945063
ResNet50,0.8425,0.022997032640949554
ResNet50,0.843125,0.022979985174203115
ResNet50,0.84375,0.022962962962962963
ResNet50,0.844375,0.0229459659511473
ResNet50,0.845,0.022928994082840236
ResNet50,0.845625,0.022912047302291204
ResNet50,0.84625,0.023633677991137372
ResNet50,0.846875,0.023616236162361623
ResNet50,0.8475,0.02359882005899705
ResNet50,0.848125,0.023581429624170966
ResNet50,0.84875,0.023564064801178203
ResNet50,0.849375,0.0235467255334805
ResNet50,0.85,0.023529411764705882
ResNet50,0.850625,0.02351212343864805
ResNet50,0.85125,0.024229074889867842
ResNet50,0.851875,0.02421129860601614
ResNet50,0.8525,0.024926686217008796
ResNet50,0.853125,0.02564102564102564
ResNet50,0.85375,0.02562225475841874
ResNet50,0.854375,0.025603511338697878
ResNet50,0.855,0.025584795321637425
ResNet50,0.855625,0.026296566837107377
ResNet50,0.85625,0.026277372262773723
ResNet50,0.856875,0.0262582056892779
ResNet50,0.8575,0.026239067055393587
ResNet50,0.858125,0.026219956300072834
ResNet50,0.85875,0.026200873362445413
ResNet50,0.859375,0.02690909090909091
ResNet50,0.86,0.02688953488372093
ResNet50,0.860625,0.026870007262164125
ResNet50,0.86125,0.026850507982583455
ResNet50,0.861875,0.026831036983321246
ResNet50,0.8625,0.02753623188405797
ResNet50,0.863125,0.027516292541636494
ResNet50,0.86375,0.027496382054992764
ResNet50,0.864375,0.0274765003615329
ResNet50,0.865,0.02745664739884393
ResNet50,0.865625,0.027436823104693142
ResNet50,0.86625,0.027417027417027416
ResNet50,0.866875,0.0273972602739726
ResNet50,0.8675,0.027377521613832854
ResNet50,0.868125,0.027357811375089993
ResNet50,0.86875,0.027338129496402876
ResNet50,0.869375,0.027318475916606758
ResNet50,0.87,0.027298850574712645
ResNet50,0.870625,0.027279253409906678
ResNet50,0.87125,0.027259684361549498
ResNet50,0.871875,0.02795698924731183
ResNet50,0.8725,0.027936962750716332
ResNet50,0.873125,0.02791696492483894
ResNet50,0.87375,0.027896995708154508
ResNet50,0.874375,0.027877055039313797
ResNet50,0.875,0.02857142857142857
ResNet50,0.875625,0.028551034975017844
ResNet50,0.87625,0.028530670470756064
ResNet50,0.876875,0.02851033499643621
ResNet50,0.8775,0.02849002849002849
ResNet50,0.878125,0.028469750889679714
ResNet50,0.87875,0.02844950213371266
ResNet50,0.879375,0.028429282160625444
ResNet50,0.88,0.028409090909090908
ResNet50,0.880625,0.028388928317955996
ResNet50,0.88125,0.029078014184397163
ResNet50,0.881875,0.029057406094968107
ResNet50,0.8825,0.02903682719546742
ResNet50,0.883125,0.029016277423920735
ResNet50,0.88375,0.028995756718528994
ResNet50,0.884375,0.028975265017667843
ResNet50,0.885,0.028954802259887006
ResNet50,0.885625,0.029640084685956247
ResNet50,0.88625,0.030324400564174896
ResNet50,0.886875,0.030303030303030304
ResNet50,0.8875,0.03028169014084507
ResNet50,0.888125,0.03096410978184377
ResNet50,0.88875,0.030942334739803096
ResNet50,0.889375,0.03162333099086437
ResNet50,0.89,0.032303370786516857
ResNet50,0.890625,0.032280701754385965
ResNet50,0.89125,0.03295932678821879
ResNet50,0.891875,0.032936229852838124
ResNet50,0.8925,0.032913165266106444
ResNet50,0.893125,0.03358992302309307
ResNet50,0.89375,0.033566433566433566
ResNet50,0.894375,0.033542976939203356
ResNet50,0.895,0.0335195530726257
ResNet50,0.895625,0.03349616189811584
ResNet50,0.89625,0.03347280334728033
ResNet50,0.896875,0.033449477351916376
ResNet50,0.8975,0.033426183844011144
ResNet50,0.898125,0.033402922755741124
ResNet50,0.89875,0.03337969401947149
ResNet50,0.899375,0.03335649756775538
ResNet50,0.9,0.03333333333333333
ResNet50,0.900625,0.033310201249132546
ResNet50,0.90125,0.033287101248266296
ResNet50,0.901875,0.033264033264033266
ResNet50,0.9025,0.0332409972299169
ResNet50,0.903125,0.03321799307958478
ResNet50,0.90375,0.03319502074688797
ResNet50,0.904375,0.0331720801658604
ResNet50,0.905,0.03314917127071823
ResNet50,0.905625,0.033126293995859216
ResNet50,0.90625,0.03310344827586207
ResNet50,0.906875,0.03308063404548587
ResNet50,0.9075,0.03305785123966942
ResNet50,0.908125,0.03303509979353063
ResNet50,0.90875,0.033012379642365884
ResNet50,0.909375,0.032989690721649485
ResNet50,0.91,0.03296703296703297
ResNet50,0.910625,0.032944406314344546
ResNet50,0.91125,0.03292181069958848
ResNet50,0.911875,0.03289924605894448
ResNet50,0.9125,0.03287671232876712
ResNet50,0.913125,0.03285420944558522
ResNet50,0.91375,0.03283173734610123
ResNet50,0.914375,0.03349282296650718
ResNet50,0.915,0.03346994535519126
ResNet50,0.915625,0.033447098976109216
ResNet50,0.91625,0.03342428376534789
ResNet50,0.916875,0.033401499659168374
ResNet50,0.9175,0.03337874659400545
ResNet50,0.918125,0.033356024506466984
ResNet50,0.91875,0.03333333333333333
ResNet50,0.919375,0.03331067301155676
ResNet50,0.92,0.033967391304347824
ResNet50,0.920625,0.034623217922606926
ResNet50,0.92125,0.03459972862957938
ResNet50,0.921875,0.03525423728813559
ResNet50,0.9225,0.03590785907859079
ResNet50,0.923125,0.03588354773188896
ResNet50,0.92375,0.036535859269282815
ResNet50,0.924375,0.036511156186612576
ResNet50,0.925,0.03648648648648649
ResNet50,0.925625,0.03713706954760297
ResNet50,0.92625,0.037786774628879895
ResNet50,0.926875,0.037761294672960216
ResNet50,0.9275,0.03773584905660377
ResNet50,0.928125,0.03838383838383838
ResNet50,0.92875,0.039030955585464336
ResNet50,0.929375,0.03967720242098184
ResNet50,0.93,0.0396505376344086
ResNet50,0.930625,0.039623908663532575
ResNet50,0.93125,0.03959731543624161
ResNet50,0.931875,0.04024144869215292
ResNet50,0.9325,0.040214477211796246
ResNet50,0.933125,0.04085733422638982
ResNet50,0.93375,0.041499330655957165
ResNet50,0.934375,0.04147157190635452
ResNet50,0.935,0.04144385026737968
ResNet50,0.935625,0.041416165664662656
ResNet50,0.93625,0.04205607476635514
ResNet50,0.936875,0.04269513008672448
ResNet50,0.9375,0.043333333333333335
ResNet50,0.938125,0.04330446369087275
ResNet50,0.93875,0.043275632490013316
ResNet50,0.939375,0.043912175648702596
ResNet50,0.94,0.04454787234042553
ResNet50,0.940625,0.045182724252491695
ResNet50,0.94125,0.045816733067729085
ResNet50,0.941875,0.0457863304578633
ResNet50,0.9425,0.045755968169761276
ResNet50,0.943125,0.04572564612326044
ResNet50,0.94375,0.0456953642384106
ResNet50,0.944375,0.04632693580410324
ResNet50,0.945,0.046296296296296294
ResNet50,0.945625,0.046265697290152015
ResNet50,0.94625,0.04689564068692206
ResNet50,0.946875,0.047524752475247525
ResNet50,0.9475,0.047493403693931395
ResNet50,0.948125,0.047462096242584045
ResNet50,0.94875,0.04808959156785244
ResNet50,0.949375,0.048716260697827515
ResNet50,0.95,0.04868421052631579
ResNet50,0.950625,0.04865220249835635
ResNet50,0.95125,0.04862023653088042
ResNet50,0.951875,0.048588312541037425
ResNet50,0.9525,0.048556430446194225
ResNet50,0.953125,0.04918032786885246
ResNet50,0.95375,0.04980340760157274
ResNet50,0.954375,0.04977079240340537
ResNet50,0.955,0.049738219895287955
ResNet50,0.955625,0.04970568999345978
ResNet50,0.95625,0.05032679738562092
ResNet50,0.956875,0.050293925538863485
ResNet50,0.9575,0.050913838120104436
ResNet50,0.958125,0.050880626223091974
ResNet50,0.95875,0.05084745762711865
ResNet50,0.959375,0.050814332247557006
ResNet50,0.96,0.051432291666666664
ResNet50,0.960625,0.05204944697462589
ResNet50,0.96125,0.05201560468140442
ResNet50,0.961875,0.05198180636777128
ResNet50,0.9625,0.05194805194805195
ResNet50,0.963125,0.05256327060350422
ResNet50,0.96375,0.05317769130998703
ResNet50,0.964375,0.053791315618924175
ResNet50,0.965,0.054404145077720206
ResNet50,0.965625,0.05436893203883495
ResNet50,0.96625,0.054980595084087966
ResNet50,0.966875,0.055591467356173235
ResNet50,0.9675,0.05555555555555555
ResNet50,0.968125,0.05551969012265978
ResNet50,0.96875,0.05548387096774193
ResNet50,0.969375,0.05544809800128949
ResNet50,0.97,0.05605670103092784
ResNet50,0.970625,0.056020605280103025
ResNet50,0.97125,0.055984555984555984
ResNet50,0.971875,0.05659163987138264
ResNet50,0.9725,0.05719794344473008
ResNet50,0.973125,0.057803468208092484
ResNet50,0.97375,0.05840821566110398
ResNet50,0.974375,0.059012187299550996
ResNet50,0.975,0.05961538461538462
ResNet50,0.975625,0.06021780909673286
ResNet50,0.97625,0.06017925736235595
ResNet50,0.976875,0.060780550223928344
ResNet50,0.9775,0.061381074168797956
ResNet50,0.978125,0.061980830670926516
ResNet50,0.97875,0.06257982120051085
ResNet50,0.979375,0.0631780472239949
ResNet50,0.98,0.06377551020408163
ResNet50,0.980625,0.06373486297004462
ResNet50,0.98125,0.0643312101910828
ResNet50,0.981875,0.06429026098026734
ResNet50,0.9825,0.0648854961832061
ResNet50,0.983125,0.06547997457088366
ResNet50,0.98375,0.06607369758576874
ResNet50,0.984375,0.06666666666666667
ResNet50,0.985,0.06662436548223351
ResNet50,0.985625,0.06721623335447051
ResNet50,0.98625,0.06780735107731306
ResNet50,0.986875,0.06776440785307157
ResNet50,0.9875,0.06772151898734177
ResNet50,0.988125,0.0683111954459203
ResNet50,0.98875,0.06826801517067003
ResNet50,0.989375,0.06885660138976626
ResNet50,0.99,0.06944444444444445
ResNet50,0.990625,0.0694006309148265
ResNet50,0.99125,0.06935687263556116
ResNet50,0.991875,0.06994328922495274
ResNet50,0.9925,0.07052896725440806
ResNet50,0.993125,0.0711139081183134
ResNet50,0.99375,0.0710691823899371
ResNet50,0.994375,0.07165304839723445
ResNet50,0.995,0.07160804020100503
ResNet50,0.995625,0.07219083490269931
ResNet50,0.99625,0.07214554579673776
ResNet50,0.996875,0.07272727272727272
ResNet50,0.9975,0.07330827067669173
ResNet50,0.998125,0.07388854101440201
ResNet50,0.99875,0.07384230287859825
ResNet50,0.999375,0.07379612257661038
ResNet50,1.0,0.07375
EfficientNetB0,0.000625,0.0
EfficientNetB0,0.00125,0.0
EfficientNetB0,0.001875,0.0
EfficientNetB0,0.0025,0.0
EfficientNetB0,0.003125,0.0
EfficientNetB0,0.00375,0.0
EfficientNetB0,0.004375,0.0
EfficientNetB0,0.005,0.0
EfficientNetB0,0.005625,0.0
EfficientNetB0,0.00625,0.0
EfficientNetB0,0.006875,0.0
EfficientNetB0,0.0075,0.0
EfficientNetB0,0.008125,0.0
EfficientNetB0,0.00875,0.0
EfficientNetB0,0.009375,0.0
EfficientNetB0,0.01,0.0
EfficientNetB0,0.010625,0.0
EfficientNetB0,0.01125,0.0
EfficientNetB0,0.011875,0.0
EfficientNetB0,0.0125,0.0
EfficientNetB0,0.013125,0.0
EfficientNetB0,0.01375,0.0
EfficientNetB0,0.014375,0.0
EfficientNetB0,0.015,0.0
EfficientNetB0,0.015625,0.0
EfficientNetB0,0.01625,0.0
EfficientNetB0,0.016875,0.0
EfficientNetB0,0.0175,0.0
EfficientNetB0,0.018125,0.0
EfficientNetB0,0.01875,0.0
EfficientNetB0,0.019375,0.0
EfficientNetB0,0.02,0.0
EfficientNetB0,0.020625,0.0
EfficientNetB0,0.02125,0.0
EfficientNetB0,0.021875,0.0
EfficientNetB0,0.0225,0.0
EfficientNetB0,0.023125,0.0
EfficientNetB0,0.02375,0.0
EfficientNetB0,0.024375,0.0
EfficientNetB0,0.025,0.0
EfficientNetB0,0.025625,0.0
EfficientNetB0,0.02625,0.0
EfficientNetB0,0.026875,0.0
EfficientNetB0,0.0275,0.0
EfficientNetB0,0.028125,0.0
EfficientNetB0,0.02875,0.0
EfficientNetB0,0.029375,0.0
EfficientNetB0,0.03,0.0
EfficientNetB0,0.030625,0.0
EfficientNetB0,0.03125,0.0
EfficientNetB0,0.031875,0.0
EfficientNetB0,0.0325,0.0
EfficientNetB0,0.033125,0.0
EfficientNetB0,0.03375,0.0
EfficientNetB0,0.034375,0.0
EfficientNetB0,0.035,0.0
EfficientNetB0,0.035625,0.0
EfficientNetB0,0.03625,0.0
EfficientNetB0,0.036875,0.0
EfficientNetB0,0.0375,0.0
EfficientNetB0,0.038125,0.0
EfficientNetB0,0.03875,0.0
EfficientNetB0,0.039375,0.0
EfficientNetB0,0.04,0.0
EfficientNetB0,0.040625,0.0
EfficientNetB0,0.04125,0.0
EfficientNetB0,0.041875,0.0
EfficientNetB0,0.0425,0.0
EfficientNetB0,0.043125,0.0
EfficientNetB0,0.04375,0.0
EfficientNetB0,0.044375,0.0
EfficientNetB0,0.045,0.0
EfficientNetB0,0.045625,0.0
EfficientNetB0,0.04625,0.0
EfficientNetB0,0.046875,0.0
EfficientNetB0,0.0475,0.0
EfficientNetB0,0.048125,0.0
EfficientNetB0,0.04875,0.0
EfficientNetB0,0.049375,0.0
EfficientNetB0,0.05,0.0
EfficientNetB0,0.050625,0.0
EfficientNetB0,0.05125,0.0
EfficientNetB0,0.051875,0.0
EfficientNetB0,0.0525,0.0
EfficientNetB0,0.053125,0.0
EfficientNetB0,0.05375,0.0
EfficientNetB0,0.054375,0.0
EfficientNetB0,0.055,0.0
EfficientNetB0,0.055625,0.0
EfficientNetB0,0.05625,0.0
EfficientNetB0,0.056875,0.0
EfficientNetB0,0.0575,0.0
EfficientNetB0,0.058125,0.0
EfficientNetB0,0.05875,0.0
EfficientNetB0,0.059375,0.0
EfficientNetB0,0.06,0.0
EfficientNetB0,0.060625,0.0
EfficientNetB0,0.06125,0.0
EfficientNetB0,0.061875,0.0
EfficientNetB0,0.0625,0.0
EfficientNetB0,0.063125,0.0
EfficientNetB0,0.06375,0.0
EfficientNetB0,0.064375,0.0
EfficientNetB0,0.065,0.0
EfficientNetB0,0.065625,0.0
EfficientNetB0,0.06625,0.0
EfficientNetB0,0.066875,0.0
EfficientNetB0,0.0675,0.0
EfficientNetB0,0.068125,0.0
EfficientNetB0,0.06875,0.0
EfficientNetB0,0.069375,0.0
EfficientNetB0,0.07,0.0
EfficientNetB0,0.070625,0.0
EfficientNetB0,0.07125,0.0
EfficientNetB0,0.071875,0.0
EfficientNetB0,0.0725,0.0
EfficientNetB0,0.073125,0.0
EfficientNetB0,0.07375,0.0
EfficientNetB0,0.074375,0.0
EfficientNetB0,0.075,0.0
EfficientNetB0,0.075625,0.0
EfficientNetB0,0.07625,0.0
EfficientNetB0,0.076875,0.0
EfficientNetB0,0.0775,0.0
EfficientNetB0,0.078125,0.0
EfficientNetB0,0.07875,0.0
EfficientNetB0,0.079375,0.0
EfficientNetB0,0.08,0.0
EfficientNetB0,0.080625,0.0
EfficientNetB0,0.08125,0.0
EfficientNetB0,0.081875,0.0
EfficientNetB0,0.0825,0.0
EfficientNetB0,0.083125,0.0
EfficientNetB0,0.08375,0.0
EfficientNetB0,0.084375,0.0
EfficientNetB0,0.085,0.0
EfficientNetB0,0.085625,0.0
EfficientNetB0,0.08625,0.0
EfficientNetB0,0.086875,0.0
EfficientNetB0,0.0875,0.0
EfficientNetB0,0.088125,0.0
EfficientNetB0,0.08875,0.0
EfficientNetB0,0.089375,0.0
EfficientNetB0,0.09,0.0
EfficientNetB0,0.090625,0.0
EfficientNetB0,0.09125,0.0
EfficientNetB0,0.091875,0.0
EfficientNetB0,0.0925,0.0
EfficientNetB0,0.093125,0.0
EfficientNetB0,0.09375,0.0
EfficientNetB0,0.094375,0.0
EfficientNetB0,0.095,0.0
EfficientNetB0,0.095625,0.0
EfficientNetB0,0.09625,0.0
EfficientNetB0,0.096875,0.0
EfficientNetB0,0.0975,0.0
EfficientNetB0,0.098125,0.0
EfficientNetB0,0.09875,0.0
EfficientNetB0,0.099375,0.0
EfficientNetB0,0.1,0.0
EfficientNetB0,0.100625,0.0
EfficientNetB0,0.10125,0.0
EfficientNetB0,0.101875,0.0
EfficientNetB0,0.1025,0.0
EfficientNetB0,0.103125,0.0
EfficientNetB0,0.10375,0.0
EfficientNetB0,0.104375,0.0
EfficientNetB0,0.105,0.0
EfficientNetB0,0.105625,0.0
EfficientNetB0,0.10625,0.0
EfficientNetB0,0.106875,0.0
EfficientNetB0,0.1075,0.0
EfficientNetB0,0.108125,0.0
EfficientNetB0,0.10875,0.0
EfficientNetB0,0.109375,0.0
EfficientNetB0,0.11,0.0
EfficientNetB0,0.110625,0.0
EfficientNetB0,0.11125,0.0
EfficientNetB0,0.111875,0.0
EfficientNetB0,0.1125,0.0
EfficientNetB0,0.113125,0.0
EfficientNetB0,0.11375,0.0
EfficientNetB0,0.114375,0.0
EfficientNetB0,0.115,0.0
EfficientNetB0,0.115625,0.0
EfficientNetB0,0.11625,0.0
EfficientNetB0,0.116875,0.0
EfficientNetB0,0.1175,0.0
EfficientNetB0,0.118125,0.0
EfficientNetB0,0.11875,0.0
EfficientNetB0,0.119375,0.0
EfficientNetB0,0.12,0.0
EfficientNetB0,0.120625,0.0
EfficientNetB0,0.12125,0.0
EfficientNetB0,0.121875,0.0
EfficientNetB0,0.1225,0.0
EfficientNetB0,0.123125,0.0
EfficientNetB0,0.12375,0.0
EfficientNetB0,0.124375,0.0
EfficientNetB0,0.125,0.0
EfficientNetB0,0.125625,0.0
EfficientNetB0,0.12625,0.0
EfficientNetB0,0.126875,0.0
EfficientNetB0,0.1275,0.0
EfficientNetB0,0.128125,0.0
EfficientNetB0,0.12875,0.0
EfficientNetB0,0.129375,0.0
EfficientNetB0,0.13,0.0
EfficientNetB0,0.130625,0.0
EfficientNetB0,0.13125,0.0
EfficientNetB0,0.131875,0.0
EfficientNetB0,0.1325,0.0
EfficientNetB0,0.133125,0.0
EfficientNetB0,0.13375,0.0
EfficientNetB0,0.134375,0.0
EfficientNetB0,0.135,0.0
EfficientNetB0,0.135625,0.0
EfficientNetB0,0.13625,0.0
EfficientNetB0,0.136875,0.0
EfficientNetB0,0.1375,0.0
EfficientNetB0,0.138125,0.0
EfficientNetB0,0.13875,0.0
EfficientNetB0,0.139375,0.0
EfficientNetB0,0.14,0.0
EfficientNetB0,0.140625,0.0
EfficientNetB0,0.14125,0.0
EfficientNetB0,0.141875,0.0
EfficientNetB0,0.1425,0.0
EfficientNetB0,0.143125,0.0
EfficientNetB0,0.14375,0.0
EfficientNetB0,0.144375,0.0
EfficientNetB0,0.145,0.0
EfficientNetB0,0.145625,0.0
EfficientNetB0,0.14625,0.0
EfficientNetB0,0.146875,0.0
EfficientNetB0,0.1475,0.0
EfficientNetB0,0.148125,0.0
EfficientNetB0,0.14875,0.0
EfficientNetB0,0.149375,0.0
EfficientNetB0,0.15,0.0
EfficientNetB0,0.150625,0.0
EfficientNetB0,0.15125,0.0
EfficientNetB0,0.151875,0.0
EfficientNetB0,0.1525,0.0
EfficientNetB0,0.153125,0.0
EfficientNetB0,0.15375,0.0
EfficientNetB0,0.154375,0.0
EfficientNetB0,0.155,0.0
EfficientNetB0,0.155625,0.0
EfficientNetB0,0.15625,0.0
EfficientNetB0,0.156875,0.0
EfficientNetB0,0.1575,0.0
EfficientNetB0,0.158125,0.0
EfficientNetB0,0.15875,0.0
EfficientNetB0,0.159375,0.0
EfficientNetB0,0.16,0.0
EfficientNetB0,0.160625,0.0
EfficientNetB0,0.16125,0.0
EfficientNetB0,0.161875,0.0
EfficientNetB0,0.1625,0.0
EfficientNetB0,0.163125,0.0
EfficientNetB0,0.16375,0.0
EfficientNetB0,0.164375,0.0
EfficientNetB0,0.165,0.0
EfficientNetB0,0.165625,0.0
EfficientNetB0,0.16625,0.0
EfficientNetB0,0.166875,0.0
EfficientNetB0,0.1675,0.0
EfficientNetB0,0.168125,0.0
EfficientNetB0,0.16875,0.0
EfficientNetB0,0.169375,0.0
EfficientNetB0,0.17,0.0
EfficientNetB0,0.170625,0.0
EfficientNetB0,0.17125,0.0
EfficientNetB0,0.171875,0.0
EfficientNetB0,0.1725,0.0
EfficientNetB0,0.173125,0.0
EfficientNetB0,0.17375,0.0
EfficientNetB0,0.174375,0.0
EfficientNetB0,0.175,0.0
EfficientNetB0,0.175625,0.0
EfficientNetB0,0.17625,0.0
EfficientNetB0,0.176875,0.0
EfficientNetB0,0.1775,0.0
EfficientNetB0,0.178125,0.0
EfficientNetB0,0.17875,0.0
EfficientNetB0,0.179375,0.0
EfficientNetB0,0.18,0.0
EfficientNetB0,0.180625,0.0
EfficientNetB0,0.18125,0.0
EfficientNetB0,0.181875,0.0
EfficientNetB0,0.1825,0.0
EfficientNetB0,0.183125,0.0
EfficientNetB0,0.18375,0.0
EfficientNetB0,0.184375,0.0
EfficientNetB0,0.185,0.0
EfficientNetB0,0.185625,0.0
EfficientNetB0,0.18625,0.0
EfficientNetB0,0.186875,0.0
EfficientNetB0,0.1875,0.0
EfficientNetB0,0.188125,0.0
EfficientNetB0,0.18875,0.0
EfficientNetB0,0.189375,0.0
EfficientNetB0,0.19,0.0
EfficientNetB0,0.190625,0.0
EfficientNetB0,0.19125,0.0
EfficientNetB0,0.191875,0.0
EfficientNetB0,0.1925,0.0
EfficientNetB0,0.193125,0.0
EfficientNetB0,0.19375,0.0
EfficientNetB0,0.194375,0.0
EfficientNetB0,0.195,0.0
EfficientNetB0,0.195625,0.0
EfficientNetB0,0.19625,0.0
EfficientNetB0,0.196875,0.0
EfficientNetB0,0.1975,0.0
EfficientNetB0,0.198125,0.0
EfficientNetB0,0.19875,0.0
EfficientNetB0,0.199375,0.0
EfficientNetB0,0.2,0.0
EfficientNetB0,0.200625,0.0
EfficientNetB0,0.20125,0.0
EfficientNetB0,0.201875,0.0
EfficientNetB0,0.2025,0.0
EfficientNetB0,0.203125,0.0
EfficientNetB0,0.20375,0.0
EfficientNetB0,0.204375,0.0
EfficientNetB0,0.205,0.0
EfficientNetB0,0.205625,0.0
EfficientNetB0,0.20625,0.0
EfficientNetB0,0.206875,0.0
EfficientNetB0,0.2075,0.0
EfficientNetB0,0.208125,0.0
EfficientNetB0,0.20875,0.0
EfficientNetB0,0.209375,0.0
EfficientNetB0,0.21,0.0
EfficientNetB0,0.210625,0.0
EfficientNetB0,0.21125,0.0
EfficientNetB0,0.211875,0.0
EfficientNetB0,0.2125,0.0
EfficientNetB0,0.213125,0.0
EfficientNetB0,0.21375,0.0
EfficientNetB0,0.214375,0.0
EfficientNetB0,0.215,0.0
EfficientNetB0,0.215625,0.0
EfficientNetB0,0.21625,0.0
EfficientNetB0,0.216875,0.0
EfficientNetB0,0.2175,0.0
EfficientNetB0,0.218125,0.0
EfficientNetB0,0.21875,0.0
EfficientNetB0,0.219375,0.0
EfficientNetB0,0.22,0.0
EfficientNetB0,0.220625,0.0
EfficientNetB0,0.22125,0.0
EfficientNetB0,0.221875,0.0
EfficientNetB0,0.2225,0.0
EfficientNetB0,0.223125,0.0
EfficientNetB0,0.22375,0.0
EfficientNetB0,0.224375,0.0
EfficientNetB0,0.225,0.0
EfficientNetB0,0.225625,0.0
EfficientNetB0,0.22625,0.0
EfficientNetB0,0.226875,0.0
EfficientNetB0,0.2275,0.0
EfficientNetB0,0.228125,0.0
EfficientNetB0,0.22875,0.0
EfficientNetB0,0.229375,0.0
EfficientNetB0,0.23,0.0
EfficientNetB0,0.230625,0.0
EfficientNetB0,0.23125,0.0
EfficientNetB0,0.231875,0.0
EfficientNetB0,0.2325,0.0
EfficientNetB0,0.233125,0.0
EfficientNetB0,0.23375,0.0
EfficientNetB0,0.234375,0.0
EfficientNetB0,0.235,0.0
EfficientNetB0,0.235625,0.0
EfficientNetB0,0.23625,0.0
EfficientNetB0,0.236875,0.0
EfficientNetB0,0.2375,0.0
EfficientNetB0,0.238125,0.0
EfficientNetB0,0.23875,0.0
EfficientNetB0,0.239375,0.0
EfficientNetB0,0.24,0.0
EfficientNetB0,0.240625,0.0
EfficientNetB0,0.24125,0.0
EfficientNetB0,0.241875,0.0
EfficientNetB0,0.2425,0.0
EfficientNetB0,0.243125,0.0
EfficientNetB0,0.24375,0.0
EfficientNetB0,0.244375,0.0
EfficientNetB0,0.245,0.0
EfficientNetB0,0.245625,0.0
EfficientNetB0,0.24625,0.0
EfficientNetB0,0.246875,0.0
EfficientNetB0,0.2475,0.0
EfficientNetB0,0.248125,0.0
EfficientNetB0,0.24875,0.0
EfficientNetB0,0.249375,0.0
EfficientNetB0,0.25,0.0
EfficientNetB0,0.250625,0.0
EfficientNetB0,0.25125,0.0
EfficientNetB0,0.251875,0.0
EfficientNetB0,0.2525,0.0
EfficientNetB0,0.253125,0.0
EfficientNetB0,0.25375,0.0
EfficientNetB0,0.254375,0.0
EfficientNetB0,0.255,0.0
EfficientNetB0,0.255625,0.0
EfficientNetB0,0.25625,0.0
EfficientNetB0,0.256875,0.0
EfficientNetB0,0.2575,0.0
EfficientNetB0,0.258125,0.0
EfficientNetB0,0.25875,0.0
EfficientNetB0,0.259375,0.0
EfficientNetB0,0.26,0.0
EfficientNetB0,0.260625,0.0
EfficientNetB0,0.26125,0.0
EfficientNetB0,0.261875,0.0
EfficientNetB0,0.2625,0.0
EfficientNetB0,0.263125,0.0
EfficientNetB0,0.26375,0.0
EfficientNetB0,0.264375,0.0
EfficientNetB0,0.265,0.0
EfficientNetB0,0.265625,0.0
EfficientNetB0,0.26625,0.0
EfficientNetB0,0.266875,0.0
EfficientNetB0,0.2675,0.0
EfficientNetB0,0.268125,0.0
EfficientNetB0,0.26875,0.0
EfficientNetB0,0.269375,0.0
EfficientNetB0,0.27,0.0
EfficientNetB0,0.270625,0.0
EfficientNetB0,0.27125,0.0
EfficientNetB0,0.271875,0.0
EfficientNetB0,0.2725,0.0
EfficientNetB0,0.273125,0.0
EfficientNetB0,0.27375,0.0
EfficientNetB0,0.274375,0.0
EfficientNetB0,0.275,0.0
EfficientNetB0,0.275625,0.0
EfficientNetB0,0.27625,0.0
EfficientNetB0,0.276875,0.0
EfficientNetB0,0.2775,0.0
EfficientNetB0,0.278125,0.0
EfficientNetB0,0.27875,0.0
EfficientNetB0,0.279375,0.0
EfficientNetB0,0.28,0.0
EfficientNetB0,0.280625,0.0
EfficientNetB0,0.28125,0.0
EfficientNetB0,0.281875,0.0
EfficientNetB0,0.2825,0.0
EfficientNetB0,0.283125,0.0
EfficientNetB0,0.28375,0.0
EfficientNetB0,0.284375,0.0
EfficientNetB0,0.285,0.0
EfficientNetB0,0.285625,0.0
EfficientNetB0,0.28625,0.0
EfficientNetB0,0.286875,0.0
EfficientNetB0,0.2875,0.0
EfficientNetB0,0.288125,0.0
EfficientNetB0,0.28875,0.0
EfficientNetB0,0.289375,0.0
EfficientNetB0,0.29,0.0
EfficientNetB0,0.290625,0.0
EfficientNetB0,0.29125,0.0
EfficientNetB0,0.291875,0.0
EfficientNetB0,0.2925,0.0
EfficientNetB0,0.293125,0.0
EfficientNetB0,0.29375,0.0
EfficientNetB0,0.294375,0.0
EfficientNetB0,0.295,0.0
EfficientNetB0,0.295625,0.0
EfficientNetB0,0.29625,0.0
EfficientNetB0,0.296875,0.0
EfficientNetB0,0.2975,0.0
EfficientNetB0,0.298125,0.0
EfficientNetB0,0.29875,0.0
EfficientNetB0,0.299375,0.0
EfficientNetB0,0.3,0.0
EfficientNetB0,0.300625,0.0
EfficientNetB0,0.30125,0.0
EfficientNetB0,0.301875,0.0
EfficientNetB0,0.3025,0.0
EfficientNetB0,0.303125,0.0
EfficientNetB0,0.30375,0.0
EfficientNetB0,0.304375,0.0
EfficientNetB0,0.305,0.0
EfficientNetB0,0.305625,0.0
EfficientNetB0,0.30625,0.0
EfficientNetB0,0.306875,0.0
EfficientNetB0,0.3075,0.0
EfficientNetB0,0.308125,0.0
EfficientNetB0,0.30875,0.0
EfficientNetB0,0.309375,0.0
EfficientNetB0,0.31,0.0
EfficientNetB0,0.310625,0.0
EfficientNetB0,0.31125,0.0
EfficientNetB0,0.311875,0.0
EfficientNetB0,0.3125,0.0
EfficientNetB0,0.313125,0.0
EfficientNetB0,0.31375,0.0
EfficientNetB0,0.314375,0.0
EfficientNetB0,0.315,0.0
EfficientNetB0,0.315625,0.0
EfficientNetB0,0.31625,0.0
EfficientNetB0,0.316875,0.0
EfficientNetB0,0.3175,0.0
EfficientNetB0,0.318125,0.0
EfficientNetB0,0.31875,0.0
EfficientNetB0,0.319375,0.0
EfficientNetB0,0.32,0.0
EfficientNetB0,0.320625,0.0
EfficientNetB0,0.32125,0.0
EfficientNetB0,0.321875,0.0
EfficientNetB0,0.3225,0.0
EfficientNetB0,0.323125,0.0
EfficientNetB0,0.32375,0.0
EfficientNetB0,0.324375,0.0
EfficientNetB0,0.325,0.0
EfficientNetB0,0.325625,0.0
EfficientNetB0,0.32625,0.0
EfficientNetB0,0.326875,0.0
EfficientNetB0,0.3275,0.0
EfficientNetB0,0.328125,0.0
EfficientNetB0,0.32875,0.0
EfficientNetB0,0.329375,0.0
EfficientNetB0,0.33,0.0
EfficientNetB0,0.330625,0.0
EfficientNetB0,0.33125,0.0
EfficientNetB0,0.331875,0.0
EfficientNetB0,0.3325,0.0
EfficientNetB0,0.333125,0.0
EfficientNetB0,0.33375,0.0
EfficientNetB0,0.334375,0.0
EfficientNetB0,0.335,0.0
EfficientNetB0,0.335625,0.0
EfficientNetB0,0.33625,0.0
EfficientNetB0,0.336875,0.0
EfficientNetB0,0.3375,0.0
EfficientNetB0,0.338125,0.0
EfficientNetB0,0.33875,0.0
EfficientNetB0,0.339375,0.0
EfficientNetB0,0.34,0.0
EfficientNetB0,0.340625,0.0
EfficientNetB0,0.34125,0.0
EfficientNetB0,0.341875,0.0
EfficientNetB0,0.3425,0.0
EfficientNetB0,0.343125,0.0
EfficientNetB0,0.34375,0.0
EfficientNetB0,0.344375,0.0
EfficientNetB0,0.345,0.0
EfficientNetB0,0.345625,0.0
EfficientNetB0,0.34625,0.0
EfficientNetB0,0.346875,0.0
EfficientNetB0,0.3475,0.0
EfficientNetB0,0.348125,0.0
EfficientNetB0,0.34875,0.0
EfficientNetB0,0.349375,0.0
EfficientNetB0,0.35,0.0
EfficientNetB0,0.350625,0.0
EfficientNetB0,0.35125,0.0
EfficientNetB0,0.351875,0.0
EfficientNetB0,0.3525,0.0
EfficientNetB0,0.353125,0.0
EfficientNetB0,0.35375,0.0
EfficientNetB0,0.354375,0.0
EfficientNetB0,0.355,0.0
EfficientNetB0,0.355625,0.0
EfficientNetB0,0.35625,0.0
EfficientNetB0,0.356875,0.0
EfficientNetB0,0.3575,0.0
EfficientNetB0,0.358125,0.0
EfficientNetB0,0.35875,0.0
EfficientNetB0,0.359375,0.0
EfficientNetB0,0.36,0.0
EfficientNetB0,0.360625,0.0
EfficientNetB0,0.36125,0.0
EfficientNetB0,0.361875,0.0
EfficientNetB0,0.3625,0.0
EfficientNetB0,0.363125,0.0
EfficientNetB0,0.36375,0.0
EfficientNetB0,0.364375,0.0
EfficientNetB0,0.365,0.0
EfficientNetB0,0.365625,0.0
EfficientNetB0,0.36625,0.0
EfficientNetB0,0.366875,0.0
EfficientNetB0,0.3675,0.0
EfficientNetB0,0.368125,0.0
EfficientNetB0,0.36875,0.0
EfficientNetB0,0.369375,0.0
EfficientNetB0,0.37,0.0
EfficientNetB0,0.370625,0.0
EfficientNetB0,0.37125,0.0
EfficientNetB0,0.371875,0.0
EfficientNetB0,0.3725,0.0
EfficientNetB0,0.373125,0.0
EfficientNetB0,0.37375,0.0
EfficientNetB0,0.374375,0.0
EfficientNetB0,0.375,0.0
EfficientNetB0,0.375625,0.0
EfficientNetB0,0.37625,0.0
EfficientNetB0,0.376875,0.0
EfficientNetB0,0.3775,0.0
EfficientNetB0,0.378125,0.0
EfficientNetB0,0.37875,0.0
EfficientNetB0,0.379375,0.0
EfficientNetB0,0.38,0.0
EfficientNetB0,0.380625,0.0
EfficientNetB0,0.38125,0.0
EfficientNetB0,0.381875,0.0
EfficientNetB0,0.3825,0.0
EfficientNetB0,0.383125,0.0
EfficientNetB0,0.38375,0.0
EfficientNetB0,0.384375,0.0
EfficientNetB0,0.385,0.0
EfficientNetB0,0.385625,0.0
EfficientNetB0,0.38625,0.0
EfficientNetB0,0.386875,0.0
EfficientNetB0,0.3875,0.0
EfficientNetB0,0.388125,0.0
EfficientNetB0,0.38875,0.0
EfficientNetB0,0.389375,0.0
EfficientNetB0,0.39,0.0
EfficientNetB0,0.390625,0.0
EfficientNetB0,0.39125,0.0
EfficientNetB0,0.391875,0.0
EfficientNetB0,0.3925,0.0
EfficientNetB0,0.393125,0.0
EfficientNetB0,0.39375,0.0
EfficientNetB0,0.394375,0.0
EfficientNetB0,0.395,0.0
EfficientNetB0,0.395625,0.0
EfficientNetB0,0.39625,0.0
EfficientNetB0,0.396875,0.0
EfficientNetB0,0.3975,0.0
EfficientNetB0,0.398125,0.0
EfficientNetB0,0.39875,0.0
EfficientNetB0,0.399375,0.0
EfficientNetB0,0.4,0.0
EfficientNetB0,0.400625,0.0
EfficientNetB0,0.40125,0.0
EfficientNetB0,0.401875,0.0
EfficientNetB0,0.4025,0.0015527950310559005
EfficientNetB0,0.403125,0.0015503875968992248
EfficientNetB0,0.40375,0.0015479876160990713
EfficientNetB0,0.404375,0.0015455950540958269
EfficientNetB0,0.405,0.0015432098765432098
EfficientNetB0,0.405625,0.0015408320493066256
EfficientNetB0,0.40625,0.0015384615384615385
EfficientNetB0,0.406875,0.0015360983102918587
EfficientNetB0,0.4075,0.0015337423312883436
EfficientNetB0,0.408125,0.0015313935681470138
EfficientNetB0,0.40875,0.0015290519877675841
EfficientNetB0,0.409375,0.0015267175572519084
EfficientNetB0,0.41,0.001524390243902439
EfficientNetB0,0.410625,0.0015220700152207
EfficientNetB0,0.41125,0.001519756838905775
EfficientNetB0,0.411875,0.0015174506828528073
EfficientNetB0,0.4125,0.0015151515151515152
EfficientNetB0,0.413125,0.0015128593040847202
EfficientNetB0,0.41375,0.0015105740181268882
EfficientNetB0,0.414375,0.0015082956259426848
EfficientNetB0,0.415,0.0015060240963855422
EfficientNetB0,0.415625,0.0015037593984962407
EfficientNetB0,0.41625,0.0015015015015015015
EfficientNetB0,0.416875,0.0014992503748125937
EfficientNetB0,0.4175,0.0014970059880239522
EfficientNetB0,0.418125,0.0014947683109118087
EfficientNetB0,0.41875,0.0014925373134328358
EfficientNetB0,0.419375,0.0014903129657228018
EfficientNetB0,0.42,0.001488095238095238
EfficientNetB0,0.420625,0.0014858841010401188
EfficientNetB0,0.42125,0.001483679525222552
EfficientNetB0,0.421875,0.0014814814814814814
EfficientNetB0,0.4225,0.0014792899408284023
EfficientNetB0,0.423125,0.0014771048744460858
EfficientNetB0,0.42375,0.0014749262536873156
EfficientNetB0,0.424375,0.0014727540500736377
EfficientNetB0,0.425,0.0014705882352941176
EfficientNetB0,0.425625,0.0014684287812041115
EfficientNetB0,0.42625,0.001466275659824047
EfficientNetB0,0.426875,0.0014641288433382138
EfficientNetB0,0.4275,0.0014619883040935672
EfficientNetB0,0.428125,0.00145985401459854
EfficientNetB0,0.42875,0.0014577259475218659
EfficientNetB0,0.429375,0.001455604075691412
EfficientNetB0,0.43,0.0014534883720930232
EfficientNetB0,0.430625,0.001451378809869376
EfficientNetB0,0.43125,0.0014492753623188406
EfficientNetB0,0.431875,0.001447178002894356
EfficientNetB0,0.4325,0.001445086705202312
EfficientNetB0,0.433125,0.001443001443001443
EfficientNetB0,0.43375,0.001440922190201729
EfficientNetB0,0.434375,0.0014388489208633094
EfficientNetB0,0.435,0.0014367816091954023
EfficientNetB0,0.435625,0.0014347202295552368
EfficientNetB0,0.43625,0.0014326647564469914
EfficientNetB0,0.436875,0.001430615164520744
EfficientNetB0,0.4375,0.0014285714285714286
EfficientNetB0,0.438125,0.0014265335235378032
EfficientNetB0,0.43875,0.0014245014245014246
EfficientNetB0,0.439375,0.001422475106685633
EfficientNetB0,0.44,0.0014204545454545455
EfficientNetB0,0.440625,0.0014184397163120568
EfficientNetB0,0.44125,0.00141643059490085
EfficientNetB0,0.441875,0.0014144271570014145
EfficientNetB0,0.4425,0.0014124293785310734
EfficientNetB0,0.443125,0.0014104372355430183
EfficientNetB0,0.44375,0.0014084507042253522
EfficientNetB0,0.444375,0.0014064697609001407
EfficientNetB0,0.445,0.0014044943820224719
EfficientNetB0,0.445625,0.001402524544179523
EfficientNetB0,0.44625,0.0014005602240896359
EfficientNetB0,0.446875,0.0013986013986013986
EfficientNetB0,0.4475,0.0013966480446927375
EfficientNetB0,0.448125,0.001394700139470014
EfficientNetB0,0.44875,0.001392757660167131
EfficientNetB0,0.449375,0.0013908205841446453
EfficientNetB0,0.45,0.001388888888888889
EfficientNetB0,0.450625,0.0013869625520110957
EfficientNetB0,0.45125,0.0013850415512465374
EfficientNetB0,0.451875,0.0013831258644536654
EfficientNetB0,0.4525,0.0013812154696132596
EfficientNetB0,0.453125,0.001379310344827586
EfficientNetB0,0.45375,0.0013774104683195593
EfficientNetB0,0.454375,0.001375515818431912
EfficientNetB0,0.455,0.0013736263736263737
EfficientNetB0,0.455625,0.0013717421124828531
EfficientNetB0,0.45625,0.0013698630136986301
EfficientNetB0,0.456875,0.0013679890560875513
EfficientNetB0,0.4575,0.001366120218579235
EfficientNetB0,0.458125,0.001364256480218281
EfficientNetB0,0.45875,0.0013623978201634877
EfficientNetB0,0.459375,0.0013605442176870747
EfficientNetB0,0.46,0.001358695652173913
EfficientNetB0,0.460625,0.0013568521031207597
EfficientNetB0,0.46125,0.0013550135501355014
EfficientNetB0,0.461875,0.0013531799729364006
EfficientNetB0,0.4625,0.0013513513513513514
EfficientNetB0,0.463125,0.001349527665317139
EfficientNetB0,0.46375,0.0013477088948787063
EfficientNetB0,0.464375,0.0013458950201884253
EfficientNetB0,0.465,0.0013440860215053765
EfficientNetB0,0.465625,0.0013422818791946308
EfficientNetB0,0.46625,0.0013404825737265416
EfficientNetB0,0.466875,0.0013386880856760374
EfficientNetB0,0.4675,0.001336898395721925
EfficientNetB0,0.468125,0.0013351134846461949
EfficientNetB0,0.46875,0.0013333333333333333
EfficientNetB0,0.469375,0.0013315579227696406
EfficientNetB0,0.47,0.0013297872340425532
EfficientNetB0,0.470625,0.0013280212483399733
EfficientNetB0,0.47125,0.001326259946949602
EfficientNetB0,0.471875,0.0013245033112582781
EfficientNetB0,0.4725,0.0013227513227513227
EfficientNetB0,0.473125,0.001321003963011889
EfficientNetB0,0.47375,0.0013192612137203166
EfficientNetB0,0.474375,0.0013175230566534915
EfficientNetB0,0.475,0.0013157894736842105
EfficientNetB0,0.475625,0.001314060446780552
EfficientNetB0,0.47625,0.0013123359580052493
EfficientNetB0,0.476875,0.002621231979030144
EfficientNetB0,0.4775,0.002617801047120419
EfficientNetB0,0.478125,0.00261437908496732
EfficientNetB0,0.47875,0.0026109660574412533
EfficientNetB0,0.479375,0.002607561929595828
EfficientNetB0,0.48,0.0026041666666666665
EfficientNetB0,0.480625,0.002600780234070221
EfficientNetB0,0.48125,0.0025974025974025974
EfficientNetB0,0.481875,0.0025940337224383916
EfficientNetB0,0.4825,0.0025906735751295338
EfficientNetB0,0.483125,0.00258732212160414
EfficientNetB0,0.48375,0.002583979328165375
EfficientNetB0,0.484375,0.0025806451612903226
EfficientNetB0,0.485,0.002577319587628866
EfficientNetB0,0.485625,0.002574002574002574
EfficientNetB0,0.48625,0.002570694087403599
EfficientNetB0,0.486875,0.0025673940949935813
EfficientNetB0,0.4875,0.002564102564102564
EfficientNetB0,0.488125,0.002560819462227913
EfficientNetB0,0.48875,0.0025575447570332483
EfficientNetB0,0.489375,0.002554278416347382
EfficientNetB0,0.49,0.002551020408163265
EfficientNetB0,0.490625,0.0025477707006369425
EfficientNetB0,0.49125,0.002544529262086514
EfficientNetB0,0.491875,0.0025412960609911056
EfficientNetB0,0.4925,0.0025380710659898475
EfficientNetB0,0.493125,0.0025348542458808617
EfficientNetB0,0.49375,0.002531645569620253
EfficientNetB0,0.494375,0.0025284450063211127
EfficientNetB0,0.495,0.0025252525252525255
EfficientNetB0,0.495625,0.0025220680958385876
EfficientNetB0,0.49625,0.0025188916876574307
EfficientNetB0,0.496875,0.0025157232704402514
EfficientNetB0,0.4975,0.002512562814070352
EfficientNetB0,0.498125,0.002509410288582183
EfficientNetB0,0.49875,0.002506265664160401
EfficientNetB0,0.499375,0.0025031289111389237
EfficientNetB0,0.5,0.0025
EfficientNetB0,0.500625,0.0024968789013732834
EfficientNetB0,0.50125,0.0024937655860349127
EfficientNetB0,0.501875,0.0024906600249066002
EfficientNetB0,0.5025,0.0024875621890547263
EfficientNetB0,0.503125,0.002484472049689441
EfficientNetB0,0.50375,0.0024813895781637717
EfficientNetB0,0.504375,0.0024783147459727386
EfficientNetB0,0.505,0.0024752475247524753
EfficientNetB0,0.505625,0.002472187886279357
EfficientNetB0,0.50625,0.0024691358024691358
EfficientNetB0,0.506875,0.002466091245376079
EfficientNetB0,0.5075,0.0024630541871921183
EfficientNetB0,0.508125,0.0024600246002460025
EfficientNetB0,0.50875,0.002457002457002457
EfficientNetB0,0.509375,0.00245398773006135
EfficientNetB0,0.51,0.0024509803921568627
EfficientNetB0,0.510625,0.0024479804161566705
EfficientNetB0,0.51125,0.0024449877750611247
EfficientNetB0,0.511875,0.002442002442002442
EfficientNetB0,0.5125,0.0024390243902439024
EfficientNetB0,0.513125,0.00243605359317905
EfficientNetB0,0.51375,0.0024330900243309003
EfficientNetB0,0.514375,0.002430133657351154
EfficientNetB0,0.515,0.0024271844660194173
EfficientNetB0,0.515625,0.0024242424242424242
EfficientNetB0,0.51625,0.002421307506053269
EfficientNetB0,0.516875,0.0024183796856106408
EfficientNetB0,0.5175,0.0024154589371980675
EfficientNetB0,0.518125,0.0024125452352231603
EfficientNetB0,0.51875,0.0024096385542168677
EfficientNetB0,0.519375,0.0024067388688327317
EfficientNetB0,0.52,0.002403846153846154
EfficientNetB0,0.520625,0.0024009603841536613
EfficientNetB0,0.52125,0.002398081534772182
EfficientNetB0,0.521875,0.0023952095808383233
EfficientNetB0,0.5225,0.0023923444976076554
EfficientNetB0,0.523125,0.0023894862604540022
EfficientNetB0,0.52375,0.002386634844868735
EfficientNetB0,0.524375,0.0023837902264600714
EfficientNetB0,0.525,0.002380952380952381
EfficientNetB0,0.525625,0.0023781212841854932
EfficientNetB0,0.52625,0.0023752969121140144
EfficientNetB0,0.526875,0.002372479240806643
EfficientNetB0,0.5275,0.002369668246445498
EfficientNetB0,0.528125,0.002366863905325444
EfficientNetB0,0.52875,0.002364066193853428
EfficientNetB0,0.529375,0.0023612750885478157
EfficientNetB0,0.53,0.0023584905660377358
EfficientNetB0,0.530625,0.002355712603062426
EfficientNetB0,0.53125,0.002352941176470588
EfficientNetB0,0.531875,0.0023501762632197414
EfficientNetB0,0.5325,0.002347417840375587
EfficientNetB0,0.533125,0.0023446658851113715
EfficientNetB0,0.53375,0.00234192037470726
EfficientNetB0,0.534375,0.0023391812865497076
EfficientNetB0,0.535,0.0035046728971962616
EfficientNetB0,0.535625,0.003500583430571762
EfficientNetB0,0.53625,0.0034965034965034965
EfficientNetB0,0.536875,0.0034924330616996507
EfficientNetB0,0.5375,0.0034883720930232558
EfficientNetB0,0.538125,0.003484320557491289
EfficientNetB0,0.53875,0.0034802784222737818
EfficientNetB0,0.539375,0.0034762456546929316
EfficientNetB0,0.54,0.003472222222222222
EfficientNetB0,0.540625,0.003468208092485549
EfficientNetB0,0.54125,0.003464203233256351
EfficientNetB0,0.541875,0.0034602076124567475
EfficientNetB0,0.5425,0.0034562211981566822
EfficientNetB0,0.543125,0.0034522439585730723
EfficientNetB0,0.54375,0.0034482758620689655
EfficientNetB0,0.544375,0.003444316877152698
EfficientNetB0,0.545,0.0034403669724770644
EfficientNetB0,0.545625,0.003436426116838488
EfficientNetB0,0.54625,0.003432494279176201
EfficientNetB0,0.546875,0.0034285714285714284
EfficientNetB0,0.5475,0.003424657534246575
EfficientNetB0,0.548125,0.0034207525655644243
EfficientNetB0,0.54875,0.003416856492027335
EfficientNetB0,0.549375,0.0034129692832764505
EfficientNetB0,0.55,0.003409090909090909
EfficientNetB0,0.550625,0.00340522133938706
EfficientNetB0,0.55125,0.003401360544217687
EfficientNetB0,0.551875,0.0033975084937712344
EfficientNetB0,0.5525,0.003393665158371041
EfficientNetB0,0.553125,0.003389830508474576
EfficientNetB0,0.55375,0.003386004514672686
EfficientNetB0,0.554375,0.0033821871476888386
EfficientNetB0,0.555,0.0033783783783783786
EfficientNetB0,0.555625,0.003374578177727784
EfficientNetB0,0.55625,0.0033707865168539327
EfficientNetB0,0.556875,0.004489337822671156
EfficientNetB0,0.5575,0.004484304932735426
EfficientNetB0,0.558125,0.004479283314669653
EfficientNetB0,0.55875,0.0044742729306487695
EfficientNetB0,0.559375,0.004469273743016759
EfficientNetB0,0.56,0.004464285714285714
EfficientNetB0,0.560625,0.004459308807134894
EfficientNetB0,0.56125,0.004454342984409799
EfficientNetB0,0.561875,0.004449388209121246
EfficientNetB0,0.5625,0.0044444444444444444
EfficientNetB0,0.563125,0.004439511653718091
EfficientNetB0,0.56375,0.004434589800443459
EfficientNetB0,0.564375,0.004429678848283499
EfficientNetB0,0.565,0.004424778761061947
EfficientNetB0,0.565625,0.004419889502762431
EfficientNetB0,0.56625,0.004415011037527594
EfficientNetB0,0.566875,0.004410143329658214
EfficientNetB0,0.5675,0.004405286343612335
EfficientNetB0,0.568125,0.0044004400440044
EfficientNetB0,0.56875,0.004395604395604396
EfficientNetB0,0.569375,0.0043907793633369925
EfficientNetB0,0.57,0.005482456140350877
EfficientNetB0,0.570625,0.0065717415115005475
EfficientNetB0,0.57125,0.007658643326039387
EfficientNetB0,0.571875,0.007650273224043716
EfficientNetB0,0.5725,0.007641921397379912
EfficientNetB0,0.573125,0.007633587786259542
EfficientNetB0,0.57375,0.007625272331154684
EfficientNetB0,0.574375,0.007616974972796518
EfficientNetB0,0.575,0.007608695652173913
EfficientNetB0,0.575625,0.00760043431053203
EfficientNetB0,0.57625,0.007592190889370932
EfficientNetB0,0.576875,0.007583965330444204
EfficientNetB0,0.5775,0.007575757575757576
EfficientNetB0,0.578125,0.0075675675675675675
EfficientNetB0,0.57875,0.00755939524838013
EfficientNetB0,0.579375,0.007551240560949299
EfficientNetB0,0.58,0.007543103448275862
EfficientNetB0,0.580625,0.007534983853606028
EfficientNetB0,0.58125,0.007526881720430108
EfficientNetB0,0.581875,0.007518796992481203
EfficientNetB0,0.5825,0.0075107296137339056
EfficientNetB0,0.583125,0.007502679528403001
EfficientNetB0,0.58375,0.007494646680942184
EfficientNetB0,0.584375,0.0074866310160427805
EfficientNetB0,0.585,0.007478632478632479
EfficientNetB0,0.585625,0.007470651013874066
EfficientNetB0,0.58625,0.007462686567164179
EfficientNetB0,0.586875,0.007454739084132056
EfficientNetB0,0.5875,0.007446808510638298
EfficientNetB0,0.588125,0.007438894792773645
EfficientNetB0,0.58875,0.0074309978768577496
EfficientNetB0,0.589375,0.007423117709437964
EfficientNetB0,0.59,0.007415254237288136
EfficientNetB0,0.590625,0.007407407407407408
EfficientNetB0,0.59125,0.007399577167019027
EfficientNetB0,0.591875,0.007391763463569166
EfficientNetB0,0.5925,0.007383966244725738
EfficientNetB0,0.593125,0.007376185458377239
EfficientNetB0,0.59375,0.007368421052631579
EfficientNetB0,0.594375,0.007360672975814932
EfficientNetB0,0.595,0.007352941176470588
EfficientNetB0,0.595625,0.007345225603357817
EfficientNetB0,0.59625,0.007337526205450734
EfficientNetB0,0.596875,0.007329842931937173
EfficientNetB0,0.5975,0.007322175732217573
EfficientNetB0,0.598125,0.0073145245559038665
EfficientNetB0,0.59875,0.007306889352818371
EfficientNetB0,0.599375,0.0072992700729927005
EfficientNetB0,0.6,0.007291666666666667
EfficientNetB0,0.600625,0.007284079084287201
EfficientNetB0,0.60125,0.007276507276507277
EfficientNetB0,0.601875,0.007268951194184839
EfficientNetB0,0.6025,0.007261410788381743
EfficientNetB0,0.603125,0.007253886010362694
EfficientNetB0,0.60375,0.007246376811594203
EfficientNetB0,0.604375,0.007238883143743537
EfficientNetB0,0.605,0.007231404958677686
EfficientNetB0,0.605625,0.007223942208462332
EfficientNetB0,0.60625,0.007216494845360825
EfficientNetB0,0.606875,0.007209062821833162
EfficientNetB0,0.6075,0.00720164609053498
EfficientNetB0,0.608125,0.007194244604316547
EfficientNetB0,0.60875,0.007186858316221766
EfficientNetB0,0.609375,0.0071794871794871795
EfficientNetB0,0.61,0.007172131147540984
EfficientNetB0,0.610625,0.007164790174002047
EfficientNetB0,0.61125,0.007157464212678937
EfficientNetB0,0.611875,0.007150153217568948
EfficientNetB0,0.6125,0.007142857142857143
EfficientNetB0,0.613125,0.007135575942915392
EfficientNetB0,0.61375,0.007128309572301426
EfficientNetB0,0.614375,0.007121057985757884
EfficientNetB0,0.615,0.008130081300813009
EfficientNetB0,0.615625,0.008121827411167513
EfficientNetB0,0.61625,0.009127789046653144
EfficientNetB0,0.616875,0.00911854103343465
EfficientNetB0,0.6175,0.009109311740890687
EfficientNetB0,0.618125,0.00910010111223458
EfficientNetB0,0.61875,0.00909090909090909
EfficientNetB0,0.619375,0.009081735620585268
EfficientNetB0,0.62,0.009072580645161291
EfficientNetB0,0.620625,0.00906344410876133
EfficientNetB0,0.62125,0.01006036217303823
EfficientNetB0,0.621875,0.010050251256281407
EfficientNetB0,0.6225,0.010040160642570281
EfficientNetB0,0.623125,0.010030090270812437
EfficientNetB0,0.62375,0.01002004008016032
EfficientNetB0,0.624375,0.01001001001001001
EfficientNetB0,0.625,0.01
EfficientNetB0,0.625625,0.00999000999000999
EfficientNetB0,0.62625,0.00998003992015968
EfficientNetB0,0.626875,0.009970089730807577
EfficientNetB0,0.6275,0.0099601593625498
EfficientNetB0,0.628125,0.009950248756218905
EfficientNetB0,0.62875,0.009940357852882704
EfficientNetB0,0.629375,0.009930486593843098
EfficientNetB0,0.63,0.00992063492063492
EfficientNetB0,0.630625,0.009910802775024777
EfficientNetB0,0.63125,0.009900990099009901
EfficientNetB0,0.631875,0.009891196834817012
EfficientNetB0,0.6325,0.009881422924901186
EfficientNetB0,0.633125,0.009871668311944718
EfficientNetB0,0.63375,0.009861932938856016
EfficientNetB0,0.634375,0.009852216748768473
EfficientNetB0,0.635,0.00984251968503937
EfficientNetB0,0.635625,0.00983284169124877
EfficientNetB0,0.63625,0.009823182711198428
EfficientNetB0,0.636875,0.009813542688910697
EfficientNetB0,0.6375,0.00980392156862745
EfficientNetB0,0.638125,0.009794319294809012
EfficientNetB0,0.63875,0.009784735812133072
EfficientNetB0,0.639375,0.009775171065493646
EfficientNetB0,0.64,0.009765625
EfficientNetB0,0.640625,0.00975609756097561
EfficientNetB0,0.64125,0.009746588693957114
EfficientNetB0,0.641875,0.009737098344693282
EfficientNetB0,0.6425,0.009727626459143969
EfficientNetB0,0.643125,0.009718172983479106
EfficientNetB0,0.64375,0.009708737864077669
EfficientNetB0,0.644375,0.009699321047526674
EfficientNetB0,0.645,0.009689922480620155
EfficientNetB0,0.645625,0.00968054211035818
EfficientNetB0,0.64625,0.009671179883945842
EfficientNetB0,0.646875,0.00966183574879227
EfficientNetB0,0.6475,0.009652509652509652
EfficientNetB0,0.648125,0.009643201542912247
EfficientNetB0,0.64875,0.009633911368015413
EfficientNetB0,0.649375,0.009624639076034648
EfficientNetB0,0.65,0.009615384615384616
EfficientNetB0,0.650625,0.009606147934678195
EfficientNetB0,0.65125,0.009596928982725527
EfficientNetB0,0.651875,0.009587727708533078
EfficientNetB0,0.6525,0.009578544061302681
EfficientNetB0,0.653125,0.009569377990430622
EfficientNetB0,0.65375,0.009560229445506692
EfficientNetB0,0.654375,0.009551098376313277
EfficientNetB0,0.655,0.009541984732824428
EfficientNetB0,0.655625,0.009532888465204958
EfficientNetB0,0.65625,0.009523809523809525
EfficientNetB0,0.656875,0.009514747859181731
EfficientNetB0,0.6575,0.009505703422053232
EfficientNetB0,0.658125,0.00949667616334283
EfficientNetB0,0.65875,0.009487666034155597
EfficientNetB0,0.659375,0.009478672985781991
EfficientNetB0,0.66,0.00946969696969697
EfficientNetB0,0.660625,0.00946073793755913
EfficientNetB0,0.66125,0.010396975425330813
EfficientNetB0,0.661875,0.010387157695939566
EfficientNetB0,0.6625,0.010377358490566037
EfficientNetB0,0.663125,0.010367577756833177
EfficientNetB0,0.66375,0.010357815442561206
EfficientNetB0,0.664375,0.010348071495766699
EfficientNetB0,0.665,0.010338345864661654
EfficientNetB0,0.665625,0.010328638497652582
EfficientNetB0,0.66625,0.010318949343339587
EfficientNetB0,0.666875,0.010309278350515464
EfficientNetB0,0.6675,0.010299625468164793
EfficientNetB0,0.668125,0.01028999064546305
EfficientNetB0,0.66875,0.011214953271028037
EfficientNetB0,0.669375,0.012138188608776844
EfficientNetB0,0.67,0.012126865671641791
EfficientNetB0,0.670625,0.0130475302889096
EfficientNetB0,0.67125,0.01303538175046555
EfficientNetB0,0.671875,0.013953488372093023
EfficientNetB0,0.6725,0.013940520446096654
EfficientNetB0,0.673125,0.013927576601671309
EfficientNetB0,0.67375,0.013914656771799629
EfficientNetB0,0.674375,0.013901760889712697
EfficientNetB0,0.675,0.013888888888888888
EfficientNetB0,0.675625,0.013876040703052728
EfficientNetB0,0.67625,0.013863216266173753
EfficientNetB0,0.676875,0.013850415512465374
EfficientNetB0,0.6775,0.013837638376383764
EfficientNetB0,0.678125,0.013824884792626729
EfficientNetB0,0.67875,0.014732965009208104
EfficientNetB0,0.679375,0.015639374425023
EfficientNetB0,0.68,0.015625
EfficientNetB0,0.680625,0.015610651974288337
EfficientNetB0,0.68125,0.015596330275229359
EfficientNetB0,0.681875,0.015582034830430797
EfficientNetB0,0.6825,0.015567765567765568
EfficientNetB0,0.683125,0.01555352241537054
EfficientNetB0,0.68375,0.015539305301645339
EfficientNetB0,0.684375,0.015525114155251141
EfficientNetB0,0.685,0.01551094890510949
EfficientNetB0,0.685625,0.015496809480401094
EfficientNetB0,0.68625,0.015482695810564663
EfficientNetB0,0.686875,0.015468607825295723
EfficientNetB0,0.6875,0.015454545454545455
EfficientNetB0,0.688125,0.015440508628519528
EfficientNetB0,0.68875,0.015426497277676952
EfficientNetB0,0.689375,0.016319129646418858
EfficientNetB0,0.69,0.016304347826086956
EfficientNetB0,0.690625,0.016289592760180997
EfficientNetB0,0.69125,0.017179023508137433
EfficientNetB0,0.691875,0.017163504968383016
EfficientNetB0,0.6925,0.017148014440433214
EfficientNetB0,0.693125,0.017132551848512173
EfficientNetB0,0.69375,0.017117117117117116
EfficientNetB0,0.694375,0.017101710171017102
EfficientNetB0,0.695,0.0170863309352518
EfficientNetB0,0.695625,0.017070979335130278
EfficientNetB0,0.69625,0.017953321364452424
EfficientNetB0,0.696875,0.017937219730941704
EfficientNetB0,0.6975,0.017921146953405017
EfficientNetB0,0.698125,0.017905102954341987
EfficientNetB0,0.69875,0.017889087656529516
EfficientNetB0,0.699375,0.017873100983020553
EfficientNetB0,0.7,0.017857142857142856
EfficientNetB0,0.700625,0.01784121320249777
EfficientNetB0,0.70125,0.017825311942959002
EfficientNetB0,0.701875,0.017809439002671415
EfficientNetB0,0.7025,0.017793594306049824
EfficientNetB0,0.703125,0.017777777777777778
EfficientNetB0,0.70375,0.017761989342806393
EfficientNetB0,0.704375,0.018633540372670808
EfficientNetB0,0.705,0.018617021276595744
EfficientNetB0,0.705625,0.018600531443755536
EfficientNetB0,0.70625,0.018584070796460177
EfficientNetB0,0.706875,0.01856763925729443
EfficientNetB0,0.7075,0.018551236749116608
EfficientNetB0,0.708125,0.018534863195057368
EfficientNetB0,0.70875,0.018518518518518517
EfficientNetB0,0.709375,0.018502202643171806
EfficientNetB0,0.71,0.018485915492957746
EfficientNetB0,0.710625,0.018469656992084433
EfficientNetB0,0.71125,0.01845342706502636
EfficientNetB0,0.711875,0.018437225636523266
EfficientNetB0,0.7125,0.018421052631578946
EfficientNetB0,0.713125,0.018404907975460124
EfficientNetB0,0.71375,0.01838879159369527
EfficientNetB0,0.714375,0.019247594050743656
EfficientNetB0,0.715,0.019230769230769232
EfficientNetB0,0.715625,0.020087336244541485
EfficientNetB0,0.71625,0.020942408376963352
EfficientNetB0,0.716875,0.020924149956408022
EfficientNetB0,0.7175,0.020905923344947737
EfficientNetB0,0.718125,0.020887728459530026
EfficientNetB0,0.71875,0.020869565217391306
EfficientNetB0,0.719375,0.020851433536055605
EfficientNetB0,0.72,0.020833333333333332
EfficientNetB0,0.720625,0.020815264527320035
EfficientNetB0,0.72125,0.02079722703639515
EfficientNetB0,0.721875,0.02077922077922078
EfficientNetB0,0.7225,0.020761245674740483
EfficientNetB0,0.723125,0.020743301642178046
EfficientNetB0,0.72375,0.02158894645941278
EfficientNetB0,0.724375,0.021570319240724764
EfficientNetB0,0.725,0.021551724137931036
EfficientNetB0,0.725625,0.02153316106804479
EfficientNetB0,0.72625,0.021514629948364887
EfficientNetB0,0.726875,0.021496130696474634
EfficientNetB0,0.7275,0.02147766323024055
EfficientNetB0,0.728125,0.02145922746781116
EfficientNetB0,0.72875,0.02144082332761578
EfficientNetB0,0.729375,0.021422450728363324
EfficientNetB0,0.73,0.021404109589041095
EfficientNetB0,0.730625,0.0213857998289136
EfficientNetB0,0.73125,0.021367521367521368
EfficientNetB0,0.731875,0.02134927412467976
EfficientNetB0,0.7325,0.02218430034129693
EfficientNetB0,0.733125,0.02216538789428815
EfficientNetB0,0.73375,0.022146507666098807
EfficientNetB0,0.734375,0.022127659574468085
EfficientNetB0,0.735,0.02295918367346939
EfficientNetB0,0.735625,0.0237892948173322
EfficientNetB0,0.73625,0.02461799660441426
EfficientNetB0,0.736875,0.02544529262086514
EfficientNetB0,0.7375,0.025423728813559324
EfficientNetB0,0.738125,0.02540220152413209
EfficientNetB0,0.73875,0.025380710659898477
EfficientNetB0,0.739375,0.0253592561284869
EfficientNetB0,0.74,0.02533783783783784
EfficientNetB0,0.740625,0.02531645569620253
EfficientNetB0,0.74125,0.025295109612141653
EfficientNetB0,0.741875,0.02611625947767481
EfficientNetB0,0.7425,0.026094276094276093
EfficientNetB0,0.743125,0.02607232968881413
EfficientNetB0,0.74375,0.026050420168067228
EfficientNetB0,0.744375,0.026028547439126783
EfficientNetB0,0.745,0.026006711409395974
EfficientNetB0,0.745625,0.025984911986588432
EfficientNetB0,0.74625,0.025963149078726967
EfficientNetB0,0.746875,0.02594142259414226
EfficientNetB0,0.7475,0.025919732441471572
EfficientNetB0,0.748125,0.025898078529657476
EfficientNetB0,0.74875,0.02587646076794658
EfficientNetB0,0.749375,0.02585487906588824
EfficientNetB0,0.75,0.025833333333333333
EfficientNetB0,0.750625,0.025811823480432972
EfficientNetB0,0.75125,0.025790349417637273
EfficientNetB0,0.751875,0.025768911055694097
EfficientNetB0,0.7525,0.02574750830564784
EfficientNetB0,0.753125,0.025726141078838173
EfficientNetB0,0.75375,0.02570480928689884
EfficientNetB0,0.754375,0.02568351284175642
EfficientNetB0,0.755,0.02566225165562914
EfficientNetB0,0.755625,0.02564102564102564
EfficientNetB0,0.75625,0.0256198347107438
EfficientNetB0,0.756875,0.02559867877786953
EfficientNetB0,0.7575,0.02557755775577558
EfficientNetB0,0.758125,0.025556471558120363
EfficientNetB0,0.75875,0.025535420098846788
EfficientNetB0,0.759375,0.02633744855967078
EfficientNetB0,0.76,0.02631578947368421
EfficientNetB0,0.760625,0.02629416598192276
EfficientNetB0,0.76125,0.027093596059113302
EfficientNetB0,0.761875,0.02789171452009844
EfficientNetB0,0.7625,0.027868852459016394
EfficientNetB0,0.763125,0.027846027846027847
EfficientNetB0,0.76375,0.028641571194762683
EfficientNetB0,0.764375,0.028618152085036794
EfficientNetB0,0.765,0.028594771241830064
EfficientNetB0,0.765625,0.02857142857142857
EfficientNetB0,0.76625,0.028548123980424143
EfficientNetB0,0.766875,0.029339853300733496
EfficientNetB0,0.7675,0.029315960912052116
EfficientNetB0,0.768125,0.029292107404393815
EfficientNetB0,0.76875,0.03008130081300813
EfficientNetB0,0.769375,0.030056864337936636
EfficientNetB0,0.77,0.030844155844155844
EfficientNetB0,0.770625,0.030819140308191405
EfficientNetB0,0.77125,0.03079416531604538
EfficientNetB0,0.771875,0.03076923076923077
EfficientNetB0,0.7725,0.030744336569579287
EfficientNetB0,0.773125,0.030719482619240096
EfficientNetB0,0.77375,0.030694668820678513
EfficientNetB0,0.774375,0.03066989507667474
EfficientNetB0,0.775,0.03064516129032258
EfficientNetB0,0.775625,0.030620467365028204
EfficientNetB0,0.77625,0.03140096618357488
EfficientNetB0,0.776875,0.031375703942075624
EfficientNetB0,0.7775,0.03135048231511254
EfficientNetB0,0.778125,0.03132530120481928
EfficientNetB0,0.77875,0.03130016051364366
EfficientNetB0,0.779375,0.03127506014434643
EfficientNetB0,0.78,0.03125
EfficientNetB0,0.780625,0.03122497998398719
EfficientNetB0,0.78125,0.0312
EfficientNetB0,0.781875,0.03117505995203837
EfficientNetB0,0.7825,0.031150159744408944
EfficientNetB0,0.783125,0.03192338387869114
EfficientNetB0,0.78375,0.03189792663476874
EfficientNetB0,0.784375,0.03187250996015936
EfficientNetB0,0.785,0.03184713375796178
EfficientNetB0,0.785625,0.031821797931583136
EfficientNetB0,0.78625,0.03259141494435612
EfficientNetB0,0.786875,0.03256552819698173
EfficientNetB0,0.7875,0.03253968253968254
EfficientNetB0,0.788125,0.03330689928628073
EfficientNetB0,0.78875,0.03328050713153724
EfficientNetB0,0.789375,0.0332541567695962
EfficientNetB0,0.79,0.03401898734177215
EfficientNetB0,0.790625,0.034782608695652174
EfficientNetB0,0.79125,0.03475513428120063
EfficientNetB0,0.791875,0.035516969218626675
EfficientNetB0,0.7925,0.03548895899053628
EfficientNetB0,0.793125,0.036249014972419225
EfficientNetB0,0.79375,0.03622047244094488
EfficientNetB0,0.794375,0.03619197482297404
EfficientNetB0,0.795,0.036163522012578615
EfficientNetB0,0.795625,0.03613511390416339
EfficientNetB0,0.79625,0.03610675039246468
EfficientNetB0,0.796875,0.03607843137254902
EfficientNetB0,0.7975,0.03605015673981191
EfficientNetB0,0.798125,0.03680501174628034
EfficientNetB0,0.79875,0.036776212832550864
EfficientNetB0,0.799375,0.03674745895230649
EfficientNetB0,0.8,0.03671875
EfficientNetB0,0.800625,0.03669008587041374
EfficientNetB0,0.80125,0.036661466458658344
EfficientNetB0,0.801875,0.036632891660171474
EfficientNetB0,0.8025,0.037383177570093455
EfficientNetB0,0.803125,0.03735408560311284
EfficientNetB0,0.80375,0.038102643856920686
EfficientNetB0,0.804375,0.03807303807303807
EfficientNetB0,0.805,0.03804347826086957
EfficientNetB0,0.805625,0.03801396431342126
EfficientNetB0,0.80625,0.03798449612403101
EfficientNetB0,0.806875,0.037955073586367155
EfficientNetB0,0.8075,0.03869969040247678
EfficientNetB0,0.808125,0.038669760247486466
EfficientNetB0,0.80875,0.03863987635239567
EfficientNetB0,0.809375,0.03861003861003861
EfficientNetB0,0.81,0.038580246913580245
EfficientNetB0,0.810625,0.03855050115651504
EfficientNetB0,0.81125,0.03852080123266564
EfficientNetB0,0.811875,0.03926096997690531
EfficientNetB0,0.8125,0.04
EfficientNetB0,0.813125,0.03996925441967717
EfficientNetB0,0.81375,0.039938556067588324
EfficientNetB0,0.814375,0.039907904834996163
EfficientNetB0,0.815,0.03987730061349693
EfficientNetB0,0.815625,0.03984674329501916
EfficientNetB0,0.81625,0.04058192955589587
EfficientNetB0,0.816875,0.04055087987758225
EfficientNetB0,0.8175,0.040519877675840976
EfficientNetB0,0.818125,0.04048892284186402
EfficientNetB0,0.81875,0.04045801526717557
EfficientNetB0,0.819375,0.04042715484363082
EfficientNetB0,0.82,0.041158536585365856
EfficientNetB0,0.820625,0.04112718964204113
EfficientNetB0,0.82125,0.0410958904109589
EfficientNetB0,0.821875,0.04106463878326996
EfficientNetB0,0.8225,0.041033434650455926
EfficientNetB0,0.823125,0.04100227790432802
EfficientNetB0,0.82375,0.0409711684370258
EfficientNetB0,0.824375,0.04169825625473844
EfficientNetB0,0.825,0.041666666666666664
EfficientNetB0,0.825625,0.041635124905374715
EfficientNetB0,0.82625,0.0416036308623298
EfficientNetB0,0.826875,0.04157218442932729
EfficientNetB0,0.8275,0.04154078549848943
EfficientNetB0,0.828125,0.04150943396226415
EfficientNetB0,0.82875,0.04147812971342383
EfficientNetB0,0.829375,0.04220045214770158
EfficientNetB0,0.83,0.04216867469879518
EfficientNetB0,0.830625,0.042136945071482315
EfficientNetB0,0.83125,0.042105263157894736
EfficientNetB0,0.831875,0.04282494365138993
EfficientNetB0,0.8325,0.04279279279279279
EfficientNetB0,0.833125,0.04276069017254314
EfficientNetB0,0.83375,0.04272863568215892
EfficientNetB0,0.834375,0.04269662921348315
EfficientNetB0,0.835,0.04266467065868264
EfficientNetB0,0.835625,0.04263275991024682
EfficientNetB0,0.83625,0.042600896860986545
EfficientNetB0,0.836875,0.04256908140403286
EfficientNetB0,0.8375,0.04328358208955224
EfficientNetB0,0.838125,0.04399701715137957
EfficientNetB0,0.83875,0.044709388971684055
EfficientNetB0,0.839375,0.045420699925539834
EfficientNetB0,0.84,0.04538690476190476
EfficientNetB0,0.840625,0.04535315985130112
EfficientNetB0,0.84125,0.045319465081723624
EfficientNetB0,0.841875,0.04528582034149963
EfficientNetB0,0.8425,0.045252225519287835
EfficientNetB0,0.843125,0.04595997034840623
EfficientNetB0,0.84375,0.04666666666666667
EfficientNetB0,0.844375,0.046632124352331605
EfficientNetB0,0.845,0.04659763313609468
EfficientNetB0,0.845625,0.04656319290465632
EfficientNetB0,0.84625,0.0465288035450517
EfficientNetB0,0.846875,0.04649446494464945
EfficientNetB0,0.8475,0.046460176991150445
EfficientNetB0,0.848125,0.04642593957258659
EfficientNetB0,0.84875,0.04639175257731959
EfficientNetB0,0.849375,0.046357615894039736
EfficientNetB0,0.85,0.04632352941176471
EfficientNetB0,0.850625,0.0470242468772961
EfficientNetB0,0.85125,0.04772393538913363
EfficientNetB0,0.851875,0.04842259721203228
EfficientNetB0,0.8525,0.04838709677419355
EfficientNetB0,0.853125,0.04908424908424908
EfficientNetB0,0.85375,0.04904831625183016
EfficientNetB0,0.854375,0.04901243599122165
EfficientNetB0,0.855,0.049707602339181284
EfficientNetB0,0.855625,0.04967129291453616
EfficientNetB0,0.85625,0.049635036496350364
EfficientNetB0,0.856875,0.049598832968636035
EfficientNetB0,0.8575,0.04956268221574344
EfficientNetB0,0.858125,0.049526584122359794
EfficientNetB0,0.85875,0.049490538573508006
EfficientNetB0,0.859375,0.04945454545454545
EfficientNetB0,0.86,0.04941860465116279
EfficientNetB0,0.860625,0.04938271604938271
EfficientNetB0,0.86125,0.04934687953555878
EfficientNetB0,0.861875,0.049311094996374184
EfficientNetB0,0.8625,0.05
EfficientNetB0,0.863125,0.0499637943519189
EfficientNetB0,0.86375,0.05065123010130246
EfficientNetB0,0.864375,0.05061460592913955
EfficientNetB0,0.865,0.05057803468208093
EfficientNetB0,0.865625,0.05054151624548736
EfficientNetB0,0.86625,0.051226551226551224
EfficientNetB0,0.866875,0.05118961788031723
EfficientNetB0,0.8675,0.05187319884726225
EfficientNetB0,0.868125,0.05255579553635709
EfficientNetB0,0.86875,0.05251798561151079
EfficientNetB0,0.869375,0.052480230050323505
EfficientNetB0,0.87,0.05244252873563218
EfficientNetB0,0.870625,0.0524048815506102
EfficientNetB0,0.87125,0.05236728837876614
EfficientNetB0,0.871875,0.05304659498207885
EfficientNetB0,0.8725,0.053724928366762174
EfficientNetB0,0.873125,0.05440229062276306
EfficientNetB0,0.87375,0.05436337625178827
EfficientNetB0,0.874375,0.054324517512508934
EfficientNetB0,0.875,0.054285714285714284
EfficientNetB0,0.875625,0.05424696645253391
EfficientNetB0,0.87625,0.05420827389443652
EfficientNetB0,0.876875,0.0548823948681397
EfficientNetB0,0.8775,0.05555555555555555
EfficientNetB0,0.878125,0.05551601423487545
EfficientNetB0,0.87875,0.0561877667140825
EfficientNetB0,0.879375,0.05614783226723525
EfficientNetB0,0.88,0.056107954545454544
EfficientNetB0,0.880625,0.05677785663591199
EfficientNetB0,0.88125,0.05673758865248227
EfficientNetB0,0.881875,0.05669737774627923
EfficientNetB0,0.8825,0.056657223796033995
EfficientNetB0,0.883125,0.056617126680820945
EfficientNetB0,0.88375,0.056577086280056574
EfficientNetB0,0.884375,0.05653710247349823
EfficientNetB0,0.885,0.057203389830508475
EfficientNetB0,0.885625,0.05716302046577276
EfficientNetB0,0.88625,0.05782792665726375
EfficientNetB0,0.886875,0.057787174066243834
EfficientNetB0,0.8875,0.057746478873239436
EfficientNetB0,0.888125,0.057705840957072485
EfficientNetB0,0.88875,0.057665260196905765
EfficientNetB0,0.889375,0.05762473647224174
EfficientNetB0,0.89,0.05758426966292135
EfficientNetB0,0.890625,0.05754385964912281
EfficientNetB0,0.89125,0.05750350631136045
EfficientNetB0,0.891875,0.05746320953048353
EfficientNetB0,0.8925,0.05742296918767507
EfficientNetB0,0.893125,0.05808257522743177
EfficientNetB0,0.89375,0.05804195804195804
EfficientNetB0,0.894375,0.058001397624039136
EfficientNetB0,0.895,0.057960893854748605
EfficientNetB0,0.895625,0.05861828332170272
EfficientNetB0,0.89625,0.059274755927475595
EfficientNetB0,0.896875,0.059233449477351915
EfficientNetB0,0.8975,0.059192200557103065
EfficientNetB0,0.898125,0.05915100904662491
EfficientNetB0,0.89875,0.05910987482614743
EfficientNetB0,0.899375,0.05906879777623349
EfficientNetB0,0.9,0.059027777777777776
EfficientNetB0,0.900625,0.05898681471200555
EfficientNetB0,0.90125,0.05894590846047157
EfficientNetB0,0.901875,0.058905058905058906
EfficientNetB0,0.9025,0.05886426592797784
EfficientNetB0,0.903125,0.058823529411764705
EfficientNetB0,0.90375,0.059474412171507604
EfficientNetB0,0.904375,0.05943331029716655
EfficientNetB0,0.905,0.060082872928176795
EfficientNetB0,0.905625,0.060041407867494824
EfficientNetB0,0.90625,0.06
EfficientNetB0,0.906875,0.05995864920744314
EfficientNetB0,0.9075,0.05991735537190083
EfficientNetB0,0.908125,0.05987611837577426
EfficientNetB0,0.90875,0.06052269601100413
EfficientNetB0,0.909375,0.061168384879725084
EfficientNetB0,0.91,0.061126373626373624
EfficientNetB0,0.910625,0.06108442004118051
EfficientNetB0,0.91125,0.061042524005486966
EfficientNetB0,0.911875,0.06100068540095956
EfficientNetB0,0.9125,0.06164383561643835
EfficientNetB0,0.913125,0.06228610540725531
EfficientNetB0,0.91375,0.06224350205198358
EfficientNetB0,0.914375,0.06288448393711552
EfficientNetB0,0.915,0.06352459016393443
EfficientNetB0,0.915625,0.06348122866894199
EfficientNetB0,0.91625,0.06343792633015007
EfficientNetB0,0.916875,0.06339468302658487
EfficientNetB0,0.9175,0.06403269754768393
EfficientNetB0,0.918125,0.06398910823689585
EfficientNetB0,0.91875,0.06394557823129252
EfficientNetB0,0.919375,0.06458191706322229
EfficientNetB0,0.92,0.06521739130434782
EfficientNetB0,0.920625,0.06517311608961303
EfficientNetB0,0.92125,0.06512890094979647
EfficientNetB0,0.921875,0.06508474576271187
EfficientNetB0,0.9225,0.06571815718157181
EfficientNetB0,0.923125,0.06567366283006093
EfficientNetB0,0.92375,0.06630581867388363
EfficientNetB0,0.924375,0.06626098715348208
EfficientNetB0,0.925,0.06621621621621622
EfficientNetB0,0.925625,0.06684672518568535
EfficientNetB0,0.92625,0.06747638326585695
EfficientNetB0,0.926875,0.06810519217801753
EfficientNetB0,0.9275,0.06805929919137467
EfficientNetB0,0.928125,0.06801346801346801
EfficientNetB0,0.92875,0.06796769851951548
EfficientNetB0,0.929375,0.06792199058507062
EfficientNetB0,0.93,0.0678763440860215
EfficientNetB0,0.930625,0.06783075889858965
EfficientNetB0,0.93125,0.06778523489932886
EfficientNetB0,0.931875,0.06841046277665996
EfficientNetB0,0.9325,0.0690348525469169
EfficientNetB0,0.933125,0.06965840589417281
EfficientNetB0,0.93375,0.07028112449799197
EfficientNetB0,0.934375,0.07023411371237458
EfficientNetB0,0.935,0.07018716577540107
EfficientNetB0,0.935625,0.07080828323313293
EfficientNetB0,0.93625,0.07142857142857142
EfficientNetB0,0.936875,0.07204803202134756
EfficientNetB0,0.9375,0.072
EfficientNetB0,0.938125,0.07195203197868089
EfficientNetB0,0.93875,0.07190412782956059
EfficientNetB0,0.939375,0.07252162341982701
EfficientNetB0,0.94,0.07313829787234043
EfficientNetB0,0.940625,0.07308970099667775
EfficientNetB0,0.94125,0.07304116865869854
EfficientNetB0,0.941875,0.072992700729927
EfficientNetB0,0.9425,0.07360742705570292
EfficientNetB0,0.943125,0.073558648111332
EfficientNetB0,0.94375,0.07417218543046358
EfficientNetB0,0.944375,0.07478491065519524
EfficientNetB0,0.945,0.07473544973544974
EfficientNetB0,0.945625,0.07468605419695969
EfficientNetB0,0.94625,0.07529722589167767
EfficientNetB0,0.946875,0.07590759075907591
EfficientNetB0,0.9475,0.0758575197889182
EfficientNetB0,0.948125,0.07646671061305207
EfficientNetB0,0.94875,0.07707509881422925
EfficientNetB0,0.949375,0.07768268597761685
EfficientNetB0,0.95,0.07828947368421052
EfficientNetB0,0.950625,0.07889546351084813
EfficientNetB0,0.95125,0.07884362680683311
EfficientNetB0,0.951875,0.07879185817465528
EfficientNetB0,0.9525,0.07874015748031496
EfficientNetB0,0.953125,0.07868852459016394
EfficientNetB0,0.95375,0.07863695937090433
EfficientNetB0,0.954375,0.07858546168958742
EfficientNetB0,0.955,0.07853403141361257
EfficientNetB0,0.955625,0.07913669064748201
EfficientNetB0,0.95625,0.07908496732026143
EfficientNetB0,0.956875,0.0790333115610712
EfficientNetB0,0.9575,0.07963446475195822
EfficientNetB0,0.958125,0.08023483365949119
EfficientNetB0,0.95875,0.08018252933507171
EfficientNetB0,0.959375,0.08013029315960912
EfficientNetB0,0.96,0.080078125
EfficientNetB0,0.960625,0.08002602472348731
EfficientNetB0,0.96125,0.0799739921976593
EfficientNetB0,0.961875,0.07992202729044834
EfficientNetB0,0.9625,0.07987012987012987
EfficientNetB0,0.963125,0.08046722907203115
EfficientNetB0,0.96375,0.08041504539559015
EfficientNetB0,0.964375,0.08036292935839275
EfficientNetB0,0.965,0.08095854922279792
EfficientNetB0,0.965625,0.08090614886731391
EfficientNetB0,0.96625,0.0815006468305304
EfficientNetB0,0.966875,0.08144796380090498
EfficientNetB0,0.9675,0.08204134366925064
EfficientNetB0,0.968125,0.08198837959974177
EfficientNetB0,0.96875,0.08258064516129032
EfficientNetB0,0.969375,0.08317214700193423
EfficientNetB0,0.97,0.08311855670103092
EfficientNetB0,0.970625,0.08370895041854476
EfficientNetB0,0.97125,0.08429858429858429
EfficientNetB0,0.971875,0.08488745980707396
EfficientNetB0,0.9725,0.08547557840616966
EfficientNetB0,0.973125,0.08606294155427104
EfficientNetB0,0.97375,0.08600770218228498
EfficientNetB0,0.974375,0.08595253367543297
EfficientNetB0,0.975,0.0858974358974359
EfficientNetB0,0.975625,0.08648302370275464
EfficientNetB0,0.97625,0.08642765685019206
EfficientNetB0,0.976875,0.08701215611004479
EfficientNetB0,0.9775,0.08759590792838874
EfficientNetB0,0.978125,0.08753993610223643
EfficientNetB0,0.97875,0.08812260536398467
EfficientNetB0,0.979375,0.08870453095086152
EfficientNetB0,0.98,0.08928571428571429
EfficientNetB0,0.980625,0.08922880815806246
EfficientNetB0,0.98125,0.08917197452229299
EfficientNetB0,0.981875,0.08975175047740293
EfficientNetB0,0.9825,0.08969465648854962
EfficientNetB0,0.983125,0.09027336300063572
EfficientNetB0,0.98375,0.09021601016518424
EfficientNetB0,0.984375,0.09079365079365079
EfficientNetB0,0.985,0.09073604060913705
EfficientNetB0,0.985625,0.09131261889663919
EfficientNetB0,0.98625,0.09125475285171103
EfficientNetB0,0.986875,0.09183027232425586
EfficientNetB0,0.9875,0.09177215189873418
EfficientNetB0,0.988125,0.09171410499683745
EfficientNetB0,0.98875,0.09165613147914033
EfficientNetB0,0.989375,0.09222994314592546
EfficientNetB0,0.99,0.0928030303030303
EfficientNetB0,0.990625,0.09337539432176656
EfficientNetB0,0.99125,0.09331651954602774
EfficientNetB0,0.991875,0.09388783868935098
EfficientNetB0,0.9925,0.09445843828715365
EfficientNetB0,0.993125,0.09439899307740718
EfficientNetB0,0.99375,0.0949685534591195
EfficientNetB0,0.994375,0.09490886235072282
EfficientNetB0,0.995,0.09547738693467336
EfficientNetB0,0.995625,0.09541745134965474
EfficientNetB0,0.99625,0.0959849435382685
EfficientNetB0,0.996875,0.09655172413793103
EfficientNetB0,0.9975,0.09649122807017543
EfficientNetB0,0.998125,0.09705698184095178
EfficientNetB0,0.99875,0.09762202753441802
EfficientNetB0,0.999375,0.09818636647904941
EfficientNetB0,1.0,0.09875
